tree
version=v4
num_class=1
num_tree_per_iteration=1
label_index=0
max_feature_idx=8
objective=binary sigmoid:1
feature_names=tire_age age_vs_typical race_frac laps_left position stint comp_soft comp_medium comp_hard
feature_infos=[1:78] [-22:58] [0.01282051282051282:1] [0:77] [1:20] [1:7] [0:1] [0:1] [0:1]
tree_sizes=1674 1725 1737 1729 1732 1728 1727 1718 1734 1726 1745 1736 1742 1744 1740 1734 1751 1747 1715 1740 1746 1726 1735 1749 1740 1739 1740 1751 1730 1753 1747 1738 1732 1739 1743 1743 1760 1730 1748 1747 1731 1739 1730 1745 1735 1738 1734 1746 1751 1740 1742 1744 1753 1745 1753 1736 1744 1739 1739 1746 1736 1733 1713 1751 1754 1754 1735 1751 1743 1727 1756 1756 1729 1730 1744 1764 1710 1752 1741 1737 1746 1754 1724 1723 1758 1717 1751 1728 1742 1727 1712 1719 1757 1746 1737 1736 1728 1731 1726 1730 1747 1733 1731 1730 1726 1728 1721 1729 1761 1758 1729 1731 1728 1726 1737 1716 1745 1740 1749 1727 1746 1728 1739 1758 1719 1742 1755 1735 1729 1715 1725 1755 1720 1748 1715 1744 1746 1770 1734 1743 1743 1738 1744 1719 1743 1737 1728 1714 1757 1738 1736 1727 1742 1763 1728 1736 1725 1753 1746 1725 1733 1741 1746 1728 1734 1718 1741 1748 1748 1745 1756 1737 1728 1722 1753 1734 1732 1746 1736 1747 1734 1747 1745 1722 1740 1738 1737 1744 1742 1731 1732 1730 1749 1735 1741 1750 1737 1751 1765 1731

Tree=0
num_leaves=15
num_cat=0
split_feature=3 1 2 1 8 3 5 4 1 4 2 3 1 2
split_gain=412.136 364.463 632.403 119.61 108.281 160.269 98.3032 87.3012 78.0372 76.7704 101.498 73.0916 144.004 76.4136
threshold=76.500000000000014 -1.4999999999999998 0.74556489262371628 4.5000000000000009 1.0000000180025095e-35 25.500000000000004 1.5000000000000002 17.500000000000004 25.500000000000004 18.500000000000004 0.45534290271132377 24.500000000000004 8.5000000000000018 0.59663271080928137
decision_type=2 2 2 2 2 2 2 8 2 10 2 2 2 2
left_child=1 -1 3 9 5 11 8 -6 -4 -3 -11 -5 13 -13
right_child=-2 2 6 4 7 -7 -8 -9 -10 10 -12 12 -14 -15
leaf_value=-3.505585151184988 -2.1498524047510648 -3.4295817286723795 -3.4194697332726469 -3.2132468839914163 -3.4221556803265454 -3.3496457998324081 -3.5208933874966175 -2.9224828848481059 -2.8989091097116599 -2.533515595096735 -3.3455011831298997 -2.2908714642977626 -3.2490778945509615 -3.1378202538829569
leaf_weight=875.9986350685358 0.57616326957940955 118.60320904292166 2.1029959339648481 9.5355021115392429 41.310906428843737 45.574514623731375 183.33515238016844 0.89305306784808536 1.0947102122008798 0.54735510610043903 1.2963673565536735 0.92186123132705622 1.5556408278644083 0.37450612522661686
leaf_count=30408 20 4117 73 331 1434 1582 6364 31 38 19 45 32 54 13
internal_value=-3.48682 -3.48742 -3.44833 -3.39103 -3.35066 -3.3063 -3.5161 -3.41158 -3.24126 -3.4246 -3.10444 -3.14682 -2.92475 -2.53555
internal_weight=1283.72 1283.14 407.146 220.613 100.166 57.962 186.533 42.204 3.19771 120.447 1.84372 12.3875 2.85201 1.29637
internal_count=44561 44541 14133 7658 3477 2012 6475 1465 111 4181 64 430 99 45
is_linear=0
shrinkage=1


Tree=1
num_leaves=15
num_cat=0
split_feature=5 1 3 3 6 2 0 3 4 4 1 3 7 2
split_gain=330.842 388.211 99.8388 90.7246 81.9767 84.9779 80.1296 242.439 61.5791 58.0093 57.2258 55.5496 136.159 80.4831
threshold=1.5000000000000002 1.5000000000000002 76.500000000000014 52.500000000000007 1.0000000180025095e-35 0.01941930618401207 17.500000000000004 15.500000000000002 18.500000000000004 18.500000000000004 9.5000000000000018 25.500000000000004 1.0000000180025095e-35 0.56710977701543752
decision_type=2 2 2 2 2 2 2 2 10 10 2 2 2 2
left_child=1 2 3 4 -1 -6 -2 -8 -7 10 -3 12 -9 -14
right_child=6 9 -4 -5 5 8 7 11 -10 -11 -12 -13 13 -15
leaf_value=0.019026743815669881 -0.030203905960874678 0.087076978972364882 0.37217864419189256 -0.026159064898358869 0.89971656151927615 0.097931852542831405 -0.034066822494113358 0.055762851343546131 0.54061435354142617 0.73102501060813152 0.16216817686948629 0.02147054153116882 0.5841406313562808 0.19483751672942354
leaf_weight=178.6027454957366 530.56368869543076 70.229965828359127 1.8691426515579213 132.14372783526778 0.36794930510222812 11.373755723237988 192.30100012384355 54.492867374792695 0.84386155568063337 0.38249772787094016 39.722450805827975 63.601003721356392 1.5661161690950383 8.7173321507871133
leaf_count=6241 18740 2205 20 4649 13 394 6858 1834 27 7 1192 2092 25 264
internal_value=-0.000142743 0.0353013 0.00780512 0.00569872 0.0277179 0.151055 -0.0182776 0.00145453 0.128508 0.116343 0.114205 0.0546632 0.0872537 0.254126
internal_weight=1286.78 435.536 325.201 323.332 191.188 12.5856 851.242 320.678 12.2176 110.335 109.952 128.377 64.7763 10.2834
internal_count=44561 14748 11344 11324 6675 434 29813 11073 421 3404 3397 4215 2123 289
is_linear=0
shrinkage=0.05


Tree=2
num_leaves=15
num_cat=0
split_feature=5 1 0 3 2 3 4 8 8 4 4 3 3 8
split_gain=292.38 299.714 75.2694 213.581 68.682 81.7114 68.4941 79.5546 53.5354 70.8592 46.0766 43.4147 42.3443 83.5833
threshold=1.5000000000000002 1.5000000000000002 17.500000000000004 15.500000000000002 0.12095088819226753 76.500000000000014 18.500000000000004 1.0000000180025095e-35 1.0000000180025095e-35 13.500000000000002 15.500000000000002 52.500000000000007 25.500000000000004 1.0000000180025095e-35
decision_type=2 2 2 2 2 2 10 2 2 10 10 2 2 2
left_child=1 4 -2 -4 5 10 8 -8 9 11 -1 -6 13 -5
right_child=2 -3 3 12 6 -7 7 -9 -10 -11 -12 -13 -14 -15
leaf_value=-0.04017786723019736 -0.029544197813313012 0.098795896609411571 -0.033448177019669505 0.18219425548197452 0.040377860084548689 0.2649528210051102 0.4216417832854612 -0.023277805208722996 -0.026322631107197837 0.12256531979629036 0.031708402013809027 -0.026941647184533391 0.019980633564114496 0.048012978485138136
leaf_weight=105.94314930774271 515.67269620113075 122.99492270126939 186.22043908387423 14.662286367267368 90.271253354847431 2.4736833572387686 2.3200922366231671 1.7721340879797933 43.619532305747271 20.676096683368087 28.230847716331482 32.597793636843562 64.891828760504723 55.674636481329799
leaf_count=3755 18740 3404 6858 338 3068 20 64 63 1506 711 991 1166 2092 1785
internal_value=-0.000223368 0.0322358 -0.0177069 0.00128274 0.00726951 -0.0198028 0.0266119 0.22897 0.0221875 0.0369284 -0.0250527 0.0225176 0.0491099 0.0759841
internal_weight=1288.02 450.9 837.122 321.449 327.905 136.648 191.257 4.09223 187.165 143.545 134.174 122.869 135.229 70.3369
internal_count=44561 14748 29813 11073 11344 4766 6578 127 6451 4945 4746 4234 4215 2123
is_linear=0
shrinkage=0.05


Tree=3
num_leaves=15
num_cat=0
split_feature=5 1 0 3 2 3 8 4 4 5 4 3 0 8
split_gain=259.273 237.296 70.7632 189.532 60.9702 63.2428 57.2639 94.9141 42.9712 39.6143 59.4216 38.8722 52.5641 36.8466
threshold=1.5000000000000002 1.5000000000000002 17.500000000000004 15.500000000000002 0.12095088819226753 76.500000000000014 1.0000000180025095e-35 13.500000000000002 15.500000000000002 4.5000000000000009 8.5000000000000018 33.500000000000007 13.500000000000002 1.0000000180025095e-35
decision_type=2 2 2 2 2 2 2 10 10 2 8 2 2 2
left_child=1 4 -2 9 5 8 7 11 -1 -4 -11 12 -6 -3
right_child=2 13 3 -5 6 -7 -8 -9 -10 10 -12 -13 -14 -15
leaf_value=-0.039681402925765281 -0.028881910582685234 0.10262263016310397 -0.034910396559241046 0.044466700816492163 0.58482904180445872 0.20935947626705409 -0.025531463062010276 0.12493967872629096 0.02921559744451506 0.687277553850831 0.0014152541015233359 0.015221148470823526 0.096011441219538363 0.045553389774523299
leaf_weight=102.0054665915668 501.48700693435967 94.274940360337496 179.00559766590595 141.54539536125958 0.6285133995115747 2.958853840827941 44.286065185442567 26.562737530097365 29.084587786346674 0.47382583655416843 0.94688820093870174 120.50660507194698 4.400665033608675 40.405683573335409
leaf_count=3755 18740 2364 6804 4215 21 20 1569 775 991 18 36 4074 139 1040
internal_value=-0.000281551 0.0295609 -0.0171375 0.00115504 0.00676038 -0.0192358 0.0245049 0.0390739 -0.0243954 -0.0328232 0.230159 0.0209051 0.157101 0.0855012
internal_weight=1288.57 465.114 823.459 321.972 330.433 134.049 196.385 152.099 131.09 180.426 1.42071 125.536 5.02918 134.681
internal_count=44561 14748 29813 11073 11344 4766 6578 5009 4746 6858 54 4234 160 3404
is_linear=0
shrinkage=0.05


Tree=4
num_leaves=15
num_cat=0
split_feature=5 1 1 3 3 2 1 3 4 4 1 0 3 1
split_gain=230.614 191.686 66.8058 170.342 56.4605 53.2885 52.852 52.5976 50.772 38.1838 38.183 47.5109 47.8161 42.1882
threshold=1.5000000000000002 1.0000000180025095e-35 -5.4999999999999991 15.500000000000002 52.500000000000007 0.01941930618401207 -12.499999999999998 76.500000000000014 18.500000000000004 16.500000000000004 1.0000000180025095e-35 36.500000000000007 38.500000000000007 4.5000000000000009
decision_type=2 2 2 2 2 2 2 2 10 10 2 2 2 2
left_child=1 4 -2 -4 5 -1 -7 -6 -8 -3 -5 12 13 -12
right_child=2 9 3 10 7 6 8 -9 -10 -11 11 -13 -14 -15
leaf_value=0.22168705924826018 -0.030132512586102292 0.067856398792259159 -0.03189485417615498 0.01213625523460022 -0.025925052116685894 -0.027704301561974055 0.029131431813959524 0.17454988056002657 0.22437399947333955 0.21252541814648829 0.053784842764420242 -0.026369619011836549 -0.026661502215651101 0.13671969304779866
leaf_weight=3.2886090576648703 428.40468253009021 153.90528355166316 208.1381604578346 88.534000659361482 125.31996464170516 46.302425170317292 137.99792447499931 3.3594989776611319 3.4121113922446957 4.7003800757229319 33.596407035365701 13.686849903315304 9.9115951023995859 28.209394451230764
leaf_count=103 16457 3702 8135 2880 4610 1684 4469 20 62 98 976 388 290 687
internal_value=-0.000327893 0.0272051 -0.0165758 -0.00137533 0.00490929 0.0221566 0.0186609 -0.0206912 0.0338425 0.0721438 0.035145 0.0589969 0.0752886 0.091638
internal_weight=1288.77 478.286 810.481 382.076 319.681 191.001 187.712 128.679 141.41 158.606 173.938 85.4042 71.7174 61.8058
internal_count=44561 14748 29813 13356 10948 6318 6215 4630 4531 3800 5221 2341 1953 1663
is_linear=0
shrinkage=0.05


Tree=5
num_leaves=15
num_cat=0
split_feature=1 2 1 4 5 8 3 3 1 5 3 5 3 4
split_gain=206.367 270.522 71.2929 47.0678 45.3882 45.2615 43.2897 40.1833 36.4844 34.7888 41.6208 34.6977 34.4032 31.5695
threshold=-5.4999999999999991 0.7421798631476052 1.5000000000000002 18.500000000000004 1.5000000000000002 1.0000000180025095e-35 76.500000000000014 25.500000000000004 -12.499999999999998 1.5000000000000002 33.500000000000007 4.5000000000000009 52.500000000000007 17.500000000000004
decision_type=2 2 2 10 2 2 2 2 2 2 2 2 2 8
left_child=6 2 3 -2 -3 7 8 -4 -1 10 -10 -11 -12 -7
right_child=1 4 5 -5 -6 13 -8 -9 9 11 12 -13 -14 -15
leaf_value=-0.03315521338420737 0.017223289675450153 0.10568226134673056 0.13090432187654716 0.16172136421885103 -0.03060413332034366 0.02611571751435085 0.15044502068352009 0.065501298004187802 0.26732750876017802 -0.02570046127786146 0.027582916142097971 0.12268456273039173 -0.026575777116772226 0.18220627320891963
leaf_weight=321.42186606675386 199.50281948968768 6.2967927269637576 29.720124701038003 5.7994157522916785 204.95912258699536 78.624145198613405 3.6931732296943656 111.9426936917007 1.5631958339363325 191.16085967421532 80.018948135897517 4.0225749984383574 46.28276588767767 3.3785168603062621
leaf_count=12536 6390 121 511 133 8149 2057 20 2591 37 7556 2505 159 1740 56
internal_value=-0.000362407 0.0197722 0.0425808 0.0213051 -0.0265419 0.0621097 -0.0202504 0.0792225 -0.0212286 -0.00936198 0.0109103 -0.0226424 0.00773668 0.0325467
internal_weight=1288.39 640.224 428.968 205.302 211.256 223.665 648.163 141.663 644.47 323.048 127.865 195.183 126.302 82.0027
internal_count=44561 20008 11738 6523 8270 5215 24553 3102 24533 11997 4282 7715 4245 2113
is_linear=0
shrinkage=0.05


Tree=6
num_leaves=15
num_cat=0
split_feature=5 1 1 3 1 4 0 3 2 3 4 8 4 3
split_gain=186.73 135.198 59.0011 138.291 54.4537 57.1872 36.9422 35.5168 35.3698 30.5219 76.5466 28.8866 30.353 36.3698
threshold=1.5000000000000002 -7.4999999999999991 -5.4999999999999991 15.500000000000002 7.5000000000000009 18.500000000000004 1.5000000000000002 54.500000000000007 0.94058823529411772 51.500000000000007 17.500000000000004 1.0000000180025095e-35 13.500000000000002 53.500000000000007
decision_type=2 2 2 2 2 10 2 2 2 2 10 2 10 2
left_child=1 6 8 -4 5 11 7 9 -2 10 -1 12 13 -3
right_child=2 4 3 -5 -6 -7 -8 -9 -10 -11 -12 -13 -14 -15
leaf_value=-0.02300960479701844 -0.031012742134271368 0.040405371918834546 -0.030677190535845462 0.029513003605391219 0.079217503873436484 0.21963019772846082 -0.01655104987006811 0.0087235953265675688 0.07196603353821994 0.27738797294640277 0.63126206406314844 -0.009984690936066791 0.088954496733280264 -0.021202913965121181
leaf_weight=3.4986959323287037 396.87213371135294 125.29887637123466 196.62141573056579 185.42459251172841 81.677906077355146 3.9682934656739226 174.10603663139045 14.062582494691013 8.51725025475025 2.7272351160645485 0.51253159716725338 40.56308314576745 24.09269386716187 29.617899429053068
leaf_count=126 16115 3306 8135 5221 1595 50 6277 449 342 69 17 1202 620 1037
internal_value=-0.000387659 0.0235048 -0.0155625 -0.00146411 0.044279 0.0315131 -0.00902697 0.05395 -0.0288492 0.148334 0.0605895 0.0281133 0.0367462 0.0286267
internal_weight=1287.56 500.126 787.435 382.046 305.219 223.541 194.907 20.801 405.389 6.73846 4.01123 219.573 179.009 154.917
internal_count=44561 14748 29813 13356 7810 6215 6938 661 16457 212 143 6165 4963 4343
is_linear=0
shrinkage=0.05


Tree=7
num_leaves=15
num_cat=0
split_feature=1 2 1 2 5 4 2 2 2 3 5 8 4 2
split_gain=168.803 194.294 82.4061 45.143 39.9129 58.6183 43.0209 53.9069 39.7988 47.5856 38.492 35.172 35.0403 35.9467
threshold=-8.4999999999999982 0.73842105263157898 1.5000000000000002 0.031024531024531028 4.5000000000000009 9.5000000000000018 0.99358974358974372 0.98448773448773463 0.73412171140047844 18.500000000000004 1.5000000000000002 1.0000000180025095e-35 13.500000000000002 0.24217986314760512
decision_type=2 2 2 2 2 8 2 2 2 2 2 2 10 2
left_child=3 2 12 -1 10 6 7 -6 11 -10 -3 -4 -2 -14
right_child=1 4 8 -5 5 -7 -8 -9 9 -11 -12 -13 13 -15
leaf_value=0.034991947883253861 0.0030848422782966513 0.082434830114152868 0.064010197052822085 -0.027405028688438828 0.28773959392035503 0.0087773827684753791 -0.052356246151171751 1.0659412159459156 -0.05249713744356628 0.56272854027255004 -0.031209866295091055 0.024119434496865242 0.094500094724850742 0.020656676294911348
leaf_weight=30.93682779930532 234.68397518247366 7.7099297828972331 158.25972821190953 459.92726743221283 0.58888746611773857 3.3258545659482479 0.37272714823484421 0.35771258547902107 0.5124645810574282 0.81280699744820595 221.81960126943886 84.901801845058799 22.714543579146266 60.051403911784291
leaf_count=993 7741 126 3090 18543 18 131 9 9 13 19 9288 2048 568 1965
internal_value=-0.000411267 0.0138077 0.0297533 -0.0234724 -0.024456 0.120646 0.402654 0.581816 0.0515713 0.324829 -0.0273925 0.050082 0.0129499 0.0409225
internal_weight=1286.98 796.111 561.937 490.864 234.175 4.64518 1.31933 0.9466 244.487 1.32527 229.53 243.162 317.45 82.7659
internal_count=44561 25025 15444 19536 9581 167 36 27 5170 32 9414 5138 10274 2533
is_linear=0
shrinkage=0.05


Tree=8
num_leaves=15
num_cat=0
split_feature=1 2 1 3 1 4 8 5 2 2 2 2 3 5
split_gain=154.233 185.882 42.0036 35.1522 34.4448 34.1633 32.0588 35.6745 32.8238 38.5348 108.583 30.602 44.7425 30.4303
threshold=-5.4999999999999991 0.74556489262371628 3.5000000000000004 76.500000000000014 -12.499999999999998 16.500000000000004 1.0000000180025095e-35 4.5000000000000009 0.94058823529411772 0.97162977867203237 0.96799795186891979 0.27435167615433276 52.500000000000007 1.5000000000000002
decision_type=2 2 2 2 2 10 2 2 2 2 2 2 2 2
left_child=3 2 5 4 -1 -2 8 -8 11 10 -10 12 -6 -3
right_child=1 13 -4 -5 6 -7 7 -9 9 -11 -12 -13 -14 -15
leaf_value=-0.031654710604309015 0.014484313765210137 0.074413063948566172 0.05009738888230373 0.12846197551314056 0.040408835867309326 0.07559190707274871 -0.030381573706624223 0.24650866368642832 0.14739297795105002 -0.029383326472383051 1.1697410009822282 -0.025304349816621469 -0.024104412086760466 -0.029039373293438864
leaf_weight=298.35750422254205 248.41834994032979 7.3893580920994273 203.73616856895387 4.0403841733932486 74.170457692816854 25.191760396584868 122.039436602965 1.1744713392108668 2.7669494710862632 2.2489003725349903 0.28662226162850846 67.424701634794474 42.148455217480659 186.87954543158412
leaf_count=12536 7195 111 4011 20 2229 605 5052 42 106 82 11 2836 1639 8086
internal_value=-0.000434933 0.0161285 0.0329093 -0.0185332 -0.0195058 0.0201106 -0.00789781 -0.0277423 0.00503614 0.127681 0.243355 0.00149687 0.0170323 -0.0251044
internal_weight=1286.27 671.615 477.346 614.658 610.617 273.61 312.26 123.214 189.046 5.30247 3.05357 183.744 116.319 194.269
internal_count=44561 20008 11811 24553 24533 7800 11997 5094 6903 199 117 6704 3868 8197
is_linear=0
shrinkage=0.05


Tree=9
num_leaves=15
num_cat=0
split_feature=1 2 1 2 5 0 5 2 2 2 4 3 3 3
split_gain=140.644 155.102 58.1143 41.1253 34.819 56.0907 32.6562 27.4826 58.7107 38.1855 26.3771 26.2618 25.9231 22.0747
threshold=-8.4999999999999982 0.73842105263157898 1.0000000180025095e-35 0.031024531024531028 3.5000000000000004 29.500000000000004 1.5000000000000002 0.96459899749373446 0.97162977867203237 0.96799795186891979 18.500000000000004 54.500000000000007 76.500000000000014 25.500000000000004
decision_type=2 2 2 2 2 2 2 2 2 2 10 2 2 2
left_child=3 2 10 11 6 7 -3 -6 9 -9 -2 -1 -13 -4
right_child=1 4 13 -5 5 -7 -8 8 -10 -11 -12 12 -14 -15
leaf_value=0.10621426148363898 0.0069320392680855582 0.065069129048129393 0.061743092182241457 -0.026191422003149917 -0.01327536395052722 0.4557402170066106 -0.033428671784603625 0.11924884845725665 0.020156904396216369 0.66741062631034431 0.082603102281731053 -0.021337118888810586 0.11558582594762123 0.032118356176139139
leaf_weight=8.8174582738429326 285.59919125027955 8.7906529381871206 91.340330002829432 438.68743132986128 13.153553264215594 0.78503363393247028 196.90218839049339 0.58592856302857288 3.4623689502477646 0.69400878064334393 12.000030580908058 18.338366545736793 4.2597811222076407 201.82782453484833
leaf_count=243 9290 126 1729 18543 555 21 8709 24 128 18 260 730 20 4165
internal_value=-0.000453893 0.0121069 0.0255482 -0.0222339 -0.0232834 0.0420753 -0.0292192 0.0239291 0.127122 0.416474 0.00998331 0.0330289 0.00447304 0.0413483
internal_weight=1285.24 815.141 590.767 470.103 224.374 18.6809 205.693 17.8959 4.74231 1.27994 297.599 31.4156 22.5981 293.168
internal_count=44561 25025 15444 19536 9581 746 8835 725 170 42 9550 993 750 5894
is_linear=0
shrinkage=0.05


Tree=10
num_leaves=15
num_cat=0
split_feature=5 2 0 2 8 0 4 3 2 0 6 5 0 2
split_gain=129.966 78.9833 47.1384 98.3619 43.7639 39.1523 36.9882 46.4771 31.4648 30.9717 30.6221 28.0363 29.3762 27.4985
threshold=1.5000000000000002 0.12095088819226753 17.500000000000004 0.76123407109322605 1.0000000180025095e-35 1.5000000000000002 13.500000000000002 53.500000000000007 0.54083333333333339 32.500000000000007 1.0000000180025095e-35 3.5000000000000004 30.500000000000004 0.94058823529411772
decision_type=2 2 2 2 2 2 10 2 2 2 2 2 2 2
left_child=1 5 13 -4 6 -1 7 10 -6 -8 -3 -5 -13 -2
right_child=2 4 3 11 8 -7 9 -9 -10 -11 -12 12 -14 -15
leaf_value=0.041869887855020854 -0.027258429117757811 0.032820803375341538 0.02484039280494281 -0.036162816846712437 -0.018994487073828177 -0.030405922809820591 0.075812069610944582 -0.025267232437957865 0.042747502028814041 0.48778929831445939 0.093748306694871289 0.025852522946029962 0.32749023071273564 0.039910043736775314
leaf_weight=23.084023816511035 411.42185147479177 212.63078425824642 182.02784811705351 133.64967704936862 68.061512133106589 99.512834567576647 44.486540578305721 32.256030337885022 29.613089494407177 0.46093074232339759 22.837862823158503 7.0929162334650737 0.9108198508620261 15.823700493201612
leaf_count=661 18132 4850 4541 6234 2088 4105 923 1136 521 6 458 284 14 608
internal_value=-0.000465035 0.0184185 -0.0138669 0.000525668 0.0289395 -0.016797 0.0380659 0.0310196 -0.000275485 0.0800368 0.0387301 -0.0307193 0.0601787 -0.0247707
internal_weight=1283.87 532.944 750.927 323.681 410.347 122.597 312.672 267.725 97.6746 44.9475 235.469 141.653 8.00374 427.246
internal_count=44561 14748 29813 11073 9982 4766 7373 6444 2609 929 5308 6532 298 18740
is_linear=0
shrinkage=0.05


Tree=11
num_leaves=15
num_cat=0
split_feature=1 2 1 2 1 0 5 2 2 4 4 3 4 8
split_gain=118.866 127.366 45.0251 35.3321 26.9261 25.1706 23.7375 29.8633 37.075 21.6601 21.6576 26.6798 20.4538 23.9583
threshold=-8.4999999999999982 0.77442071785552036 1.0000000180025095e-35 0.031024531024531028 24.500000000000004 57.500000000000007 3.5000000000000004 0.96459899749373446 0.97162977867203237 18.500000000000004 16.500000000000004 50.500000000000007 16.500000000000004 1.0000000180025095e-35
decision_type=2 2 2 2 2 2 2 2 2 10 10 2 10 2
left_child=3 2 9 10 6 -6 -3 -8 -9 -2 -1 -12 13 -4
right_child=1 4 12 -5 5 -7 7 8 -10 -11 11 -13 -14 -15
leaf_value=0.0097257718870217939 0.0051108139817254931 -0.036101740455137317 0.041726355484790235 -0.024999186872274773 0.12489235776231122 -0.038827732189940699 -0.022320431855169753 0.28624957400201007 0.028059282965991961 0.069629271472013782 0.32776254137393096 0.062547326416774962 0.089655782197659212 0.012634008979738032
leaf_weight=26.716105658560991 302.50953816249967 159.53354096598923 201.80868294090033 419.5675314180553 5.5745977032929641 4.0555260293185711 12.084585608914496 2.0552156269550315 4.2983519155532122 13.59322110749781 1.1822519861161698 4.7910635117441416 15.906376307830213 108.98633548989892
leaf_count=818 9833 7544 3572 18543 134 188 515 45 136 285 25 150 255 2518
internal_value=-0.000473247 0.0107596 0.0213383 -0.0210983 -0.0254875 0.0559451 -0.0298938 0.0238191 0.111577 0.00788527 0.0289696 0.115039 0.0343548 0.0315246
internal_weight=1282.66 830.406 642.804 452.257 187.602 9.63012 177.972 18.4382 6.35357 316.103 32.6894 5.97332 326.701 310.795
internal_count=44561 25025 16463 19536 8562 322 8240 696 181 10118 993 175 6345 6090
is_linear=0
shrinkage=0.05


Tree=12
num_leaves=15
num_cat=0
split_feature=1 2 1 0 1 1 5 2 4 2 0 3 2 3
split_gain=108.396 114.61 39.5252 33.1562 24.281 22.5147 22.175 24.6241 20.2799 21.0186 20.1249 17.7029 28.5287 18.4673
threshold=-8.4999999999999982 0.77442071785552036 3.5000000000000004 1.5000000000000002 24.500000000000004 -12.499999999999998 3.5000000000000004 0.94782214156079869 15.500000000000002 0.23371848739495801 57.500000000000007 54.500000000000007 0.30456349206349215 34.500000000000007
decision_type=2 2 2 2 2 2 2 2 10 2 2 2 2 2
left_child=3 2 8 -1 6 -5 -3 -8 11 -10 -6 12 13 -2
right_child=1 4 -4 5 10 -7 7 -9 9 -11 -12 -13 -14 -15
leaf_value=0.019954240476638286 0.20280509575808037 -0.035532979033966336 0.035961261790041887 -0.034920377646151544 0.10662624295728403 -0.010691214522709774 -0.027894867892658277 0.087505600566060687 0.084032467464304358 0.019331532250696101 -0.038317682947348386 -0.027121076922602197 -0.00066842261410237009 0.02919404501450016
leaf_weight=45.512546718120575 1.5565820559859265 154.1210099067539 241.26482496969402 236.50006692297757 6.1854627598077041 161.25573690421879 10.706399789080026 8.1349248345941287 16.899874808266759 48.793061424046755 3.9077986031770706 36.773300096392632 213.61455987580121 96.014082182198763
leaf_count=1655 22 7544 4227 11084 134 6797 469 227 317 1426 188 1307 6504 2660
internal_value=-0.000475893 0.0101015 0.0198776 -0.0204718 -0.0248743 -0.0250975 -0.0292733 0.0219304 0.0104967 0.0359762 0.0505084 0.00568633 0.00956323 0.0319637
internal_weight=1281.24 837.972 654.916 443.268 183.056 397.756 172.962 18.8413 413.651 65.6929 10.0933 347.959 311.185 97.5707
internal_count=44561 25025 16463 19536 8562 17881 8240 696 12236 1743 322 10493 9186 2682
is_linear=0
shrinkage=0.05


Tree=13
num_leaves=15
num_cat=0
split_feature=5 3 1 3 6 5 1 3 3 2 7 4 2 2
split_gain=99.6123 59.9201 40.3357 75.8353 36.5591 30.3325 25.9594 25.1522 24.9756 55.4087 24.704 32.6845 26.3357 24.8319
threshold=1.5000000000000002 52.500000000000007 -5.4999999999999991 15.500000000000002 1.0000000180025095e-35 3.5000000000000004 7.5000000000000009 76.500000000000014 42.500000000000007 0.31881313131313133 1.0000000180025095e-35 15.500000000000002 0.12095088819226753 0.01941930618401207
decision_type=2 2 2 2 2 2 2 2 2 2 2 10 2 2
left_child=1 4 5 -4 6 -2 10 -3 9 -5 -1 12 13 -12
right_child=2 7 3 8 -6 -7 -8 -9 -10 -11 11 -13 -14 -15
leaf_value=-0.015270670498228375 -0.02898942614549966 -0.018902127076995359 -0.026739293495327016 0.54949780102071932 0.069847060858204829 0.029119561703231489 0.041785944402247088 0.10139655072015014 -0.040330507258760535 0.022007579598294816 0.10870890666644357 0.086091190432194209 0.021293374796941083 -0.049041596399264198
leaf_weight=63.924591582268476 323.37721486203372 122.53093859553337 165.69737943448126 0.49910720437765022 40.227555748075247 24.133468624204397 99.356364581733942 4.5047951340675345 16.707987679168582 195.94806128740311 2.7909531109035042 17.252753591164947 179.34813856706023 23.497570335865021
leaf_count=2032 15425 4796 8135 17 701 1032 1449 20 435 4769 62 402 4220 1066
internal_value=-0.000475369 0.0155055 -0.0126516 -0.00136695 0.0244855 -0.0249539 0.0197602 -0.0146362 0.0183564 0.0233478 0.0121302 0.0199887 0.0144428 -0.0322938
internal_weight=1279.8 553.434 726.363 378.853 426.398 347.511 386.17 127.036 213.155 196.447 286.814 222.889 205.637 26.2885
internal_count=44561 14748 29813 13356 9932 16457 9231 4816 5221 4786 7782 5750 5348 1128
is_linear=0
shrinkage=0.05


Tree=14
num_leaves=15
num_cat=0
split_feature=1 2 1 0 5 2 2 1 5 4 8 3 6 3
split_gain=91.5742 94.0386 32.6163 29.8214 22.3701 25.9538 28.4553 21.5079 19.7065 19.5254 22.2805 22.5837 20.75 19.6629
threshold=-8.4999999999999982 0.77442071785552036 -1.4999999999999998 1.5000000000000002 3.5000000000000004 0.96459899749373446 0.97162977867203237 -12.499999999999998 1.5000000000000002 16.500000000000004 1.0000000180025095e-35 26.500000000000004 1.0000000180025095e-35 47.500000000000007
decision_type=2 2 2 2 2 2 2 2 2 10 2 2 2 2
left_child=3 2 -2 -1 8 -6 -7 -5 -3 10 11 -4 -13 -14
right_child=1 4 9 7 5 6 -8 -9 -10 -11 -12 12 13 -15
leaf_value=0.018635078661757901 0.0034616738322419925 0.052600561981270701 0.058497142082198118 -0.033926016773003047 -0.020937668018953259 0.22210467795398073 0.025013405987714121 -0.0098210075311916875 -0.033832972634495306 0.06913921144883943 0.0070648931058567331 0.015802578235100017 0.098089584237041283 0.025148226725962425
leaf_weight=46.08550781942904 257.36145123653114 6.9009285643696776 61.423793522641063 223.51828217878938 11.553059363737704 2.8753910548984996 5.0436380878090858 157.91860579513013 148.53487475775182 24.772178865969181 136.69727191701531 157.97285203076899 16.468924069777131 21.047132402658463
leaf_count=1655 8359 81 934 11084 515 47 139 6797 7780 379 3154 2958 274 405
internal_value=-0.000478084 0.00900971 0.0174676 -0.0193562 -0.0236666 0.0268539 0.096577 -0.0239463 -0.0299956 0.0260831 0.0233733 0.0320507 0.023741 0.0571683
internal_weight=1278.17 850.651 675.744 427.522 174.908 19.4721 7.91903 381.437 155.436 418.382 393.61 256.913 195.489 37.5161
internal_count=44561 25025 16463 19536 8562 701 186 17881 7861 8104 7725 4571 3637 679
is_linear=0
shrinkage=0.05


Tree=15
num_leaves=15
num_cat=0
split_feature=5 3 0 2 8 4 1 2 3 5 3 3 4 2
split_gain=84.1166 49.7502 36.2492 64.7378 29.3308 25.7459 31.9914 24.309 26.6057 70.4633 23.3475 22.051 23.9487 21.8752
threshold=1.5000000000000002 52.500000000000007 17.500000000000004 0.76123407109322605 1.0000000180025095e-35 15.500000000000002 -12.499999999999998 0.93142633228840133 3.5000000000000004 2.5000000000000004 42.500000000000007 76.500000000000014 13.500000000000002 0.01941930618401207
decision_type=2 2 2 2 2 10 2 2 2 2 2 2 10 2
left_child=1 4 7 10 5 6 13 -2 -9 -10 -4 12 -3 -1
right_child=2 11 3 -5 -6 -7 -8 8 9 -11 -12 -13 -14 -15
leaf_value=0.091192172282494322 -0.024820135862360638 -0.033526238355447428 0.022921459710132167 -0.027793930948022058 -0.0016107189251579872 0.073551490780702042 0.029250554204028764 0.018258959800563364 1.056529338480207 0.086061818837843237 -0.045041860380733878 0.092884571724088774 0.014343106993932689 -0.051070762691607346
leaf_weight=3.1237201020121601 372.87600162997842 81.239439031109214 184.33171398192644 124.17454062402248 102.44055502861738 29.50579572096467 285.16311933659017 15.556664673611523 0.22568175196647544 1.0924759581685064 13.566694613546131 4.6466131806373587 38.515296099707484 20.022154984995723
leaf_count=62 18091 3416 4203 6532 2646 540 5693 591 10 48 338 20 1380 991
internal_value=-0.00047512 0.013936 -0.0119068 0.000505426 0.0218253 0.0289321 0.0246619 -0.0221637 0.0365342 0.252216 0.0182623 -0.013984 -0.0181306 -0.0318712
internal_weight=1276.48 564.657 711.824 322.073 440.255 337.815 308.309 389.751 16.8748 1.31816 197.898 124.401 119.755 23.1459
internal_count=44561 14748 29813 11073 9932 7286 6746 18740 649 58 4541 4816 4796 1053
is_linear=0
shrinkage=0.05


Tree=16
num_leaves=15
num_cat=0
split_feature=1 2 0 1 1 1 5 2 2 4 8 3 2 0
split_gain=78.2463 77.8344 26.8501 25.6867 21.3415 20.2104 19.5028 18.0642 17.682 15.7148 15.7042 19.5663 14.7605 14.7603
threshold=-8.4999999999999982 0.77442071785552036 1.5000000000000002 -1.4999999999999998 24.500000000000004 -12.499999999999998 3.5000000000000004 0.60470369386128098 0.94782214156079869 15.500000000000002 1.0000000180025095e-35 26.500000000000004 0.54083333333333339 57.500000000000007
decision_type=2 2 2 2 2 2 2 2 2 10 2 2 2 2
left_child=2 3 -1 7 6 -4 -3 -2 -8 10 11 -5 -12 -6
right_child=1 4 5 9 13 -7 8 -9 -10 -11 12 -13 -14 -15
leaf_value=0.017405922572932456 0.0096249377199552621 -0.033618097674942282 -0.032929541785567985 0.050921884378920174 0.089693938136472126 -0.0091936235773656793 -0.026003084821707254 -0.023428768878572433 0.070184902655600706 0.052472256377138808 -0.018418415958782037 0.019163204370466438 0.017422306430920281 -0.036656812215631981
leaf_weight=46.613393917679787 207.45482186041772 138.00216322205961 211.77216290310025 64.11763409525156 6.8552690893411619 155.55666040442884 9.9379812404513377 51.620143823325634 9.2016047574579698 40.791681488975883 42.720942480489612 199.08026786148548 87.695893721655011 3.4872178062796593
leaf_count=1655 6434 7544 11084 908 134 6797 469 1925 227 668 1028 3558 1942 188
internal_value=-0.00047727 0.00811167 -0.0183415 0.0154998 -0.0224793 -0.0228778 -0.0270582 0.00303906 0.0202405 0.0229312 0.0198697 0.0268999 0.00568188 0.0470917
internal_weight=1274.91 860.966 413.942 693.481 167.484 367.329 157.142 259.075 19.1396 434.406 393.615 263.198 130.417 10.3425
internal_count=44561 25025 19536 16463 8562 17881 8240 8359 696 8104 7436 4466 2970 322
is_linear=0
shrinkage=0.05


Tree=17
num_leaves=15
num_cat=0
split_feature=1 2 1 0 5 8 5 4 5 3 4 3 2 2
split_gain=71.6874 59.7367 39.9791 28.5131 28.3219 20.3519 37.8395 19.9837 23.6736 20.3669 19.7495 19.7285 24.7763 19.7019
threshold=-12.499999999999998 0.77442071785552036 -1.4999999999999998 1.5000000000000002 3.5000000000000004 1.0000000180025095e-35 4.5000000000000009 10.500000000000002 1.5000000000000002 33.500000000000007 19.500000000000004 44.500000000000007 0.31503759398496245 0.96799795186891979
decision_type=2 2 2 2 2 2 2 10 2 2 8 2 2 2
left_child=3 2 5 -1 -3 7 -7 11 9 -9 -11 12 -2 -6
right_child=1 4 -4 -5 13 6 -8 8 -10 10 -12 -13 -14 -15
leaf_value=0.013254611377859044 0.037765083668826332 -0.027957038901005496 0.02135038430198229 -0.032312918931865879 -0.0026395771857210624 -0.016568238604335848 0.49042149474708163 0.27563281782559262 -0.0061517538240225163 0.032470683535253203 0.17207791722209365 -0.025401741564805916 -0.022250302896867091 0.091176528822371927
leaf_weight=41.227653516456485 41.739281851798296 161.20557327196002 442.85719536431134 205.19122119992971 16.424480728805069 146.23756934702396 0.36896194517612357 0.90903691574931045 43.24232274107635 70.388283239677548 2.6278376355767241 63.004021413624287 29.24701364710927 8.4883743617683631
leaf_count=1472 1147 8707 8104 11084 723 5808 12 14 1890 1858 44 2292 1226 180
internal_value=-0.000470862 0.00534156 0.0110164 -0.0246891 -0.0202895 -0.00048908 -0.0152923 0.0081519 0.0232342 0.0404234 0.0374951 -0.00503678 0.0130382 0.0293257
internal_weight=1273.16 1026.74 840.622 246.419 186.118 397.764 146.607 251.158 117.167 73.9252 73.0161 133.99 70.9863 24.9129
internal_count=44561 32005 22395 12556 9610 14291 5820 8471 3806 1916 1902 4665 2373 903
is_linear=0
shrinkage=0.05


Tree=18
num_leaves=15
num_cat=0
split_feature=1 2 1 0 3 3 2 2 5 2 5 2 5 5
split_gain=65.9707 54.1865 35.4323 26.982 42.7956 212.173 163.542 228.17 103.65 175.482 26.0201 20.8278 48.5372 21.2964
threshold=-12.499999999999998 0.77442071785552036 -2.4999999999999996 2.5000000000000004 21.500000000000004 19.500000000000004 0.62782805429864263 0.65214646464646475 2.5000000000000004 0.64850506548060305 3.5000000000000004 0.7685439560439562 4.5000000000000009 1.5000000000000002
decision_type=2 2 2 2 2 2 2 2 2 2 2 2 2 2
left_child=3 2 11 4 5 -1 -7 8 -8 -10 -3 13 -13 -2
right_child=1 10 -4 -5 -6 6 7 -9 9 -11 -12 12 -14 -15
leaf_value=-0.040925122326748727 0.0088264513415175026 -0.027296263856556192 0.019212568748395713 -0.034947327070150212 -0.010655998719687462 -0.05101039929047349 2.3875542528345282 -0.05097891778703776 0.29868280041795875 2.2395885901991988 0.027148815463296252 0.038138666986080309 0.52361332843120356 -0.015518104217333404
leaf_weight=4.9577263519167891 190.01374820247293 156.96169506013393 484.2033065892756 168.94205693155527 65.070986626669765 0.59529758617281903 0.22553651779890038 0.35467808693647385 0.2859729677438736 0.19646205008029938 25.511623660102487 3.3635500837117429 0.60790091939270485 170.39170404337347
leaf_count=258 5811 8707 9089 9482 2729 31 11 19 15 11 903 168 17 7310
internal_value=-0.000467423 0.00503418 0.0103495 -0.0240409 0.0016621 0.122822 0.61247 0.984152 1.50273 1.08908 -0.0196843 -0.00142825 0.112449 -0.00268311
internal_weight=1271.68 1031.05 848.58 240.629 71.6867 6.61567 1.65795 1.06265 0.707972 0.482435 182.473 364.377 3.97145 360.405
internal_count=44561 32005 22395 12556 3074 345 87 56 37 26 9610 13306 185 13121
is_linear=0
shrinkage=0.05


Tree=19
num_leaves=15
num_cat=0
split_feature=1 2 1 2 5 8 4 5 1 4 2 2 2 3
split_gain=62.4508 49.1583 31.237 26.006 23.9514 19.2931 18.3493 17.4391 17.4065 16.0214 15.8953 18.4012 22.5222 15.757
threshold=-12.499999999999998 0.77442071785552036 -2.4999999999999996 0.027973395931142415 3.5000000000000004 1.0000000180025095e-35 10.500000000000002 1.5000000000000002 24.500000000000004 17.500000000000004 0.94782214156079869 0.97162977867203237 0.96799795186891979 44.500000000000007
decision_type=2 2 2 2 2 2 10 2 2 10 2 2 2 2
left_child=3 2 5 9 8 6 13 -8 -3 -1 -6 12 -12 -2
right_child=1 4 -4 -5 10 -7 7 -9 -10 -11 11 -13 -14 -15
leaf_value=0.0073542230500516087 0.010688869122557303 -0.031034331344317486 0.017944227991472342 -0.029500865484109708 -0.011517715929164011 -0.016803190572368492 0.036531775484101893 -0.0047147405329078101 0.03804527136602235 0.1188059687565704 0.032620643901280805 0.007835845881714586 0.22827401779343304 -0.025322423103319648
leaf_weight=22.051973659545187 64.791648745536804 143.18180532380939 492.29058654233813 211.09240151569247 13.8672664295882 130.15570820495486 71.991256704553962 39.790819190442562 9.7394111901521665 3.7768007814884177 2.9429971445351821 6.3853660058230162 2.9404991902410984 57.188118156045675
leaf_count=604 2157 8390 9089 11866 641 5421 1804 1791 317 86 82 152 28 2133
internal_value=-0.000549028 0.00475053 0.00973305 -0.0237063 -0.0190746 -0.00137465 0.00721577 0.0218493 -0.0266347 0.0236512 0.0251589 0.0666139 0.130406 -0.00619441
internal_weight=1272.19 1035.27 856.208 236.921 179.057 363.918 233.762 111.782 152.921 25.8288 26.1361 12.2689 5.8835 121.98
internal_count=44561 32005 22395 12556 9610 13306 7885 3595 8707 690 903 262 110 4290
is_linear=0
shrinkage=0.05


Tree=20
num_leaves=15
num_cat=0
split_feature=1 2 8 3 3 2 2 2 0 1 3 5 1 4
split_gain=57.4893 44.7057 28.1506 31.3823 24.4442 24.1332 22.4178 32.5885 21.0208 28.1522 18.3723 15.0958 13.6891 16.2029
threshold=-12.499999999999998 0.77442071785552036 1.0000000180025095e-35 34.500000000000007 57.500000000000007 0.027973395931142415 0.94058823529411772 0.97162977867203237 46.500000000000007 -3.4999999999999996 3.5000000000000004 4.5000000000000009 5.5000000000000009 16.500000000000004
decision_type=2 2 2 2 2 2 2 2 2 2 2 2 2 10
left_child=5 2 4 -4 12 -1 -3 8 9 -8 -10 -9 13 -2
right_child=1 6 3 -5 -6 -7 7 11 10 -11 -12 -13 -14 -15
leaf_value=0.021963272229558819 0.0099385645008242089 -0.031116145275799929 0.0060769599151622991 -0.031257800127995915 -0.021737484199478838 -0.028852201731260286 0.10248871570849999 -0.04685944374375875 0.12756026495302372 -0.0033629078558941906 0.52222430272195564 0.070057400638785169 0.031910097527868796 0.042133426159248373
leaf_weight=26.367117749527097 332.21706618741155 117.25280279293656 229.24472581222653 74.602570626884699 40.218379596248269 205.19769540987909 9.1901196204125934 23.935452399775389 1.9055713098496192 19.846222825348377 0.34886862151324738 3.1208148859441271 142.72942089289427 44.290737371891737
leaf_count=690 8791 6731 6657 2523 1574 11866 298 1345 44 1125 18 49 1763 1087
internal_value=-0.000537573 0.00448389 0.00916172 -0.00308971 0.0158156 -0.0230661 -0.0185138 0.00681165 0.0415587 0.0301396 0.188633 -0.0333736 0.0187244 0.0137258
internal_weight=1270.47 1038.9 863.303 303.847 559.456 231.565 175.6 58.347 31.2908 29.0363 2.25444 27.0563 519.237 376.508
internal_count=44561 32005 22395 9180 13215 12556 9610 2879 1485 1423 62 1394 11641 9878
is_linear=0
shrinkage=0.05


Tree=21
num_leaves=15
num_cat=0
split_feature=1 2 1 0 3 3 5 3 4 2 3 3 4 5
split_gain=52.8807 40.7134 26.0326 23.2179 23.7659 52.632 21.1535 18.2072 19.583 20.7388 23.2695 21.7691 16.7785 25.3977
threshold=-12.499999999999998 0.77442071785552036 -1.4999999999999998 2.5000000000000004 21.500000000000004 19.500000000000004 3.5000000000000004 76.500000000000014 15.500000000000002 0.15831244778613202 50.500000000000007 47.500000000000007 17.500000000000004 3.5000000000000004
decision_type=2 2 2 2 2 2 2 2 10 2 2 2 10 2
left_child=3 2 -2 4 5 -1 -3 8 -6 10 11 -10 -5 -14
right_child=1 6 -4 12 7 -7 -8 -9 9 -11 -12 -13 13 -15
leaf_value=-0.039818684665983657 -0.00076447575033129962 -0.025441263046274656 0.016593439459462758 -0.040471595782911873 -0.03919600992403386 0.20669501759040321 0.023050791281467507 0.084272937324980216 -0.05321179663194147 -0.027815497337464676 0.018702964743905908 0.24474188520246171 -0.00075329882598135776 0.47292878890667478
leaf_weight=4.5060271527618152 399.15863608010113 145.86457968037575 470.75086611136794 130.200075160712 37.172502236440778 4.1681241355836391 26.58903694152832 4.7745373845100394 0.79464983381331178 10.80824315920472 7.0823758263140917 2.6822471283376217 23.938589818775657 0.2863684669136991
leaf_count=258 14291 8707 8104 8039 1758 87 903 20 26 599 252 74 1426 17
internal_value=-0.000528385 0.00422899 0.00862875 -0.0224304 0.00102037 0.0786367 -0.0179647 -0.00961313 -0.0172705 0.0208727 0.0707089 0.176644 -0.0333625 0.0048462
internal_weight=1268.78 1042.36 869.91 226.414 71.9887 8.67415 172.454 63.3146 58.54 21.3675 10.5593 3.4769 154.425 24.225
internal_count=44561 32005 22395 12556 3074 345 9610 2729 2709 951 352 100 9482 1443
is_linear=0
shrinkage=0.05


Tree=22
num_leaves=15
num_cat=0
split_feature=5 3 0 2 4 1 3 0 6 5 1 4 3 2
split_gain=49.7106 31.6322 24.9487 37.6627 19.9594 21.4835 19.3754 19.2666 18.5899 18.5536 17.3888 18.0463 19.8158 21.6369
threshold=1.5000000000000002 52.500000000000007 17.500000000000004 0.76123407109322605 6.5000000000000009 5.5000000000000009 42.500000000000007 36.500000000000007 1.0000000180025095e-35 3.5000000000000004 4.5000000000000009 8.5000000000000018 16.500000000000004 0.73412171140047844
decision_type=2 2 2 2 10 2 2 2 2 2 2 10 2 2
left_child=1 8 9 6 -3 -6 7 10 -1 -2 -4 12 -12 -14
right_child=2 4 3 -5 5 -7 -8 -9 -10 -11 11 -13 13 -15
leaf_value=0.012419175727261299 -0.022646058560475999 -0.043021144357692866 0.011064889209902375 -0.024030742433370219 -0.0020665487697993155 0.22152597686721842 -0.045228544607771606 -0.033410676459890314 0.044730094869428423 0.017729932160014072 -0.05209967034916925 0.023713976304480088 0.085700227112470898 0.28717692558248692
leaf_weight=425.2011887812987 319.67627917230129 37.777254899963737 128.85775479488075 106.80692177265882 80.939104666002095 1.0887632071971882 13.698791941627858 17.813510661944747 49.721849115565419 31.232485877349973 2.3352442942559746 35.311163587495685 15.100574109703304 1.4615314826369274
leaf_count=9231 17441 1607 3032 6532 3193 16 338 350 701 1299 67 532 200 22
internal_value=-0.000519557 0.0100103 -0.00983454 0.000230106 -0.0129485 0.000901215 0.012306 0.0162295 0.015802 -0.0190524 0.0210598 0.0448185 0.0842539 0.10348
internal_weight=1267.02 594.728 672.294 321.385 119.805 82.0279 214.579 200.88 474.923 350.909 183.066 54.2085 18.8973 16.5621
internal_count=44561 14748 29813 11073 4816 3209 4541 4203 9932 18740 3853 821 289 222
is_linear=0
shrinkage=0.05


Tree=23
num_leaves=15
num_cat=0
split_feature=1 2 8 3 0 2 2 3 0 1 4 5 5 4
split_gain=46.3771 33.771 23.906 28.1598 22.2582 21.3304 29.7033 19.7564 14.9817 22.042 14.6769 13.5189 12.2843 12.0558
threshold=-12.499999999999998 0.77442071785552036 1.0000000180025095e-35 33.500000000000007 1.5000000000000002 0.94058823529411772 0.97162977867203237 57.500000000000007 46.500000000000007 1.0000000180025095e-35 3.5000000000000004 4.5000000000000009 4.5000000000000009 15.500000000000002
decision_type=2 2 2 2 2 2 2 2 2 2 10 2 2 10
left_child=4 2 7 12 -1 -3 8 -2 9 10 -7 -8 -4 -6
right_child=1 5 3 -5 13 6 11 -9 -10 -11 -12 -13 -14 -15
leaf_value=0.011321529254646462 0.016277669765313002 -0.02967222700596361 0.0048375177142732043 -0.028959045454823251 -0.037778594258204921 -0.051589907239315641 -0.046429217288904367 -0.020645838893857224 0.15526126369367629 -0.013292781989433797 0.094286988970508467 0.061738203069853309 0.20433429616422916 -0.009244144315621294
leaf_weight=41.837058888748288 535.65487794391811 109.66464828047901 225.05738372169435 80.256920922547579 123.70881504099816 2.0030829757452073 22.025783397257332 38.855815138667822 2.6063007470220318 14.550344279035924 12.386699384078382 3.324627097696065 0.77430132403969665 52.822277111932635
leaf_count=1472 11641 6731 6401 2767 7910 91 1345 1574 62 892 440 49 12 3174
internal_value=-0.00050886 0.00386207 0.00776718 -0.00351934 -0.0214692 -0.016784 0.00805713 0.0137804 0.0404423 0.0301018 0.0739807 -0.0322434 0.00552153 -0.0292404
internal_weight=1265.53 1047.16 880.599 306.089 218.368 166.561 56.8968 574.511 31.5464 28.9401 14.3898 25.3504 225.832 176.531
internal_count=44561 32005 22395 9180 12556 9610 2879 13215 1485 1423 531 1394 6413 11084
is_linear=0
shrinkage=0.05


Tree=24
num_leaves=15
num_cat=0
split_feature=1 2 2 4 3 5 5 2 4 8 5 4 3 2
split_gain=42.668 38.9427 19.7306 17.9095 16.4366 15.5204 15.1226 21.6354 15.2255 15.1156 14.9526 14.9309 13.9861 12.1646
threshold=-8.4999999999999982 0.73842105263157898 0.031024531024531028 15.500000000000002 54.500000000000007 3.5000000000000004 4.5000000000000009 0.82497911445279881 12.500000000000002 1.0000000180025095e-35 1.5000000000000002 8.5000000000000018 33.500000000000007 0.73412171140047844
decision_type=2 2 2 10 2 2 2 2 8 2 2 10 2 2
left_child=2 3 -1 4 9 -4 10 8 -8 -2 -3 -9 13 -11
right_child=1 6 5 -5 -6 -7 7 11 -10 12 -12 -13 -14 -15
leaf_value=0.020857928548352764 0.015223221512830502 0.037031193486050877 -0.020934874319666855 0.031126536725618045 -0.025253491393945882 0.02822746122964466 0.46976262901581123 0.10581986466909291 0.099527717579604574 0.0034018787787438846 -0.022801583355351832 -0.052403545111523057 -0.026319001070965145 0.10194734332521103
leaf_weight=35.24389673024416 392.33160861767828 11.190003901720045 319.44167067948729 92.400885948911309 36.001960908994079 16.903238583356142 0.47893024608492729 2.6742455661296844 0.66086372733116161 149.25885885953903 156.1813840335235 3.3699059225618839 44.760571097955108 3.1987022049725047
leaf_count=993 7173 126 17752 1867 1343 791 13 25 23 3669 9288 106 1327 65
internal_value=-0.000498041 0.00542925 -0.0147346 0.0105791 0.00754403 -0.0184642 -0.0157523 0.0552831 0.255097 0.00954687 -0.0188013 0.0176027 -0.00174524 0.00546945
internal_weight=1264.1 892.508 371.589 717.953 625.552 336.345 174.555 7.18395 1.13979 589.55 167.371 6.04415 197.218 152.458
internal_count=44561 25025 19536 15444 13577 18543 9581 167 36 12234 9414 131 5061 3734
is_linear=0
shrinkage=0.05


Tree=25
num_leaves=15
num_cat=0
split_feature=1 5 4 0 3 3 3 2 5 1 2 4 3 0
split_gain=40.3988 29.7067 25.5487 21.0572 21.7038 41.0262 20.8057 16.7016 21.77 20.2453 21.5431 16.632 16.3267 19.0073
threshold=-12.499999999999998 1.5000000000000002 18.500000000000004 2.5000000000000004 21.500000000000004 19.500000000000004 53.500000000000007 0.7723285486443382 3.5000000000000004 -2.4999999999999996 0.7685439560439562 17.500000000000004 42.500000000000007 36.500000000000007
decision_type=2 2 10 2 2 2 2 2 2 2 2 10 2 2
left_child=3 2 6 4 5 -1 -2 9 -9 10 -3 -5 13 -11
right_child=1 7 -4 11 -6 -7 -8 8 -10 12 -12 -13 -14 -15
leaf_value=-0.038869415112408399 0.013909500858765612 -0.014354851916523276 0.081688069617053508 -0.039264868470487685 -0.008640595869356317 0.1767699044064345 -0.016758450419764367 -0.027182994922601612 0.021816454227920987 0.020623411915049406 0.11493312912025522 0.0069273481732305964 -0.044311725990253126 -0.033483263641191301
leaf_weight=4.1730137122794968 452.05727321095765 165.13960500620306 12.7933058347553 117.46751100383699 61.366574255749583 4.6786577943712473 63.012443529441953 129.17073806375265 27.492842869833112 168.32460447587073 3.2861608527600756 23.362760970368981 12.194660482928155 17.963790779933333
leaf_count=258 8339 7310 161 8039 2729 87 2434 8742 911 3311 119 1443 309 369
internal_value=-0.000486094 0.00352111 0.0118913 -0.0204498 0.00191687 0.0751093 0.0101577 -0.00491764 -0.0185841 0.000917691 -0.0118323 -0.0316019 0.0117369 0.0154059
internal_weight=1262.48 1051.44 527.863 211.049 70.2182 8.85167 515.07 523.572 156.664 366.909 168.426 140.83 198.483 186.288
internal_count=44561 32005 10934 12556 3074 345 10773 21071 9653 11418 7429 9482 3989 3680
is_linear=0
shrinkage=0.05


Tree=26
num_leaves=15
num_cat=0
split_feature=1 5 4 0 3 3 3 3 4 2 3 4 3 5
split_gain=37.1824 26.6077 21.5435 19.9143 18.7433 18.5386 31.6415 16.1593 18.4541 16.604 16.1793 15.9993 15.7541 25.4103
threshold=-12.499999999999998 1.5000000000000002 18.500000000000004 2.5000000000000004 54.500000000000007 21.500000000000004 19.500000000000004 76.500000000000014 15.500000000000002 0.15831244778613202 50.500000000000007 17.500000000000004 15.500000000000002 3.5000000000000004
decision_type=2 2 10 2 2 2 2 2 10 2 2 10 2 2
left_child=3 2 4 5 -2 6 -1 8 -7 10 -10 -5 13 -3
right_child=1 12 -4 11 -6 7 -8 -9 9 -11 -12 -13 -14 -15
leaf_value=-0.038377978835861519 0.012800326595943263 -0.025294693137264252 0.073615786640275654 -0.038789211079740642 -0.018297405405845613 -0.03830884726203105 0.14762409633999549 0.079421399765219447 0.14207314499004933 -0.025982460216346367 0.017397159615610277 0.0065359246980458176 0.0015979797408722702 0.024454145965606043
leaf_weight=4.0190493613481504 465.42701647430658 148.53407966624945 13.46770867705345 113.07442816905677 54.084577161818743 34.744056475348771 5.3037759345024824 4.8360176980495444 4.0726744402200001 10.041668919846414 7.2068539634346962 23.519657514989376 341.29865777865052 31.02963062748313
leaf_count=258 8594 9641 161 8039 2179 1758 87 20 100 599 252 1443 10439 991
internal_value=-0.000476688 0.00332736 0.0111814 -0.0198602 0.00956285 0.00177845 0.067439 -0.00827294 -0.0158372 0.0207816 0.0624136 -0.0309848 -0.00470937 -0.0166978
internal_weight=1260.66 1053.84 532.979 206.818 519.512 70.2241 9.32283 60.9013 56.0653 21.3212 11.2795 136.594 520.862 179.564
internal_count=44561 32005 10934 12556 10773 3074 345 2729 2709 951 352 9482 21071 10632
is_linear=0
shrinkage=0.05


Tree=27
num_leaves=15
num_cat=0
split_feature=1 8 0 3 2 3 0 3 2 2 4 3 4 4
split_gain=34.3199 24.2186 18.7131 18.5239 17.9955 20.1709 16.4265 16.0292 25.8212 15.9269 15.8125 20.0256 15.381 15.2478
threshold=-12.499999999999998 1.0000000180025095e-35 2.5000000000000004 34.500000000000007 0.67890835579514841 25.500000000000004 14.500000000000002 21.500000000000004 0.65214646464646475 0.62782805429864263 13.500000000000002 53.500000000000007 17.500000000000004 14.500000000000002
decision_type=2 2 2 2 2 2 2 2 2 2 10 2 10 10
left_child=2 4 7 13 5 6 -2 8 9 -1 11 -7 -4 -3
right_child=1 3 12 -5 -6 10 -8 -9 -10 -11 -12 -13 -14 -15
leaf_value=-0.051373626445828872 -0.0083121613504754787 -0.0070551796142138525 -0.038302856863899171 -0.029943694380925753 -0.0091730416518284209 0.0087956703757814669 0.053181525036554045 -0.0080200006613241823 -0.038099256385506451 0.16615460539131521 0.026815378795768396 -0.02679780453992589 0.006169024950265333 0.020000872194550146
leaf_weight=1.0205618143081645 13.982735611498354 259.05770856421441 108.89124428294599 70.209269151091576 113.03762876801193 339.61587247438729 48.625536743551493 60.095472201704979 3.91622001118958 4.7952092932537198 101.8140281047672 44.720786195248365 23.668620968237519 65.174397312104702
leaf_count=42 629 9995 8039 2523 5342 6718 516 2729 247 56 2137 1946 1443 2199
internal_value=-0.000465905 0.00314824 -0.0193277 -0.00665873 0.00899335 0.0127354 0.0394477 0.00162036 0.06115 0.127982 0.00929529 0.00465407 -0.0303624 -0.0016166
internal_weight=1258.63 1056.24 202.387 394.441 661.797 548.759 62.6083 69.8275 9.73199 5.81577 486.151 384.337 132.56 324.232
internal_count=44561 32005 12556 14717 17288 11946 1145 3074 345 98 10801 8664 9482 12194
is_linear=0
shrinkage=0.05


Tree=28
num_leaves=15
num_cat=0
split_feature=5 4 2 0 2 2 3 2 3 0 3 5 5 0
split_gain=31.9191 20.2592 27.6159 19.8806 26.0331 16.8937 17.756 19.8246 15.5583 15.1441 13.3252 13.1067 12.864 12.8544
threshold=1.5000000000000002 13.500000000000002 0.18027777777777779 17.500000000000004 0.76123407109322605 0.93142633228840133 3.5000000000000004 0.94312668463611871 42.500000000000007 36.500000000000007 76.500000000000014 3.5000000000000004 2.5000000000000004 23.500000000000004
decision_type=2 10 2 2 2 2 2 2 2 2 2 2 2 2
left_child=1 2 10 5 8 -2 -7 12 9 13 -1 -6 -8 -5
right_child=3 -3 -4 4 11 6 7 -9 -10 -11 -12 -13 -14 -15
leaf_value=-0.022623641078186145 -0.019579988823626295 0.024527443516898135 0.009424164888876211 0.005653989611149414 -0.027419654409499464 0.014408552658948859 0.52070475094460356 -0.051662486934809751 -0.044287160939270619 -0.032099916061871084 0.06877911950556008 0.032414061670161934 0.17181606934185381 0.031686319536648293
leaf_weight=105.71015169192106 309.65632660780102 138.63337945751846 364.33721899986267 105.21955874748528 85.754199218004942 15.948498136363925 0.43548492714762577 0.58073693141341198 12.386339528486131 16.817628528922796 4.1437458097934714 10.246073933318256 0.67175932880491018 86.325512450188398
leaf_count=4919 18091 3333 6479 2432 6234 591 8 22 338 350 17 298 28 1421
internal_value=-0.000454409 0.00771404 0.00279851 -0.00822692 0.000702809 -0.016869 0.0307301 0.18494 0.0101556 0.013392 -0.0191759 -0.0210336 0.309036 0.0173862
internal_weight=1256.87 612.824 474.191 644.042 316.749 327.293 17.6365 1.68798 220.749 208.363 109.854 96.0003 1.10724 191.545
internal_count=44561 14748 11415 29813 11073 18740 649 58 4541 4203 4936 6532 36 3853
is_linear=0
shrinkage=0.05


Tree=29
num_leaves=15
num_cat=0
split_feature=1 8 4 3 3 2 2 3 3 3 2 0 4 4
split_gain=29.9459 21.4625 17.7805 18.7374 18.9333 45.9802 22.4171 17.364 15.4514 17.0349 15.3724 15.2276 13.5055 13.3257
threshold=-12.499999999999998 1.0000000180025095e-35 15.500000000000002 76.500000000000014 21.500000000000004 0.65214646464646475 0.62782805429864263 34.500000000000007 19.500000000000004 25.500000000000004 0.14400921658986179 14.500000000000002 18.500000000000004 14.500000000000002
decision_type=2 2 10 2 2 2 2 2 2 2 2 2 10 10
left_child=2 8 3 4 5 6 -1 13 -2 11 -4 -10 -11 -3
right_child=1 7 10 -5 -6 -7 -8 -9 9 12 -12 -13 -14 -15
leaf_value=-0.050787010603871523 -0.0088014308193724595 -0.0067349509822729435 0.03481323264530916 0.069412268485337755 -0.042761230702982697 -0.037988217991143505 0.14564785480573925 -0.029309349435040918 -0.01280552029050188 0.006881457963089737 -0.015794816341674074 0.047532631684540833 0.050667757532001458 0.018369750989255997
leaf_weight=1.8693202780559675 109.91445571184158 257.06903572101146 24.047378735616803 4.6758419126272193 99.194373717531562 19.699383052997291 6.5118246898055077 68.343743173405528 13.037064231932161 473.22906738892198 39.906287208199501 52.826637461781502 18.291293317452073 66.541578147560358
leaf_count=134 5358 9995 1009 19 7019 1513 184 2523 617 10518 2678 512 283 2199
internal_value=-0.000444 0.00287733 -0.0184024 -0.0288893 -0.0325007 0.00374465 0.101835 -0.00640918 0.00833199 0.0117106 0.00323444 0.0355893 0.00851091 -0.00157286
internal_weight=1255.16 1059.25 195.904 131.951 127.275 28.0805 8.38114 391.954 667.299 557.384 63.9537 65.8637 491.52 323.611
internal_count=44561 32005 12556 8869 8850 1831 318 14717 17288 11930 3687 1129 10801 12194
is_linear=0
shrinkage=0.05


Tree=30
num_leaves=15
num_cat=0
split_feature=1 2 2 2 0 8 3 3 4 5 0 1 4 0
split_gain=27.6208 19.5902 19.869 27.4719 17.1575 14.1036 21.8909 12.6266 10.863 10.7963 10.7286 16.6026 10.5532 26.1541
threshold=-12.499999999999998 0.77442071785552036 0.94058823529411772 0.97162977867203237 1.5000000000000002 1.0000000180025095e-35 34.500000000000007 57.500000000000007 15.500000000000002 4.5000000000000009 46.500000000000007 -3.4999999999999996 18.500000000000004 26.500000000000004
decision_type=2 2 2 2 2 2 2 2 10 2 2 2 10 2
left_child=4 5 12 10 -1 7 -7 -2 -6 -5 11 -4 -3 -14
right_child=1 2 3 9 8 6 -8 -9 -10 -11 -12 -13 13 -15
leaf_value=0.010808704893772376 0.011754414593051276 -0.030507340075805883 0.081663714146756911 -0.045748102349439074 -0.03505894922673667 0.0038248537964656829 -0.028631935238166813 -0.018608052452570138 -0.0065000913479828053 0.047372297697325365 0.13295026592447623 0.0022764807765952187 0.019666382323870364 0.54881746428659983
leaf_weight=40.964767226018012 568.19137989357114 94.686885416507721 10.475366821512585 19.413206344470385 101.36392417736351 237.32721432484686 66.50980899296701 36.437385108321905 49.585860876366496 3.7069512270390979 2.8870618902146807 17.737642544321716 3.54866418428719 0.24996695108711708
leaf_count=1472 11641 6476 298 1345 7910 6657 2523 1574 3174 49 62 1125 241 14
internal_value=-0.000433802 0.00272308 -0.0138469 0.0104603 -0.0178895 0.00550837 -0.00327992 0.00992465 -0.0256776 -0.0308177 0.0411469 0.0317526 -0.0272291 0.0544869
internal_weight=1253.09 1061.17 152.706 54.2202 191.915 908.466 303.837 604.629 150.95 23.1202 31.1001 28.213 98.4855 3.79863
internal_count=44561 32005 9610 2879 12556 22395 9180 13215 11084 1394 1485 1423 6731 255
is_linear=0
shrinkage=0.05


Tree=31
num_leaves=15
num_cat=0
split_feature=5 4 3 2 2 0 3 3 0 5 1 4 0 3
split_gain=25.9827 17.2166 23.9715 17.7819 24.7364 17.1022 22.1248 14.2313 15.7204 14.0129 13.3843 15.5034 13.3219 28.562
threshold=1.5000000000000002 13.500000000000002 52.500000000000007 0.01941930618401207 0.12095088819226753 17.500000000000004 15.500000000000002 42.500000000000007 36.500000000000007 3.5000000000000004 4.5000000000000009 8.5000000000000018 7.5000000000000009 49.500000000000007
decision_type=2 10 2 2 2 2 2 2 2 2 2 10 2 2
left_child=1 2 3 -1 -5 9 -7 8 10 -2 -8 -12 13 -6
right_child=5 -3 -4 4 12 6 7 -9 -10 -11 11 -13 -14 -15
leaf_value=0.11359641228449231 -0.019284046324999419 0.022106415539381315 -0.02441412320222441 -0.051017867640649264 0.024161991834781571 -0.018487760357294859 0.0081913507269554073 -0.043766968429537159 -0.032608238414237455 0.015693137553799041 0.072343035793874563 0.017941375667949015 0.0073588650974094234 0.26304046432976042
leaf_weight=3.8751295469701281 284.71200230717659 142.47752432059497 71.408392935059965 18.177210612222552 5.9258519196882835 101.96348443906754 127.72014702111483 11.713372958824037 17.33475991897285 31.837162412703037 20.33500038087368 36.78856241889298 375.90955905709416 1.5863148393109439
leaf_count=67 17441 3333 3433 1165 192 6858 2767 338 388 1299 245 477 6515 43
internal_value=-0.000423871 0.00685521 0.00229863 0.00700304 0.00597449 -0.00755281 0.000678609 0.00981533 0.0129197 -0.0157662 0.0171893 0.0373074 0.00867638 0.074605
internal_weight=1251.76 619.36 476.882 405.474 401.599 632.404 315.855 213.892 202.178 316.549 184.844 57.1236 383.422 7.51217
internal_count=44561 14748 11415 7982 7915 29813 11073 4215 3877 18740 3489 722 6750 235
is_linear=0
shrinkage=0.05


Tree=32
num_leaves=15
num_cat=0
split_feature=1 2 4 2 5 2 2 2 4 3 3 3 3 2
split_gain=24.3326 20.8143 17.0514 14.0719 21.055 17.6466 30.1805 27.6758 14.027 13.2162 11.1649 11.1233 10.3148 14.2115
threshold=-5.4999999999999991 0.73842105263157898 8.5000000000000018 0.22611077297626295 3.5000000000000004 0.94058823529411772 0.95744466800804839 0.94782214156079869 15.500000000000002 3.5000000000000004 52.500000000000007 76.500000000000014 26.500000000000004 0.62382075471698128
decision_type=2 2 10 2 2 2 2 2 10 2 2 2 2 2
left_child=2 8 -1 10 5 -5 7 9 12 -7 -4 -12 13 -2
right_child=1 -3 3 4 -6 6 -8 -9 -10 -11 11 -13 -14 -15
leaf_value=-0.021528608854163238 0.032506725532573909 -0.012635943612713441 0.022368874237321684 -0.020373578610770451 0.041388796259917648 -0.051493864121668002 -0.051141837505388893 0.65479644979779783 0.028976330233858191 0.30908213086928354 -0.011730803291661124 0.10919989769206349 0.001435443664716173 0.0041348448754991579
leaf_weight=178.99374121706933 75.39767149835825 137.4435365209356 77.499508801847696 142.54390318412334 16.690408767201006 0.47407733090221815 1.4871729752048848 0.35398000851273526 75.982837991788983 0.54774944856762886 51.764908243902028 1.974024936556815 382.78098511695862 106.45410309173167
leaf_count=9748 1091 8346 2634 8839 652 17 73 13 1194 8 2561 8 7399 1978
internal_value=-0.000414887 0.00501959 -0.009367 -0.00194597 -0.0117998 -0.017905 0.105001 0.273783 0.00880757 0.141793 0.0102249 -0.00728858 0.00609345 0.0158981
internal_weight=1250.39 778.059 472.329 293.336 162.097 145.407 2.86298 1.37581 640.616 1.02183 131.238 53.7389 564.633 181.852
internal_count=44561 20008 24553 14805 9602 8950 111 38 11662 25 5203 2569 10468 3069
is_linear=0
shrinkage=0.05


Tree=33
num_leaves=15
num_cat=0
split_feature=1 8 0 3 4 3 3 2 5 5 2 0 2 5
split_gain=22.6823 16.4625 16.0105 15.119 14.256 13.8554 19.6304 13.301 12.5421 12.1886 13.0085 12.8864 13.8705 14.52
threshold=-12.499999999999998 1.0000000180025095e-35 2.5000000000000004 34.500000000000007 17.500000000000004 21.500000000000004 19.500000000000004 0.031024531024531028 3.5000000000000004 4.5000000000000009 0.73842105263157898 46.500000000000007 0.92365967365967372 2.5000000000000004
decision_type=2 2 2 2 10 2 2 2 2 2 2 2 2 2
left_child=2 -2 5 9 -4 6 -1 -7 -6 10 -3 -12 -13 -14
right_child=1 3 4 -5 8 7 -8 -9 -10 -11 11 12 13 -15
leaf_value=-0.036542790680001241 0.0070959041377568408 0.0041758556212681264 -0.036319261666206797 -0.027918937596616896 0.0021037220944082682 0.01802212844967227 0.1109628909607525 -0.030190106672192903 0.25996138415005998 0.074333170549027036 -0.023902006291383018 -0.01390136687811766 0.070744806447266037 0.36256381208601607
leaf_weight=3.5235610576346499 677.86153258103877 217.73641694709659 94.445956753566861 64.555180158466101 22.658772639930252 28.143980538472533 6.2677330616861582 29.094812885858119 0.48159616440534492 5.2256581597030154 88.470544788986444 6.12380035035312 3.8985087219625711 0.47859344817697991
leaf_count=258 17288 5871 8039 2523 1426 775 87 1954 17 81 5934 188 108 12
internal_value=-0.000405782 0.0024005 -0.0165845 -0.00583476 -0.0277017 0.00291755 0.0578805 -0.00648443 0.00747024 -0.00140637 -0.00265607 -0.0176862 0.0346818 0.102652
internal_weight=1248.97 1064.35 184.616 386.489 117.586 67.0301 9.79129 57.2388 23.1404 321.934 316.708 98.9714 10.5009 4.3771
internal_count=44561 32005 12556 14717 9482 3074 345 2729 1443 12194 12113 6242 308 120
is_linear=0
shrinkage=0.05


Tree=34
num_leaves=15
num_cat=0
split_feature=5 4 3 0 3 2 2 3 0 3 2 2 0 5
split_gain=21.386 14.3689 21.1041 14.2329 18.1593 14.0945 22.4324 12.7116 13.7469 12.6259 12.622 12.5449 11.7969 11.0164
threshold=1.5000000000000002 13.500000000000002 52.500000000000007 17.500000000000004 15.500000000000002 0.01941930618401207 0.12095088819226753 42.500000000000007 36.500000000000007 76.500000000000014 0.69826295297993413 0.93142633228840133 23.500000000000004 3.5000000000000004
decision_type=2 10 2 2 2 2 2 2 2 2 2 2 2 2
left_child=1 2 5 11 10 -1 -7 8 12 -4 -5 -2 -6 -12
right_child=3 -3 9 4 7 6 -8 -9 -10 -11 13 -13 -14 -15
leaf_value=0.096228943343305035 -0.017219046822327423 0.019853554998959029 -0.029007824468053424 0.168150966963862 0.0036813381531199301 -0.050974301247998711 0.0077641780868557865 -0.043317641402653387 -0.031937117030636106 0.060425698082678274 -0.024915665579638729 0.025010546071664669 0.028705800077469708 0.029210481429888847
leaf_weight=4.3076266571879378 287.59457448031753 146.24991509690881 65.046222334727645 0.9086885079741468 102.22519486583769 16.96421922557056 388.4689302649349 11.204870605841277 16.833785938099027 4.2013111859560004 86.955719131045043 18.731652140617371 87.327010724693537 10.540333410724996
leaf_count=67 18091 3333 3416 27 2199 1165 6750 338 388 17 6529 649 1290 302
internal_value=-0.000395047 0.00613609 0.00194773 -0.00695679 0.000488144 0.0062623 0.00530643 0.00854873 0.0113646 -0.0235818 -0.0173353 -0.0146367 0.0152101 -0.0190641
internal_weight=1247.56 625.238 478.988 622.322 315.996 409.741 405.433 217.591 206.386 69.2475 98.4047 306.326 189.552 97.4961
internal_count=44561 14748 11415 29813 11073 7982 7915 4215 3877 3433 6858 18740 3489 6831
is_linear=0
shrinkage=0.05


Tree=35
num_leaves=15
num_cat=0
split_feature=1 4 3 2 3 2 8 3 1 4 1 2 3 2
split_gain=19.7735 15.4788 15.6984 39.1123 18.8976 17.0518 14.6116 14.0993 13.902 47.1113 16.0203 11.114 13.7047 10.9864
threshold=-12.499999999999998 15.500000000000002 21.500000000000004 0.65214646464646475 76.500000000000014 0.62782805429864263 1.0000000180025095e-35 34.500000000000007 -14.499999999999998 10.500000000000002 -19.499999999999996 0.67890835579514841 25.500000000000004 0.14400921658986179
decision_type=2 10 2 2 2 2 2 2 2 10 2 2 2 2
left_child=1 2 3 5 -4 -1 11 -8 10 -10 -7 12 -2 -3
right_child=6 13 4 -5 -6 8 7 -9 9 -11 -12 -13 -14 -15
leaf_value=-0.05073112928100082 0.030497354648829373 0.02961408188444873 -0.041538757352126629 -0.035906324566179371 0.061272186037134829 0.14826689402112625 -0.0013649670985170735 -0.027254724104889751 -0.050646331847771543 0.98819455779096599 -0.050784089090514753 -0.0080250333511992147 0.006543749254655039 -0.013048807432813475
leaf_weight=1.6331178974360243 67.710460854694247 25.466178448870778 86.42377413623035 17.024161264300346 4.7133499234914771 5.3058666847646228 321.09914285689592 62.886544142849743 0.25197640992701043 0.19251940026879311 1.2487433766946203 109.29370735678822 505.54374327044934 37.03632344212383
leaf_count=134 1145 1009 7019 1513 19 58 12194 2523 20 15 91 5342 10801 2678
internal_value=-0.000385143 -0.0157484 -0.0264956 0.00805367 -0.0362217 0.09475 0.0021976 -0.00560501 0.128695 0.399295 0.110345 0.00658717 0.00937305 0.00433387
internal_weight=1245.83 179.296 116.794 25.6564 91.1371 8.63222 1066.53 383.986 6.99911 0.444496 6.55461 682.548 573.254 62.5025
internal_count=44561 12556 8869 1831 7038 318 32005 14717 184 35 149 17288 11946 3687
is_linear=0
shrinkage=0.05


Tree=36
num_leaves=15
num_cat=0
split_feature=1 4 2 1 4 3 1 4 3 2 2 7 2 2
split_gain=18.462 17.4069 16.6827 16.7546 16.1304 12.3354 13.1642 18.0313 12.7983 24.4553 11.9251 10.9069 9.86886 26.7866
threshold=-5.4999999999999991 17.500000000000004 0.77888888888888907 24.500000000000004 4.5000000000000009 76.500000000000014 -12.499999999999998 15.500000000000002 21.500000000000004 0.65214646464646475 0.62782805429864263 1.0000000180025095e-35 0.94782214156079869 0.95744466800804839
decision_type=2 10 2 2 10 2 2 10 2 2 2 2 2 2
left_child=4 2 -2 12 -1 6 7 8 9 10 -6 -8 -4 -14
right_child=1 -3 3 -5 5 -7 11 -9 -10 -11 -12 -13 13 -15
leaf_value=-0.027859676038075445 0.0054964261648954883 0.03639001566994722 -0.035012634334306542 0.043508135649713266 -0.050714215138891287 0.097410729246501154 -0.0084884787648043785 0.0037258145225515975 -0.04278790907845012 -0.038102213566110307 0.11557187392411915 0.013500205377751276 0.14868810031943605 -0.015030722321683142
leaf_weight=86.056642769835889 645.30464413296431 40.044874898158014 60.248504122719169 10.438025712035595 1.3556485837325478 2.9838639050722113 109.16465042717755 62.479566879570484 62.77421731967479 12.028049599379299 5.2677762564271688 116.66486573033035 2.7570756617933538 26.628301039338112
leaf_count=4788 12098 881 4789 319 115 12 5332 3686 5283 1105 140 4092 199 1722
internal_value=-0.000378908 0.00427603 0.00255073 -0.0164444 -0.00834814 -0.00384314 -0.00466029 -0.0164791 -0.0319827 0.00438361 0.0815373 0.00287101 -0.0234259 0.000330156
internal_weight=1244.2 785.421 745.377 100.072 458.775 372.719 369.735 143.905 81.4257 18.6515 6.62342 225.83 89.6339 29.3854
internal_count=44561 20008 19127 7029 24553 19765 19753 10329 6643 1360 255 9424 6710 1921
is_linear=0
shrinkage=0.05


Tree=37
num_leaves=15
num_cat=0
split_feature=5 1 4 3 2 2 6 4 4 2 3 3 0 3
split_gain=17.6786 12.8771 13.4304 15.7463 14.3204 20.0584 13.971 15.9877 19.7248 13.1126 14.2355 26.0637 16.37 12.6684
threshold=1.5000000000000002 15.500000000000002 13.500000000000002 53.500000000000007 0.01941930618401207 0.12095088819226753 1.0000000180025095e-35 3.5000000000000004 4.5000000000000009 0.14017543859649126 43.500000000000007 49.500000000000007 7.5000000000000009 33.500000000000007
decision_type=2 2 10 2 2 2 2 10 10 2 2 2 2 2
left_child=1 2 3 4 -1 -6 9 -8 -9 10 -7 -12 -13 -2
right_child=13 -3 -4 -5 5 6 7 8 -10 -11 11 12 -14 -15
leaf_value=0.092637389431608846 -0.0029149777791609294 0.032270928860210539 0.017018512038393333 -0.024855145397044268 -0.050888635588747878 0.18144447550941292 -0.011206570790424718 0.19513161584152036 0.04337248773261259 -0.00039185261890115926 -0.051838609518621515 0.26517708751468144 0.022083863601227258 -0.021179712025154306
leaf_weight=4.4042668081820002 495.6281675612554 41.97146413102746 141.61782586295158 58.416176288388669 17.149883254431188 1.9291223287582377 12.409566700458525 2.3934970870614078 20.306888788938522 322.11104248929769 4.127377025783062 1.4173194328323009 1.3542609587311742 117.43013371061534
leaf_count=67 23204 451 3254 3109 1321 64 147 28 262 5839 128 34 44 6609
internal_value=-0.00036988 0.00551492 0.0036039 -0.000655441 0.00299173 0.00196139 0.00443749 0.0344272 0.0593738 0.00125582 0.0613745 0.0277999 0.146396 -0.00641355
internal_weight=1242.67 629.609 587.637 446.019 387.603 383.199 366.049 35.11 22.7004 330.939 8.82808 6.89896 2.77158 613.058
internal_count=44561 14748 14297 11043 7934 7867 6546 437 290 6109 270 206 78 29813
is_linear=0
shrinkage=0.05


Tree=38
num_leaves=15
num_cat=0
split_feature=1 4 2 4 1 3 1 4 3 2 2 7 0 2
split_gain=16.1906 15.1972 15.1786 14.9746 11.6839 11.3344 11.8326 16.918 12.2469 21.593 9.84464 9.62782 8.95502 8.72637
threshold=-5.4999999999999991 17.500000000000004 0.74556489262371628 4.5000000000000009 24.500000000000004 76.500000000000014 -12.499999999999998 15.500000000000002 21.500000000000004 0.65214646464646475 0.62782805429864263 1.0000000180025095e-35 57.500000000000007 0.14400921658986179
decision_type=2 10 2 10 2 2 2 10 2 2 2 2 2 2
left_child=3 2 -2 -1 -4 6 7 8 9 10 -5 -8 -6 -9
right_child=1 -3 4 5 12 -7 11 13 -10 -11 -12 -13 -14 -15
leaf_value=-0.027026195642104536 0.0054299967611738838 0.033555047471432176 -0.019614840955558877 -0.050677182766833119 0.055876381050914553 0.093711816690560959 -0.0080712541008908321 0.025552669882689623 -0.042336578648598557 -0.037568879088686336 0.1026040266448405 0.012575716035623925 -0.037045196241083274 -0.012276857733040521
leaf_weight=83.431670699268579 628.98496505431831 41.133650976233184 105.34848543256521 1.2867466798052216 9.4994180519133788 2.9697712510824195 108.08832743298262 26.277124824002385 59.507717534899712 11.555189729668198 5.634361163713038 118.212103552185 3.5662064449861637 36.308548176661134
leaf_count=4788 11388 881 7387 115 142 12 5332 1008 5283 1105 140 4092 210 2678
internal_value=-0.000361813 0.00396676 0.00233834 -0.007892 -0.0140837 -0.00357554 -0.00436307 -0.0157564 -0.0312958 0.00426405 0.0741066 0.00271406 0.0305138 0.00360619
internal_weight=1241.8 788.533 747.399 453.272 118.414 369.84 366.87 140.57 77.984 18.4763 6.92111 226.3 13.0656 62.5857
internal_count=44561 20008 19127 24553 7739 19765 19753 10329 6643 1360 255 9424 352 3686
is_linear=0
shrinkage=0.05


Tree=39
num_leaves=15
num_cat=0
split_feature=5 3 2 3 1 5 4 3 4 1 2 0 4 1
split_gain=14.9226 11.7305 16.6508 23.5411 16.2153 14.5398 11.506 11.2509 16.9175 14.4971 11.1587 16.1029 10.8902 10.421
threshold=1.5000000000000002 33.500000000000007 0.65214646464646475 25.500000000000004 10.500000000000002 3.5000000000000004 14.500000000000002 52.500000000000007 6.5000000000000009 5.5000000000000009 0.5623918952310355 27.500000000000004 17.500000000000004 -5.4999999999999991
decision_type=2 2 2 2 2 2 10 2 10 2 2 2 10 2
left_child=7 2 3 4 -2 12 -3 -1 -9 -10 11 -5 -4 -14
right_child=1 6 5 10 -6 -7 -8 8 9 -11 -12 -13 13 -15
leaf_value=0.0080286469347678347 0.024964936206697642 -0.033275864129275849 -0.017773496775274355 0.0016801674674716627 0.22020605667261359 0.017943674879132492 -0.00088912765126196317 -0.04163444799603306 -0.00029489408263413952 0.16398584314352677 -0.027951686861627825 0.18075998582074673 -0.020455198996677068 0.05452963693278317
leaf_weight=525.98350506369025 89.816278940998018 68.856285749934614 230.42194711696357 70.974526397883892 1.0762046799063671 39.280958134680986 45.575564096681774 29.956085301935673 76.310383219271898 1.3669704124331463 40.44866512902081 1.2779101729392994 8.2281290972605365 10.60574355535209
leaf_count=9932 3121 3916 13107 3313 9 1427 2693 1607 3193 16 1230 19 531 447
internal_value=-0.000351597 -0.00595724 -0.00260431 0.00834447 0.0272767 -0.0103298 -0.020377 0.00501469 -0.00971394 0.00259613 -0.00692419 0.00484751 -0.0147856 0.0217703
internal_weight=1240.18 606.562 492.13 203.594 90.8925 288.537 114.432 633.617 107.633 77.6774 112.701 72.2524 249.256 18.8339
internal_count=44561 29813 23204 7692 3130 15512 6609 14748 4816 3209 4562 3332 14085 978
is_linear=0
shrinkage=0.05


Tree=40
num_leaves=15
num_cat=0
split_feature=1 2 4 5 0 1 4 3 1 2 3 2 3 2
split_gain=14.4651 13.4752 12.0798 12.9525 14.3174 34.1118 11.8814 21.7393 11.8095 11.7423 12.3177 11.3679 16.4696 10.4232
threshold=-8.4999999999999982 0.77888888888888907 9.5000000000000018 3.5000000000000004 4.5000000000000009 -17.499999999999996 11.500000000000002 13.500000000000002 25.500000000000004 0.20794025157232707 43.500000000000007 0.94058823529411772 2.5000000000000004 0.93142633228840133
decision_type=2 2 10 2 2 2 10 2 2 2 2 2 2 2
left_child=2 -2 -1 9 -5 -6 7 -7 13 10 -4 -11 -13 -3
right_child=1 8 3 4 5 6 -8 -9 -10 11 -12 12 -14 -15
leaf_value=-0.021599330811284359 0.0051814199056661901 -0.030161153463934415 0.059304286418522069 -0.0055054268350191189 0.7909070674197215 0.59276928471565227 0.054079707156003111 0.053852048596106511 0.040461701293540729 -0.020194547878075772 0.0012859479387166012 -0.05135247178598526 0.2421059354316466 0.0010750340114702185
leaf_weight=125.5082777030766 800.1276169475168 65.355467176064849 10.295861738733946 5.324939236044882 0.17818591371178616 0.3084809686988591 4.2618678044527769 0.47568800207227468 9.5841835262253863 88.592934937216341 82.078584433533251 0.90981922298669715 1.0076178368180988 45.16194514464587
leaf_count=8434 16587 5360 375 213 12 5 195 27 286 6626 3588 42 19 2792
internal_value=-0.000343061 0.00283728 -0.00951914 -0.00168099 0.0521907 0.110999 0.0869901 0.265854 -0.0127796 -0.00478841 0.00775255 -0.0175877 0.102861 -0.0173968
internal_weight=1239.17 920.229 318.942 193.434 10.5492 5.22422 5.04604 0.784169 120.102 182.885 92.3744 90.5104 1.91744 110.517
internal_count=44561 25025 19536 11102 452 239 227 32 8438 10650 3963 6687 61 8152
is_linear=0
shrinkage=0.05


Tree=41
num_leaves=15
num_cat=0
split_feature=8 3 3 3 4 1 1 2 3 2 0 3 3 3
split_gain=13.8816 15.0764 9.23532 10.9474 10.5264 14.073 11.3633 10.9308 10.701 10.206 9.18465 8.7996 8.29758 8.2696
threshold=1.0000000180025095e-35 33.500000000000007 57.500000000000007 19.500000000000004 13.500000000000002 -12.499999999999998 14.500000000000002 0.24217986314760512 25.500000000000004 0.01941930618401207 13.500000000000002 76.500000000000014 54.500000000000007 39.500000000000007
decision_type=2 2 2 2 10 2 2 2 2 2 2 2 2 2
left_child=2 -2 3 -1 5 9 7 13 -7 12 -9 -4 -5 -6
right_child=1 -3 11 4 6 8 -8 10 -10 -11 -12 -13 -14 -15
leaf_value=-0.0090953422952691192 -0.0018387137337070221 -0.022244250754127559 -0.021640952696623809 0.07273127248916382 0.13953446259231486 0.026574695988309929 0.22143953029705465 -0.018932981680610288 0.0033788960366335588 -0.050539960831440023 0.018485216914635005 0.080842772488983625 -0.050928508884026516 0.030997980014762616
leaf_weight=111.14058232773095 357.56475547235459 121.20225513074547 47.034972282126546 3.561860483139756 1.8053566580638278 57.229859042912722 0.69704891741275687 24.787280915305018 378.98189037851989 18.659168590791523 48.465317387133837 2.1921847760677329 2.1909942319616675 62.898383714258671
leaf_count=5919 15746 6687 2536 58 37 779 4 1368 7432 1928 648 9 124 1286
internal_value=-0.000336402 -0.00700448 0.00386616 0.00531739 0.00799034 0.00435463 0.0200686 0.0190512 0.00642213 -0.0325888 0.00582361 -0.0170771 0.025635 0.0340264
internal_weight=1238.41 478.767 759.645 710.418 599.277 460.624 138.653 137.956 436.212 24.412 73.2526 49.2272 5.75285 64.7037
internal_count=44561 22433 22128 19583 13664 10321 3343 3339 8211 2110 2016 2545 182 1323
is_linear=0
shrinkage=0.05


Tree=42
num_leaves=15
num_cat=0
split_feature=4 1 5 2 0 3 3 0 2 2 5 0 1 0
split_gain=13.5647 15.8624 17.7018 16.9956 13.1238 14.4936 13.006 12.6418 12.4281 64.6512 33.9658 28.2532 21.8335 13.5467
threshold=13.500000000000002 -12.499999999999998 4.5000000000000009 0.74556489262371628 2.5000000000000004 21.500000000000004 19.500000000000004 51.500000000000007 0.95199692780337952 0.95744466800804839 2.5000000000000004 27.500000000000004 2.5000000000000004 19.500000000000004
decision_type=10 2 2 2 2 2 2 2 2 2 2 2 2 2
left_child=1 4 3 -3 5 6 -1 -2 -5 10 -10 12 13 -12
right_child=7 2 -4 8 -6 -7 -8 -9 9 -11 11 -13 -14 -15
leaf_value=-0.050687929310757968 0.0072029339375136699 0.00072800494448187376 0.072547783018227771 -0.029904624563165207 -0.03988875395308477 -0.017183024839910983 0.10173351889763989 0.14135745887711612 -0.050858675499402942 -0.014302734355424699 0.32072489562978457 0.94734096797804401 -0.05087688765947887 0.74029003194376775
leaf_weight=1.8850723318755616 357.22046861238778 675.96245041489601 7.9960095565766087 83.359533126465976 51.912352834362537 25.973143002018332 5.4340263400226831 1.7647342104464758 0.59542652126401963 23.343942084349692 0.80464516207575776 0.20022273063659657 0.31903589330613602 0.25283968448638916
leaf_count=162 13344 15923 147 5964 5710 1512 55 39 40 1589 27 10 21 18
internal_value=-0.000326074 -0.00367393 -0.00147081 -0.00222492 -0.0241741 0.000329658 0.0624766 0.00786242 -0.0205584 0.00997516 0.270886 0.392386 0.311665 0.421041
internal_weight=1237.02 878.039 792.834 784.838 85.2046 33.2922 7.3191 358.985 108.876 25.5161 2.17217 1.57674 1.37652 1.05748
internal_count=44561 31178 23739 23592 7439 1729 217 13383 7669 1705 116 76 66 45
is_linear=0
shrinkage=0.05


Tree=43
num_leaves=15
num_cat=0
split_feature=8 3 3 2 4 1 3 3 3 1 0 3 4 4
split_gain=12.4993 13.9762 8.32342 9.74548 9.18308 12.811 10.1883 9.52326 9.47917 9.88376 31.8451 8.12062 8.15811 7.93367
threshold=1.0000000180025095e-35 33.500000000000007 57.500000000000007 0.67890835579514841 15.500000000000002 -12.499999999999998 45.500000000000007 25.500000000000004 19.500000000000004 15.500000000000002 36.500000000000007 76.500000000000014 9.5000000000000018 13.500000000000002
decision_type=2 2 2 2 10 2 2 2 2 2 2 2 10 10
left_child=2 -2 3 4 5 -1 -6 8 -7 -10 -11 12 -4 -3
right_child=1 13 11 -5 6 7 -8 -9 9 10 -12 -13 -14 -15
leaf_value=-0.028687307913525369 -0.0017406685308567951 -0.034907157449645135 -0.045661389473652177 -0.0085580121461677761 0.0070729578161926867 -0.027897368913020082 0.041028555709148984 0.0040987746580486142 0.025395545551922055 0.26412980097705474 0.0032208359059938923 0.077597069787871203 -0.0030035858125434241 -0.0090355871268104158
leaf_weight=26.832019932568073 356.33416440151632 57.408300516195595 19.345141097903252 111.69474523887038 49.195665725506842 7.48019672371447 40.09650450386107 422.28521618805826 50.467584827914834 1.8461458384990681 3.1909277141094208 2.1901676952838889 26.646441930904984 61.245856857858598
leaf_count=2400 15746 3365 1380 5927 1351 182 801 8186 699 13 24 9 1156 3322
internal_value=-0.000325061 -0.00668988 0.00364621 0.00500521 0.00752426 0.0049443 0.0223207 0.00680389 0.0249405 0.0320613 0.098847 -0.016467 -0.0209465 -0.021553
internal_weight=1236.26 474.988 761.271 713.089 601.394 512.102 89.2922 485.27 62.9849 55.5047 5.03707 48.1818 45.9916 118.654
internal_count=44561 22433 22128 19583 13656 11504 2152 9104 918 736 37 2545 2536 6687
is_linear=0
shrinkage=0.05


Tree=44
num_leaves=15
num_cat=0
split_feature=1 4 4 2 5 2 2 3 5 2 3 2 3 2
split_gain=11.7732 12.9499 12.344 10.8639 10.8516 25.9755 11.8334 10.3554 9.72878 11.1217 14.92 10.3106 13.5336 14.5409
threshold=-5.4999999999999991 4.5000000000000009 18.500000000000004 0.7421798631476052 2.5000000000000004 0.68496240601503777 0.56710977701543752 76.500000000000014 3.5000000000000004 0.24217986314760512 52.500000000000007 0.94058823529411772 2.5000000000000004 0.95199692780337952
decision_type=2 10 10 2 2 2 2 2 2 2 2 2 2 2
left_child=1 -1 3 -2 5 6 -4 8 9 10 -3 -11 -13 -14
right_child=2 7 4 -5 -6 -7 -8 -9 -10 11 -12 12 13 -15
leaf_value=-0.025347831309308018 0.0047890001847772073 0.013815072113539323 0.068807080123980208 -0.011619531037292364 -0.006326563381954209 0.25508450855262582 -0.042867027777176395 0.090750380608818404 0.028931225943586193 -0.017302985900134595 -0.016861512944849697 -0.030608446810396442 0.067644099001303234 0.34211577028566265
leaf_weight=78.014555495698005 651.8246810529381 113.19556995807216 9.8763040639460105 119.34550573769957 8.2427416127175075 1.6067672427743662 3.1220387220382682 2.9283861815929404 21.534343264065683 159.18860627757385 60.994288824498653 2.425075505860149 2.0420557167381053 0.63185134157538403
leaf_count=4788 11554 3880 90 8049 244 40 31 12 845 11394 3444 124 53 13
internal_value=-0.000315359 -0.00686635 0.00332271 0.00224963 0.0395416 0.0654284 0.0419844 -0.00289373 -0.00365544 -0.00572865 0.00307336 -0.0150612 0.0549269 0.132502
internal_weight=1234.97 440.955 794.018 771.17 22.8479 14.6051 12.9983 362.94 360.012 338.477 174.19 164.288 5.09898 2.67391
internal_count=44561 24553 20008 19603 405 161 121 19765 19753 18908 7324 11584 190 66
is_linear=0
shrinkage=0.05


Tree=45
num_leaves=15
num_cat=0
split_feature=4 1 5 2 0 3 2 2 2 0 3 3 0 3
split_gain=11.4537 13.4889 15.3029 14.8408 12.6924 13.0534 12.2566 11.4689 20.9723 13.5794 11.2869 11.1942 20.3251 15.1868
threshold=13.500000000000002 -12.499999999999998 4.5000000000000009 0.74556489262371628 2.5000000000000004 21.500000000000004 0.01941930618401207 0.94058823529411772 0.97202660406885777 11.500000000000002 19.500000000000004 54.500000000000007 2.5000000000000004 23.500000000000004
decision_type=10 2 2 2 2 2 2 2 2 2 2 2 2 2
left_child=1 4 3 11 5 10 -7 -5 9 -9 -1 12 13 -3
right_child=-2 2 -4 7 -6 6 -8 8 -10 -11 -12 -13 -14 -15
leaf_value=-0.050647109470557644 0.0071685410655588956 0.54401513298351412 0.065655154697922394 -0.030695318553011393 -0.039086057337215777 0.019685568004251579 -0.050587072725766874 0.13195960645668867 -0.046782547956291151 0.018583118209050543 0.09449225248793941 -0.026925572145165624 0.0016594272582815082 0.11524118276411327
leaf_weight=1.7594554545357812 362.01247069146484 0.2521471381187429 8.4112149924039823 72.580248832702637 48.389005378820002 12.245635041967036 12.578559158369897 3.1082723354920772 12.320634895935653 17.569108818657696 5.6121781226247549 35.095958768390119 640.5779556883499 1.1411151029169557
leaf_count=162 13383 15 147 5533 5710 342 1170 61 1025 1050 55 1896 13992 20
internal_value=-0.000307192 -0.00341203 -0.0014268 -0.00214774 -0.0229 0.00142707 -0.015922 -0.0195837 0.00485679 0.0356261 0.0598505 0.000571124 0.00207434 0.192839
internal_weight=1233.65 871.641 791.057 782.645 80.5848 32.1958 24.8242 105.578 32.998 20.6774 7.37163 677.067 641.971 1.39326
internal_count=44561 31178 23739 23592 7439 1729 1512 7669 2136 1111 217 15923 14027 35
is_linear=0
shrinkage=0.05


Tree=46
num_leaves=15
num_cat=0
split_feature=1 4 1 0 3 2 3 2 2 2 5 2 2 4
split_gain=11.3153 10.3603 10.8611 16.3262 9.93935 13.2697 9.47846 8.88902 47.2949 15.8189 14.7915 14.0979 20.3413 19.8049
threshold=3.5000000000000004 17.500000000000004 -13.499999999999998 2.5000000000000004 22.500000000000004 0.65214646464646475 76.500000000000014 0.95199692780337952 0.95744466800804839 0.68496240601503777 4.5000000000000009 0.8293800539083559 0.7685439560439562 4.5000000000000009
decision_type=2 10 2 2 2 2 2 2 2 2 2 2 2 10
left_child=1 2 3 4 5 -1 -6 9 -9 -4 -11 12 -12 -14
right_child=-2 -3 7 -5 6 -7 -8 8 -10 10 11 -13 13 -15
leaf_value=0.079532531577237608 0.0067801520008294218 0.011305064969753248 -0.00048706861201936477 -0.037371067204755845 -0.02011909370261895 -0.050666567623063222 0.054826990358240749 0.23761732479505732 0.0011638712059219109 -0.026434055676178278 -0.052136277196030305 -0.051832833881759056 -0.054092870880099099 0.24593415673136507
leaf_weight=7.5177318425849062 387.01173453126103 103.15513883531094 507.25501537276432 60.850066173821688 31.935699346475303 2.6456848527304828 4.860828533768653 2.406256663613024 17.457612290047109 100.53932011919096 1.4622944127768267 2.2645102133974433 0.72097948193550143 2.3198938090354204
leaf_count=118 8367 3918 15842 6636 2076 235 20 64 789 6307 49 83 14 43
internal_value=-0.00030082 -0.00354242 -0.00560591 -0.0202782 0.00187061 0.0456398 -0.0102187 -0.0031126 0.0298072 -0.00417664 -0.0216177 0.0499324 0.101107 0.174799
internal_weight=1232.4 845.391 742.236 107.81 46.9599 10.1634 36.7965 634.426 19.8639 614.562 107.307 6.76768 4.50317 3.04087
internal_count=44561 36194 32276 9085 2449 353 2096 23191 853 22338 6496 189 106 57
is_linear=0
shrinkage=0.05


Tree=47
num_leaves=15
num_cat=0
split_feature=8 3 4 2 0 4 2 2 2 3 0 4 2 1
split_gain=10.3082 13.1701 7.39391 7.35775 7.85196 13.819 12.3176 13.3148 11.9089 8.36136 13.3634 7.87963 12.111 13.7942
threshold=1.0000000180025095e-35 33.500000000000007 13.500000000000002 0.97162977867203237 11.500000000000002 8.5000000000000018 0.95199692780337952 0.20483682983682985 0.95744466800804839 41.500000000000007 7.5000000000000009 13.500000000000002 0.93142633228840133 -1.0000000180025095e-35
decision_type=2 2 10 2 2 10 2 2 2 2 2 10 2 2
left_child=3 -2 -3 4 5 -1 7 9 -8 10 -7 -6 -13 -14
right_child=1 2 -4 -5 11 6 8 -9 -10 -11 -12 12 13 -15
leaf_value=-0.020949183099022359 -0.0013433581430292746 -0.034196202169549619 -0.008827003404245538 -0.040817143673374856 0.0044414598896532704 -0.025422515729668319 0.24170294536974152 -0.0172287699306919 0.040292289534703096 0.010095226295535374 0.15028204967028652 0.016657564799057792 0.23173794684456872 0.039098344093951458
leaf_weight=77.823102654889226 352.48048324417323 54.451434796210378 60.780502876266837 9.3410467160865647 421.48594914097339 1.8079016837291408 1.0036249421536916 55.448957816231996 2.7310494724661112 99.381985084153712 2.6957892347127199 87.370992888696492 1.4011172028258441 2.7594609139487138
leaf_count=4518 15746 3365 3322 623 8326 58 11 3254 35 3212 52 1834 43 162
internal_value=-0.000295637 -0.00614063 -0.0208149 0.00328612 0.00383256 -0.00361397 0.00465908 0.00255521 0.0944177 0.0131149 0.0797495 0.00732915 0.0206264 0.103972
internal_weight=1230.96 467.712 115.232 763.251 753.91 240.892 163.069 159.335 3.73467 103.886 4.50369 513.018 91.5316 4.16058
internal_count=44561 22433 6687 22128 21505 11140 6622 6576 46 3322 110 10365 2039 205
is_linear=0
shrinkage=0.05


Tree=48
num_leaves=15
num_cat=0
split_feature=1 8 4 3 2 1 2 1 3 2 5 4 4 4
split_gain=9.94064 9.3747 8.50019 10.9413 12.8371 13.8428 9.94747 8.63214 8.20971 10.2082 12.9116 9.83349 13.3076 8.125
threshold=3.5000000000000004 1.0000000180025095e-35 11.500000000000002 54.500000000000007 0.01941930618401207 -12.499999999999998 0.2573593073593074 -1.4999999999999998 33.500000000000007 0.72111111111111115 4.5000000000000009 5.5000000000000009 11.500000000000002 13.500000000000002
decision_type=2 2 10 2 2 2 2 2 2 2 2 10 10 10
left_child=1 2 3 4 -1 -6 7 -4 9 -3 -11 -12 -13 -10
right_child=-2 8 6 -5 5 -7 -8 -9 13 10 11 12 -14 -15
leaf_value=0.090405169791146239 0.0063153268553655106 0.001656398447984852 0.014686839051007056 -0.030926522593692992 -0.050449135075132212 0.00026804463857079877 -0.0024015988337430134 0.067398842554933711 -0.039143305608092073 -0.028891230414403973 -0.055337553972848591 0.18400873760223724 -0.017165421592059818 -0.0097864595439719777
leaf_weight=3.7665558271110049 389.50292197801173 164.82046409510076 104.49154812656343 35.249729610979557 14.255817800760267 239.23009130079299 112.54580114129931 8.3904017452150566 40.95384578499943 56.660888692364097 1.394787287339567 2.0231479126960044 1.3846652768552301 55.52299590408802
leaf_count=54 8367 7261 2759 2335 1785 6675 4553 105 3050 4294 31 26 34 3232
internal_value=-0.000287853 -0.00334719 0.000820882 -0.00480237 -0.00122274 -0.00258424 0.0081173 0.0186049 -0.0100356 -0.00482876 -0.0222193 0.0564953 0.102267 -0.0222483
internal_weight=1230.19 840.691 517.93 292.502 257.252 253.486 225.428 112.882 322.761 226.284 61.4635 4.8026 3.40781 96.4768
internal_count=44561 36194 18266 10849 8514 8460 7417 2864 17928 11646 4385 91 60 6282
is_linear=0
shrinkage=0.05


Tree=49
num_leaves=15
num_cat=0
split_feature=4 1 0 5 2 2 2 5 2 5 2 2 2 0
split_gain=9.20634 10.6796 11.5448 11.3746 13.2001 13.6359 18.1965 11.5867 10.7171 15.7275 10.5809 11.3753 10.3224 10.039
threshold=13.500000000000002 -12.499999999999998 2.5000000000000004 4.5000000000000009 0.77888888888888907 0.94058823529411772 0.97202660406885777 1.5000000000000002 0.96799795186891979 3.5000000000000004 0.62782805429864263 0.01941930618401207 0.65214646464646475 51.500000000000007
decision_type=10 2 2 2 2 2 2 2 2 2 2 2 2 2
left_child=1 2 10 4 -3 7 8 -6 -7 -10 11 -1 -12 -2
right_child=13 3 -4 -5 5 6 -8 -9 9 -11 12 -13 -14 -15
leaf_value=0.018934976761057046 0.0057564600543317732 0.00021989046346270076 -0.037783540459982626 0.054010040468737787 0.045856185948294548 0.014855349448532357 -0.046480186116354932 -0.044092042041519924 -0.017892478958253695 0.18945244095385269 0.086825710979758414 -0.050562920634929023 -0.050586304683864769 0.11849648796064538
leaf_weight=12.298478024080401 363.78856704290956 695.90440707467496 43.560521689243615 9.1590720284730178 3.8783910460770121 17.824512740597132 11.593757598660885 46.576881969347596 1.516663953661918 2.30374357663095 5.6965820668265215 11.295629526954142 1.7980811791494486 1.9853490479290474
leaf_count=342 13344 16782 5710 147 45 971 1025 4629 122 18 58 1144 185 39
internal_value=-0.000279854 -0.00309632 -0.0211722 -0.00138559 -0.0020364 -0.0207972 0.00406822 -0.0371779 0.0311437 0.107139 0.0021031 -0.014337 0.0538585 0.00636839
internal_weight=1229.18 863.407 74.6493 788.757 779.598 83.694 33.2387 50.4553 21.6449 3.82041 31.0888 23.5941 7.49466 365.774
internal_count=44561 31178 7439 23739 23592 6810 2136 4674 1111 140 1729 1486 243 13383
is_linear=0
shrinkage=0.05


Tree=50
num_leaves=15
num_cat=0
split_feature=2 1 2 2 2 3 2 2 1 3 2 3 2 2
split_gain=8.97011 9.93571 10.8213 23.5838 13.4995 20.0273 13.198 12.0086 10.9999 15.3472 13.5313 12.6289 26.0166 65.3307
threshold=0.98581488933601624 3.5000000000000004 0.95199692780337952 0.95744466800804839 0.65214646464646475 21.500000000000004 0.62034482758620701 0.64850506548060305 -8.4999999999999982 25.500000000000004 0.22832080200501256 24.500000000000004 0.55857142857142872 0.56710977701543752
decision_type=2 2 2 2 2 2 2 2 2 2 2 2 2 2
left_child=1 2 4 -4 5 7 8 -1 10 11 -7 -10 -13 -14
right_child=-2 -3 3 -5 -6 6 -8 -9 9 -11 -12 12 13 -15
leaf_value=0.025258228413402792 -0.051844628404642282 0.0067097037338984897 0.15504202466141592 0.0086532676868392149 -0.01705905026992988 -0.0014458125202780293 -0.052562012501553512 0.11395066236109108 0.017847366472111915 0.0009791293731022581 -0.026925514477636883 0.0023437630070831479 0.42109487598193723 -0.0026832626807788435
leaf_weight=29.40024889074266 8.3741163816302997 386.28408729843795 3.3336800029501346 15.74923880305141 156.5606297631748 149.14212773460895 13.021858748514203 4.3857743553817263 15.579045200720431 358.6246061436832 80.086660642642528 3.6075809858739367 1.6787040773779156 1.9846577178686855
leaf_count=1036 650 7941 69 623 9753 7435 494 108 402 8711 7173 89 30 47
internal_value=-0.000272702 8.14525e-05 -0.00299167 0.0342266 -0.00386412 -0.000722258 -0.00275322 0.0367714 -0.00169116 0.00351061 -0.0103478 0.0432415 0.0976522 0.191509
internal_weight=1227.81 1219.44 833.155 19.0829 814.072 657.511 623.725 33.786 610.703 381.475 229.229 22.85 7.27094 3.66336
internal_count=44561 43911 35970 692 35278 25525 24381 1144 23887 9279 14608 568 166 77
is_linear=0
shrinkage=0.05


Tree=51
num_leaves=15
num_cat=0
split_feature=4 3 2 1 3 1 5 2 3 2 2 5 2 2
split_gain=8.64592 9.9726 11.2485 13.4548 14.761 15.9315 11.5043 13.1798 9.63005 9.3858 24.0218 10.4865 10.5262 16.095
threshold=13.500000000000002 53.500000000000007 0.01941930618401207 -13.499999999999998 21.500000000000004 -19.499999999999996 4.5000000000000009 0.74556489262371628 76.500000000000014 0.95199692780337952 0.95744466800804839 3.5000000000000004 0.97162977867203237 0.96799795186891979
decision_type=10 2 2 2 2 2 2 2 2 2 2 2 2 2
left_child=1 2 -1 4 5 -4 7 -5 -3 -9 -11 -12 13 -13
right_child=-2 8 3 6 -6 -7 -8 9 -10 10 11 12 -14 -15
leaf_value=0.072889431044083242 0.0061581750310564206 -0.029522391638678078 0.062824656064176823 0.0014587198867123537 -0.050401420792049192 -0.034671508691437286 0.053978386686798788 -0.026892791080000172 0.049741297464495897 0.12088209543870683 -0.032615595824387139 -0.052580853406290762 -0.051365615905223205 0.16971472388542319
leaf_weight=5.0362150184810153 366.68373336503282 51.046558029949665 7.5136263547465232 643.67725950013846 28.572402198798954 9.4725546226836723 9.5757641578093153 75.227996532805264 4.1429545283317557 3.9881318090483573 16.362612354569141 1.2188049461692565 1.811055341735482 2.4532957337796688
leaf_count=67 13383 3429 210 14536 3830 1120 161 6102 17 116 1473 29 72 16
internal_value=-0.000270482 -0.00301119 -0.0016014 -0.00207042 -0.0284573 0.00845471 -0.000476718 -0.0011769 -0.0235722 -0.0179635 0.00803851 -0.0125621 0.0472809 0.0959327
internal_weight=1226.78 860.099 804.91 799.874 45.5586 16.9862 754.315 744.739 55.1895 101.062 25.8339 21.8458 5.48316 3.6721
internal_count=44561 31178 27732 27665 5160 1330 22505 22344 3446 7808 1706 1590 117 45
is_linear=0
shrinkage=0.05


Tree=52
num_leaves=15
num_cat=0
split_feature=2 1 2 2 2 3 2 2 1 3 4 5 2 2
split_gain=8.41412 8.97559 8.65139 15.2607 12.1217 16.9745 12.5849 10.7382 9.82296 12.5231 11.3344 10.4454 10.1719 43.3041
threshold=0.98581488933601624 3.5000000000000004 0.95199692780337952 0.95744466800804839 0.65214646464646475 21.500000000000004 0.62034482758620701 0.62034482758620701 -7.4999999999999991 25.500000000000004 17.500000000000004 1.5000000000000002 0.55857142857142872 0.5623918952310355
decision_type=2 2 2 2 2 2 2 2 2 2 10 2 2 2
left_child=1 2 4 -4 5 7 8 -1 10 12 11 -7 -10 -14
right_child=-2 -3 3 -5 -6 6 -8 -9 9 -11 -12 -13 13 -15
leaf_value=-0.0055839137204116533 -0.051881482609993305 0.006343654391822562 0.1161605139131605 0.0075217520034783561 -0.016326460353120475 -0.0057841595892971741 -0.052449178921443865 0.053112432326509786 -0.0069841086038595806 0.0013795872268217747 0.01190613788449375 -0.02919429625995823 0.219407791674365 0.017113283316306432
leaf_weight=11.773498259950427 7.8446007687598458 388.14197969157249 4.0621647648513344 15.82771191280335 153.32780201686546 131.81032889382914 12.415667047258465 23.041202559601516 7.6199020184576538 328.15335115697235 51.829054865054786 74.627056903205812 3.4455167800188056 11.392889473587273
leaf_count=470 650 7941 69 623 9753 6260 494 674 183 7683 2363 7077 54 267
internal_value=-0.000264314 6.82749e-05 -0.00286873 0.0297093 -0.00366926 -0.000711363 -0.00261513 0.0332627 -0.00159896 0.00385167 -0.00899851 -0.0142469 0.0399729 0.0640866
internal_weight=1225.31 1217.47 829.326 19.8899 809.436 656.108 621.294 34.8147 608.878 350.612 258.266 206.437 22.4583 14.8384
internal_count=44561 43911 35970 692 35278 25525 24381 1144 23887 8187 15700 13337 504 321
is_linear=0
shrinkage=0.05


Tree=53
num_leaves=15
num_cat=0
split_feature=2 0 4 5 4 8 2 2 1 3 4 2 0 2
split_gain=7.99048 8.19216 8.49946 9.38193 8.91439 7.83242 8.8617 10.2921 22.2626 8.95705 19.4557 10.7193 34.5586 8.42987
threshold=0.98581488933601624 24.500000000000004 18.500000000000004 3.5000000000000004 3.5000000000000004 1.0000000180025095e-35 0.32109164420485181 0.31881313131313133 -1.0000000180025095e-35 43.500000000000007 11.500000000000002 0.15601757944557135 6.5000000000000009 0.17694497153700192
decision_type=2 2 10 2 8 2 2 2 2 2 10 2 2 2
left_child=1 5 3 -3 -5 6 7 9 -9 11 -11 12 -1 -13
right_child=-2 2 -4 4 -6 -7 -8 8 -10 10 -12 13 -14 -15
leaf_value=-0.053242324421113797 -0.051804219527312081 0.0048394424241141728 0.069823067852372592 0.21025540854992589 0.03214793247145669 -0.0093381214768019916 -0.0061895360184656949 -0.016493099614649412 0.19711587675266212 -0.012061625436172965 0.016238243451218062 -0.044150868938329493 0.21462955399180364 0.019336429735671189
leaf_weight=2.2298995959572485 7.4728643242269746 331.39956173114479 5.2418569279834619 1.0519462153315537 2.1150611247867346 283.24581631273031 258.49107229989022 2.7659024274908006 2.1820583194494239 139.30032490659505 107.67655378067866 5.6330655943602315 2.6172162443399429 72.824369349516928
leaf_count=108 650 7272 71 6 54 16912 9336 65 28 5512 2785 126 55 1581
internal_value=-0.000259613 5.69501e-05 0.00664776 0.00565795 0.0913077 -0.00249687 0.000766885 0.00613089 0.0777088 0.00505858 0.000276503 0.0192362 0.091396 0.0147782
internal_weight=1224.25 1216.77 339.808 334.567 3.16701 876.966 593.72 335.229 4.94796 330.281 246.977 83.3046 4.84712 78.4574
internal_count=44561 43911 7403 7332 60 36508 19596 10260 93 10167 8297 1870 163 1707
is_linear=0
shrinkage=0.05


Tree=54
num_leaves=15
num_cat=0
split_feature=4 3 8 3 2 1 3 5 2 3 0 0 0 2
split_gain=7.60183 8.95161 10.332 13.1163 9.68789 15.7121 8.9848 8.08389 9.28086 11.7513 8.73923 7.84631 7.12352 6.793
threshold=13.500000000000002 53.500000000000007 1.0000000180025095e-35 33.500000000000007 0.01941930618401207 -12.499999999999998 76.500000000000014 3.5000000000000004 0.75219298245614052 21.500000000000004 3.5000000000000004 51.500000000000007 2.5000000000000004 0.94058823529411772
decision_type=10 2 2 2 2 2 2 2 2 2 2 2 2 2
left_child=1 2 4 7 -1 -6 -3 8 9 10 -4 -2 -7 -10
right_child=11 6 3 -5 5 12 -8 -9 13 -11 -12 -13 -14 -15
leaf_value=0.07152527835462584 0.0051820797169699053 -0.028646654807866663 0.068536319085760578 -0.034211905837171062 -0.050406630097361564 0.11326268559054631 0.048102734245653388 0.033179584212496921 -0.035895091241745856 -0.012173002310798766 0.0085018557962548025 0.09966706994105308 0.0032158406868733852 0.0032193400983293501
leaf_weight=5.0704363323748103 366.32203165814281 49.13274354999885 6.6496346993371835 43.965186348650604 13.874844883568583 1.4749686904251564 4.1341344863176337 13.412920309230683 39.070330314803869 103.25087467906997 68.590305019635707 2.210510089993476 490.81298884283751 15.505270061083136
leaf_count=63 13344 3429 144 3008 1973 52 17 503 3684 3954 2269 39 10856 1226
internal_value=-0.0002541 -0.00284172 -0.00152291 -0.00905371 0.00275552 0.00206663 -0.02269 -0.00456618 -0.00673844 -0.00122128 0.0138076 0.00574881 0.00354556 -0.0247824
internal_weight=1223.48 854.945 801.678 290.445 511.233 506.163 53.2669 246.479 233.066 178.491 75.2399 368.533 492.288 54.5756
internal_count=44561 31178 27732 14788 12944 12881 3446 11780 11277 6367 2413 13383 10908 4910
is_linear=0
shrinkage=0.05


Tree=55
num_leaves=15
num_cat=0
split_feature=2 1 2 3 4 2 2 3 2 2 1 0 1 5
split_gain=7.66874 7.61965 10.8614 18.9239 9.91083 9.5156 9.85316 8.36532 14.7945 54.2092 30.1021 76.9476 83.0361 14.1725
threshold=0.98581488933601624 -1.4999999999999998 0.26587828859952173 45.500000000000007 4.5000000000000009 0.94058823529411772 0.24217986314760512 34.500000000000007 0.41801075268817212 0.41048534798534803 -11.499999999999998 15.500000000000002 -9.4999999999999982 1.5000000000000002
decision_type=2 2 2 2 10 2 2 2 2 2 2 2 2 2
left_child=1 4 3 -3 -1 6 -6 8 9 13 -11 12 -12 -8
right_child=-2 2 -4 -5 5 -7 7 -9 -10 10 11 -13 -14 -15
leaf_value=-0.017560903825622292 -0.051787927977758302 0.10985895568308529 0.0022657122580300414 0.014229339169957994 0.0059393015558372488 0.036180181579178745 0.059207857199169524 -0.02217276291808571 -0.0073067175869737395 0.017779229313571513 0.30100081052190159 0.12183460476475239 1.5506036792917424 -0.038223114510853723
leaf_weight=109.51875196257606 7.1747496477328232 6.1969139389693728 579.94349982729182 31.318549880757928 206.96430678572506 16.694278231821954 7.0934568084776419 79.646345811896026 167.64369291719049 0.73178006522357497 0.28426345251500607 0.86341213900595903 0.24973792489617952 7.8773059523664415
leaf_count=6150 650 68 12974 556 8050 445 163 4333 10416 75 19 29 13 620
internal_value=-0.000247237 5.71112e-05 0.00395235 0.0300257 -0.00396779 -0.000917478 -0.00223139 -0.0086274 -0.00278775 0.041515 0.277576 0.413622 0.885406 0.00794169
internal_weight=1222.2 1215.03 617.459 37.5155 597.567 488.049 471.354 264.39 184.744 17.1 2.12919 1.39741 0.534001 14.9708
internal_count=44561 43911 13598 624 30313 24163 23718 15668 11335 919 136 61 32 783
is_linear=0
shrinkage=0.05


Tree=56
num_leaves=15
num_cat=0
split_feature=2 1 0 3 3 4 2 2 3 2 8 5 2 2
split_gain=7.27847 7.26383 9.10675 21.6045 8.06865 7.13924 7.94731 13.5421 11.8933 11.4429 10.2623 8.83391 8.77637 16.55
threshold=0.98581488933601624 5.5000000000000009 27.500000000000004 28.500000000000004 42.500000000000007 18.500000000000004 0.95199692780337952 0.68027777777777787 23.500000000000004 0.95744466800804839 1.0000000180025095e-35 4.5000000000000009 0.82497911445279881 0.7685439560439562
decision_type=2 2 2 2 2 10 2 2 2 2 2 2 2 2
left_child=1 2 5 -4 -5 6 7 8 -1 -8 -10 -9 13 -13
right_child=-2 -3 3 4 -6 -7 9 11 10 -11 -12 12 -14 -15
leaf_value=0.01697452746665663 -0.051714081325683885 0.0066754332642455384 0.0048290964570209217 0.21054751444030773 0.039466572683216426 0.013413755567224794 0.096199011973771287 -0.023393271194200576 -0.00039744212990586327 0.0068983218211565306 -0.014955249616560758 -0.051765220629200116 -0.051722637779204474 0.12339821587161182
leaf_weight=73.077211495488882 6.8343334728851906 307.22689749486744 11.084432604722677 2.0820375271141525 1.0302003677934406 62.737890604883432 4.5704616541042951 118.24712538160384 443.5615788619034 16.67626003921032 166.49862376879901 2.0696113617159408 2.3535639671608806 3.8702341951429844
leaf_count=2796 650 6193 332 38 23 2247 80 8474 13157 675 9633 102 93 68
internal_value=-0.000259495 2.99145e-05 -0.00221898 0.0375126 0.153917 -0.00285016 -0.00407814 -0.00487026 -0.00208723 0.0261081 -0.00437058 -0.0198946 0.0299893 0.0623663
internal_weight=1221.92 1215.09 907.859 14.1967 3.11224 893.663 830.925 809.678 683.137 21.2467 610.06 126.541 8.29341 5.93985
internal_count=44561 43911 37718 393 61 37325 35078 34323 25586 755 22790 8737 263 170
is_linear=0
shrinkage=0.05


Tree=57
num_leaves=15
num_cat=0
split_feature=2 1 4 3 4 5 2 3 2 5 3 2 3 3
split_gain=6.91344 6.94317 9.93826 8.38827 8.2052 8.55818 23.2497 11.0005 7.04013 6.52742 7.47048 7.20929 11.6679 9.95863
threshold=0.98581488933601624 -5.4999999999999991 4.5000000000000009 76.500000000000014 18.500000000000004 2.5000000000000004 0.7076149425287358 10.500000000000002 0.56710977701543752 3.5000000000000004 33.500000000000007 0.24217986314760512 52.500000000000007 37.500000000000007
decision_type=2 2 10 2 10 2 2 2 2 2 2 2 2 2
left_child=1 2 -1 9 -3 6 8 -8 -6 11 -11 12 -4 -13
right_child=-2 4 3 -5 5 -7 7 -9 -10 10 -12 13 -14 -15
leaf_value=-0.022558443446562913 -0.051642815739196907 0.0018626464744422888 0.011841634233083227 0.083910388490710641 0.056700166629618645 -0.0087412370278357725 0.060068234064916105 0.36799683965011803 -0.02163001464174806 0.020253406816680891 0.2655565272242541 -0.0060273540426798063 -0.015535122528268989 -0.03872886133414729
leaf_weight=68.826881386805326 6.5097645390778771 771.57705151056871 115.85623201495036 2.8332422077655783 10.499098453670742 8.5973131740465742 0.44963207654654869 0.81713093817234039 3.946926735341548 21.938398798927668 0.31482577603310247 121.41628616070375 58.607590927742422 28.804254204034805
leaf_count=4773 650 19010 3880 12 90 242 22 11 37 826 11 9176 3444 2377
internal_value=-0.000253401 2.20517e-05 -0.00519086 -0.00177332 0.00276379 0.0313651 0.0533094 0.258699 0.0352989 -0.00247305 0.0237238 -0.00426853 0.00264497 -0.0122978
internal_weight=1220.99 1214.48 418.598 349.771 795.887 24.3101 15.7128 1.26676 14.446 346.938 22.2532 324.684 174.464 150.221
internal_count=44561 43911 24499 19726 19412 402 160 33 127 19714 837 18877 7324 11553
is_linear=0
shrinkage=0.05


Tree=58
num_leaves=15
num_cat=0
split_feature=2 1 0 3 2 3 4 3 3 1 5 2 0 1
split_gain=6.56748 6.33548 7.72843 16.2683 6.49233 12.4066 14.9046 9.51737 9.06853 9.56827 8.08102 7.91466 20.7458 8.0845
threshold=0.98581488933601624 5.5000000000000009 27.500000000000004 28.500000000000004 0.30456349206349215 43.500000000000007 5.5000000000000009 35.500000000000007 48.500000000000007 3.5000000000000004 1.5000000000000002 0.15601757944557135 6.5000000000000009 1.0000000180025095e-35
decision_type=2 2 2 2 2 2 10 2 2 2 2 2 2 2
left_child=1 2 4 -4 5 11 -7 -6 -9 -10 -11 12 -1 -13
right_child=-2 -3 3 -5 7 6 -8 8 9 10 -12 13 -14 -15
leaf_value=-0.033441063435425356 -0.051574074308123358 0.006193397762695633 0.0041531212310523483 0.12684038201714723 -0.0030993560526935398 -0.025144627684951865 0.0033372802967863418 -0.0255203523162328 -0.0090869806364672658 0.14946445997029453 -0.052056209346330679 0.011527423567749412 0.15658505623499322 0.091990837161550223
leaf_weight=2.5238642073236397 6.2003253581933668 309.30968561396003 11.177355850115417 3.5634061302989712 436.50310922088102 58.81854737456888 209.66489974409342 85.508219624403864 5.59074973547831 2.1902638375759129 0.64366421662271012 81.619530094787478 3.3331416239961982 3.2458823770284644
leaf_count=127 650 6193 332 61 20365 2699 7728 3483 152 23 19 2632 66 31
internal_value=-0.000245924 1.62932e-05 -0.00209635 0.0338113 -0.00269132 0.00249916 -0.00290245 -0.00620626 -0.0206439 0.0288506 0.103693 0.0184847 0.0747002 0.0146049
internal_weight=1219.89 1213.69 904.383 14.7408 889.642 359.206 268.483 530.436 93.9329 8.42468 2.83393 90.7224 5.85701 84.8654
internal_count=44561 43911 37718 393 37325 13283 10427 24042 3677 194 42 2856 193 2663
is_linear=0
shrinkage=0.05


Tree=59
num_leaves=15
num_cat=0
split_feature=4 3 2 1 3 3 5 2 2 2 5 1 3 0
split_gain=6.45785 7.98564 8.63929 11.0112 13.3984 12.9252 9.49306 11.2497 12.1084 12.198 9.90551 8.57185 8.14483 7.66614
threshold=13.500000000000002 53.500000000000007 0.01941930618401207 -13.499999999999998 21.500000000000004 19.500000000000004 4.5000000000000009 0.7898981324278439 0.94058823529411772 0.97202660406885777 1.5000000000000002 26.500000000000004 76.500000000000014 11.500000000000002
decision_type=10 2 2 2 2 2 2 2 2 2 2 2 2 2
left_child=1 2 -1 4 5 -4 7 -5 10 13 11 -9 -3 -10
right_child=-2 12 3 6 -6 -7 -8 8 9 -11 -12 -13 -14 -15
leaf_value=0.060961839384977068 0.0052711768037016233 -0.027657383438432645 -0.037920365540387246 0.00095391220132370284 -0.050349566905487364 0.050590985028796324 0.048089527688956607 -0.011836734227626409 0.086955570676736441 -0.045274115488592837 -0.044100454139436987 0.15516599545682142 0.0460110542903591 0.0099088455115305864
leaf_weight=5.5127254761755458 370.17219857592136 47.100197758059949 7.9788235872983959 665.93296067044139 24.675011667888612 8.5384868346154672 9.9321987633593363 2.2828226350247856 3.8629937721416381 9.2259905762039107 39.240039105527103 1.1581975221633909 4.0767152756452552 19.658168273046613
leaf_count=67 13383 3429 1061 15736 3830 269 161 32 66 1025 4427 8 17 1050
internal_value=-0.000240035 -0.00264248 -0.00141458 -0.00184849 -0.0270188 0.00783484 -0.00046844 -0.00111898 -0.0194199 0.00345068 -0.0369675 0.044374 -0.021789 0.0225626
internal_weight=1219.35 849.175 797.998 792.486 41.1923 16.5173 751.293 741.361 75.4282 32.7472 42.6811 3.44102 51.1769 23.5212
internal_count=44561 31178 27732 27665 5160 1330 22505 22344 6608 2141 4467 40 3446 1116
is_linear=0
shrinkage=0.05


Tree=60
num_leaves=15
num_cat=0
split_feature=2 1 4 3 4 5 2 3 2 7 0 3 2 3
split_gain=6.12854 6.18349 8.75134 7.45301 7.08241 7.3392 16.125 6.40497 6.13868 5.93229 5.63001 5.16702 4.98994 16.3393
threshold=0.98581488933601624 -5.4999999999999991 4.5000000000000009 76.500000000000014 18.500000000000004 2.5000000000000004 0.7076149425287358 10.500000000000002 0.56710977701543752 1.0000000180025095e-35 24.500000000000004 57.500000000000007 0.25176056338028174 46.500000000000007
decision_type=2 2 10 2 10 2 2 2 2 2 2 2 2 2
left_child=1 2 -1 9 12 6 8 -8 10 -4 -6 -11 13 -3
right_child=-2 4 3 -5 5 -7 7 -9 -10 11 -12 -13 -14 -15
leaf_value=-0.021566762209047362 -0.051613893213942191 0.058232046693022212 -0.0089180647804410085 0.080121297863210622 0.038876611242548563 -0.0085073206974872074 0.053097250774227056 0.2742248875316029 -0.021036655329258098 0.0073679957663370091 0.15046415277157177 -0.019440072607516158 0.00051228848621620387 0.00066466538830761918
leaf_weight=66.456456676591188 5.7762773409485808 16.357007360085845 174.28031774191186 2.7565520852804175 9.4633264578878933 8.5566971777006966 0.47933468781411548 1.0335993748158214 3.8986658900976172 151.13744055852294 1.2836953476071347 20.400330066680908 706.1002244791016 50.01540395617485
leaf_count=4773 650 239 11780 12 84 242 22 11 37 6594 6 1340 17477 1294
internal_value=-0.000234131 1.06963e-05 -0.00493852 -0.00176831 0.00258735 0.0289348 0.048762 0.204166 0.0327084 -0.00242106 0.0522054 0.00417981 0.00174436 0.0148517
internal_weight=1218 1212.22 415.031 348.575 797.188 24.7153 16.1586 1.51293 14.6457 345.818 10.747 171.538 772.473 66.3724
internal_count=44561 43911 24499 19726 19412 402 160 33 127 19714 90 7934 19010 1533
is_linear=0
shrinkage=0.05


Tree=61
num_leaves=15
num_cat=0
split_feature=2 1 5 2 4 2 2 8 2 4 5 2 5 5
split_gain=5.82227 5.62428 8.65379 8.9475 6.04722 6.48714 12.107 10.0713 10.644 15.4651 8.82231 8.62147 8.57415 7.9888
threshold=0.98581488933601624 -7.4999999999999991 3.5000000000000004 0.031024531024531028 13.500000000000002 0.77888888888888907 0.95199692780337952 1.0000000180025095e-35 0.95744466800804839 8.5000000000000018 3.5000000000000004 0.96799795186891979 1.5000000000000002 1.5000000000000002
decision_type=2 2 2 2 10 2 2 2 2 8 2 2 2 2
left_child=1 2 3 -1 5 -3 13 -8 9 -9 12 -12 -10 -7
right_child=-2 4 -4 -5 -6 6 7 8 10 -11 11 -13 -14 -15
leaf_value=0.016499863982971218 -0.051546340474301316 0.0013650441826082785 0.025314598854712624 -0.01066070346654987 0.0093454712602093395 0.03501412602669611 -0.029315631582871822 0.25358041922885588 0.23195305999699883 -0.005453725835872298 -0.054894357758809624 0.11451850578118572 -0.027154142644931035 -0.036924205760566917
leaf_weight=34.073172469623387 5.5015845242887726 598.25087085645646 21.248811021912843 275.46109616057947 216.78145238664001 4.2690965533256522 7.7971714446321139 1.3040189314633619 0.33606655895709803 1.032385505735874 0.96402166038751591 3.3982221204787493 6.3921527164056897 40.196999034844339
leaf_count=1011 650 11947 875 19346 5241 46 410 36 2 23 18 32 583 4341
internal_value=-0.000226133 6.91819e-06 -0.00555198 -0.0076709 0.00209474 -0.000272678 -0.0151877 0.0158821 0.0421291 0.139121 0.021696 0.0770796 -0.014212 -0.0300176
internal_weight=1217.01 1211.51 330.783 309.534 880.722 663.941 65.6901 21.224 13.4269 2.3364 11.0905 4.36224 6.72822 44.4661
internal_count=44561 43911 21232 20357 22679 17438 5491 1104 694 59 635 50 585 4387
is_linear=0
shrinkage=0.05


Tree=62
num_leaves=15
num_cat=0
split_feature=8 3 2 1 4 2 5 2 2 4 5 2 2 0
split_gain=5.75519 10.1392 5.03784 5.10949 9.74917 8.63121 8.96094 7.80834 5.9346 5.28825 5.05787 6.16509 17.5588 13.9853
threshold=1.0000000180025095e-35 34.500000000000007 0.97162977867203237 13.500000000000002 11.500000000000002 0.58596059113300503 1.5000000000000002 0.3861642743221691 0.52056338028169025 15.500000000000002 1.5000000000000002 0.62382075471698128 0.61383572567783107 37.500000000000007
decision_type=2 2 2 2 8 2 2 2 2 8 2 2 2 2
left_child=2 -2 3 -1 7 8 -7 -5 -6 -8 11 12 13 -9
right_child=1 -3 -4 4 5 6 9 10 -10 -11 -12 -13 -14 -15
leaf_value=0.0017303655515225145 -0.00077026806427667204 -0.019034258848562236 -0.038393117246020882 0.15076472562497689 0.10016666047973284 0.180331630398609 -0.054518970295147733 -0.00026732160999463184 -0.058087007878882782 0.12099502284393632 -0.024347362801802132 -0.015330026144352202 0.16565605555983329 0.12844596272862463
leaf_weight=711.18419012613595 351.06876666797325 96.981123454868793 7.4920232086442402 0.95718289911746879 0.95075098425149862 2.441948838531971 0.87795753404498067 16.487713366746913 1.5717999041080473 0.83957716077566158 10.160735949873922 10.376111742109059 2.1934103071689597 2.4201883152127257
leaf_count=20873 16171 6262 623 8 12 15 37 145 16 23 254 86 14 22
internal_value=-0.000220179 -0.00472354 0.00240723 0.00280919 0.0183791 0.07453 0.118784 0.00957062 0.0015589 0.031277 0.00632483 0.0162256 0.0317425 0.0162078
internal_weight=1216 448.05 767.954 760.462 49.2774 6.68203 4.15948 42.5953 2.52255 1.71753 41.6382 31.4774 21.1013 18.9079
internal_count=44561 22433 22128 21505 632 103 75 529 28 60 521 267 181 167
is_linear=0
shrinkage=0.05


Tree=63
num_leaves=15
num_cat=0
split_feature=4 1 0 5 2 2 2 5 0 1 3 5 3 3
split_gain=5.79065 9.89774 12.1669 6.17605 9.83558 11.827 13.3878 10.6349 7.89692 7.07503 6.03053 5.79195 5.66125 8.43212
threshold=17.500000000000004 -13.499999999999998 2.5000000000000004 3.5000000000000004 0.96327493261455543 0.95199692780337952 0.77888888888888907 2.5000000000000004 28.500000000000004 23.500000000000004 58.500000000000007 1.5000000000000002 22.500000000000004 19.500000000000004
decision_type=10 2 2 2 2 2 2 2 2 2 2 2 2 2
left_child=1 2 12 4 5 6 10 -7 -9 -8 -3 -6 13 -1
right_child=-2 3 -4 -5 11 7 9 8 -10 -11 -12 -13 -14 -15
leaf_value=-0.050733312427512667 0.01023720465897645 0.0016578938936534762 -0.034114635734916271 0.021096402147762528 0.26060455670714006 -0.010242008058653608 -0.029197329238041633 0.06911376539223156 0.22929713474044885 0.020205673730864335 -0.023238230066162088 -0.046776239064148489 -0.0078603522850142511 0.058283675410771375
leaf_weight=2.2704222919419399 119.51733102975413 855.92637734534219 48.934279918670654 33.812681992072612 0.15505070984363456 4.3462260821834189 55.556303511373699 5.9934324193745852 0.88274267222732294 8.3342150961980206 25.035294747445732 13.224898597225545 33.289670470170677 8.1079582283273322
leaf_count=231 4148 20545 6636 1052 1 226 5974 172 30 251 1579 1498 2096 122
internal_value=-0.000213377 -0.00135313 -0.0169938 9.0513e-05 -0.000642131 -4.6349e-05 -0.000652417 0.0509806 0.0896776 -0.0227529 0.000950392 -0.0432142 0.00219169 0.0344346
internal_weight=1215.39 1095.87 92.6023 1003.27 969.455 956.075 944.852 11.2224 6.87618 63.8905 880.962 13.3799 43.6681 10.3784
internal_count=44561 40413 9085 31328 30276 28777 28349 428 202 6225 22124 1499 2449 353
is_linear=0
shrinkage=0.05


Tree=64
num_leaves=15
num_cat=0
split_feature=4 3 8 3 2 1 3 5 2 3 0 2 2 0
split_gain=5.34408 7.08838 7.3543 11.6614 7.17482 13.5038 7.11407 6.17103 7.41278 10.1662 6.99327 6.21241 6.91104 6.13777
threshold=13.500000000000002 53.500000000000007 1.0000000180025095e-35 33.500000000000007 0.01941930618401207 -12.499999999999998 76.500000000000014 3.5000000000000004 0.75219298245614052 21.500000000000004 3.5000000000000004 0.94058823529411772 0.96327493261455543 51.500000000000007
decision_type=10 2 2 2 2 2 2 2 2 2 2 2 2 2
left_child=1 2 4 7 -1 -6 -3 8 9 10 -4 -10 -13 -2
right_child=13 6 3 -5 5 -7 -8 -9 11 -11 -12 12 -14 -15
leaf_value=0.058588710743172345 0.0042614472039981212 -0.026549902907633257 0.061590104699914119 -0.032666535115699079 -0.050370861215778273 0.0029410400911269417 0.042911822669123155 0.028964629878555356 -0.034171682629115185 -0.011162163396863366 0.0083354506255020281 0.033324422625721078 -0.03523112903226313 0.083786196703986973
leaf_weight=5.596249680966138 369.49751209933311 45.015126322861761 6.7724655908532432 40.324484165757895 12.169831889681516 495.54442259669304 4.014855980873107 13.711869400925933 34.878320463933051 100.62979750661179 68.682786695659161 8.6713843811303359 6.3816636288538566 2.4423467218875876
leaf_count=63 13344 3429 144 3008 1973 10908 17 503 3684 3954 2269 455 771 39
internal_value=-0.000208172 -0.0024122 -0.001272 -0.00778941 0.00228378 0.00166316 -0.020862 -0.00360485 -0.00558076 -0.00075888 0.0131153 -0.0225853 0.00426064 0.00478365
internal_weight=1214.33 842.393 793.363 280.053 513.311 507.714 49.03 239.728 226.016 176.085 75.4553 49.9314 15.053 371.94
internal_count=44561 31178 27732 14788 12944 12881 3446 11780 11277 6367 2413 4910 1226 13383
is_linear=0
shrinkage=0.05


Tree=65
num_leaves=15
num_cat=0
split_feature=2 0 2 3 4 8 3 6 3 2 4 2 0 2
split_gain=5.32198 5.07912 6.24364 10.2425 14.0173 7.32024 6.97769 9.40788 9.40069 13.6789 9.05678 6.86347 14.1063 42.4825
threshold=0.98581488933601624 24.500000000000004 0.30456349206349215 43.500000000000007 5.5000000000000009 1.0000000180025095e-35 33.500000000000007 1.0000000180025095e-35 48.500000000000007 0.31881313131313133 11.500000000000002 0.41801075268817212 17.500000000000004 0.41048534798534803
decision_type=2 2 2 2 10 2 2 2 2 2 8 2 2 2
left_child=1 2 3 -1 -5 -6 7 11 -8 -10 -11 12 13 -4
right_child=-2 -3 6 4 5 -7 8 -9 9 10 -12 -13 -14 -15
leaf_value=0.017276921584618563 -0.05161373664597662 0.0051336519685375977 0.017429652600709365 -0.023150216973565778 0.0081190705876396044 -0.017151124663524336 -0.019771094961632044 -0.023581745913288529 -0.012047906426095491 0.1582331160590163 -0.054596564270077946 -0.0015681974334303746 0.0016673492558702174 0.28462276422797905
leaf_weight=92.6570242526941 5.0130219748243681 345.48021063162014 6.536657733377071 60.713693392463028 179.2524309004657 34.111822596751153 115.68621299555525 45.407734788022935 5.8845155499875528 2.5588338384404783 0.62121361028403033 296.49601502018049 20.794004125520587 1.9259699392132459
leaf_count=2860 650 7403 504 2745 5612 2165 4608 2136 123 29 24 15227 375 100
internal_value=-0.00020254 1.07866e-05 -0.00204086 0.00290564 -0.00195283 0.00407897 -0.00569889 -0.00226043 -0.0159291 0.0331047 0.116657 0.000711623 0.0238161 0.0782389
internal_weight=1213.14 1208.13 862.646 366.735 274.078 213.364 495.911 371.16 124.751 9.06456 3.18005 325.753 29.2566 8.46263
internal_count=44561 43911 36508 13382 10522 7777 23126 18342 4784 176 53 16206 979 604
is_linear=0
shrinkage=0.05


Tree=66
num_leaves=15
num_cat=0
split_feature=2 1 2 3 2 4 2 3 2 2 2 4 0 0
split_gain=5.05511 4.83547 9.22796 12.1286 7.19607 7.07735 6.94917 8.91723 9.36158 7.90576 8.37444 7.64467 7.61686 10.5462
threshold=0.98581488933601624 -1.4999999999999998 0.26587828859952173 45.500000000000007 0.16941270263087962 4.5000000000000009 0.94058823529411772 3.5000000000000004 0.94312668463611871 0.82497911445279881 0.82025641025641038 5.5000000000000009 10.500000000000002 14.500000000000002
decision_type=2 2 2 2 2 10 2 2 2 2 2 8 2 2
left_child=1 5 3 -3 -5 -1 9 11 -9 10 -7 -8 -12 -14
right_child=-2 2 -4 4 -6 6 7 8 -10 -11 12 -13 13 -15
leaf_value=-0.015217421371715972 -0.051546147263058686 0.085399607685350848 0.0015021600200514325 -0.05265995825487603 0.02200945170600925 -0.0010292644428039654 0.15562582225150159 0.20323445546440336 -0.052202870655928081 -0.035666626519952969 -0.051232453551400652 0.009174198170685521 0.36615992673593389 0.041749993472190654
leaf_weight=102.17554501723498 4.7746293791569761 7.1728313267230979 584.61599538382143 3.6493734959512976 27.854558853432536 446.79307986050844 0.94822920393198629 1.3369083674624569 0.49021547473967064 16.709170933812857 0.45284697646275063 14.781362148933113 0.47694137552753069 0.52771851094439626
leaf_count=6150 650 68 12974 106 450 21946 26 23 14 1672 34 382 25 41
internal_value=-0.000199874 3.07541e-06 0.00306699 0.02672 0.0133598 -0.00326311 -0.000731722 0.0301475 0.134701 -0.00189771 -0.000638928 0.0180028 0.119017 0.195757
internal_weight=1212.76 1207.98 623.293 38.6768 31.5039 584.692 482.516 17.5567 1.82712 464.96 448.251 15.7296 1.45751 1.00466
internal_count=44561 43911 13598 624 556 30313 24163 445 37 23718 22046 408 100 66
is_linear=0
shrinkage=0.05


Tree=67
num_leaves=15
num_cat=0
split_feature=4 1 0 5 2 2 2 5 1 1 4 4 2 2
split_gain=4.99061 8.91667 11.0805 5.37159 8.8528 9.4603 11.945 8.51079 6.45572 5.53074 5.82486 5.36562 5.22783 12.2462
threshold=17.500000000000004 -13.499999999999998 2.5000000000000004 3.5000000000000004 0.96327493261455543 0.95199692780337952 0.77888888888888907 2.5000000000000004 23.500000000000004 -12.499999999999998 8.5000000000000018 12.500000000000002 0.96799795186891979 0.97162977867203237
decision_type=10 2 2 2 2 2 2 2 2 2 10 10 2 2
left_child=1 2 -1 4 5 6 -3 -7 11 10 -5 -8 -11 -14
right_child=-2 3 -4 9 -6 7 8 -9 -10 12 -12 -13 13 -15
leaf_value=0.0018581596527715582 0.0094537685953707887 0.00087569146367357474 -0.033273824560418795 0.35276445100792264 -0.042646015577780333 -0.011056615525721165 -0.039486210378746445 0.07640950500323837 0.018638635044205779 0.0031292009111175676 0.053894225705011706 -0.0057682019618951301 0.1084292742603013 -3.8112024800213576e-05
leaf_weight=43.312428507488221 120.67519120918587 881.22186272125691 46.581226649694145 0.24794359458610316 12.357929379679261 4.4057313837110978 35.635491047985852 7.5425173686817288 8.483718906529246 22.96104702167213 0.47601573076099157 17.638941976241767 4.4827660396695119 6.2030644491314888
leaf_count=2449 4148 22124 6636 25 1499 226 4361 202 251 831 31 1613 25 140
internal_value=-0.000194917 -0.00126162 -0.0163466 9.21828e-05 -0.000598025 -5.38727e-05 -0.000614066 0.0441577 -0.0218713 0.0195164 0.156252 -0.0283223 0.0165744 0.0454646
internal_weight=1212.23 1091.55 89.8937 1001.66 967.286 954.928 942.98 11.9482 61.7582 34.3708 0.723959 53.2744 33.6469 10.6858
internal_count=44561 40413 9085 31328 30276 28777 28349 428 6225 1052 56 5974 996 165
is_linear=0
shrinkage=0.05


Tree=68
num_leaves=15
num_cat=0
split_feature=2 1 0 3 2 3 4 3 3 6 2 0 3 4
split_gain=4.68484 4.57768 6.70715 12.8396 5.54691 9.35379 12.1739 8.35268 7.47898 7.40095 6.67572 15.4176 6.9284 11.631
threshold=0.98581488933601624 5.5000000000000009 27.500000000000004 28.500000000000004 0.30456349206349215 43.500000000000007 5.5000000000000009 35.500000000000007 48.500000000000007 1.0000000180025095e-35 0.15601757944557135 6.5000000000000009 34.500000000000007 11.500000000000002
decision_type=2 2 2 2 2 2 10 2 2 2 2 2 2 10
left_child=1 2 4 -4 5 10 -7 9 -9 -6 11 -1 13 -12
right_child=-2 -3 3 -5 7 6 -8 8 -10 -11 12 -13 -14 -15
leaf_value=-0.03281822267758145 -0.05150629068668057 0.0052092825759152556 0.0038919211632605331 0.10906817775961851 -0.00075329435740105824 -0.023339318127264877 0.0031004797506713755 -0.024221797724163229 0.024190229502048508 -0.023957055587125624 0.13783174757549285 0.1281820400655769 0.0094539577589374865 -0.055235699839644194
leaf_weight=2.4264950267970553 4.4313126853667191 312.38157972553745 11.158835403155534 3.9214403200894585 393.67806487251073 54.980644052382559 209.16031579347327 81.61635080864653 8.8419282389804703 37.651136454194784 2.577764464076608 3.8404290350154042 83.54361191438511 1.1185774845071135
leaf_count=127 650 6193 332 61 18543 2699 7728 3483 194 1822 51 66 2567 45
internal_value=-0.000189988 -1.57198e-06 -0.0018213 0.0312417 -0.00238825 0.00240812 -0.00240293 -0.00567582 -0.0194897 -0.00277877 0.0159985 0.0658442 0.0124178 0.0794062
internal_weight=1211.33 1206.9 894.516 15.0803 879.435 357.648 264.141 521.787 90.4583 431.329 93.5069 6.26692 87.24 3.69634
internal_count=44561 43911 37718 393 37325 13283 10427 24042 3677 20365 2856 193 2663 96
is_linear=0
shrinkage=0.05


Tree=69
num_leaves=15
num_cat=0
split_feature=8 3 4 0 3 2 3 2 1 2 5 0 4 4
split_gain=4.60546 8.51907 10.6918 6.17104 8.60929 16.0468 6.07907 17.7994 14.5334 7.72007 6.64501 7.69425 6.9068 8.44882
threshold=1.0000000180025095e-35 23.500000000000004 19.500000000000004 25.500000000000004 12.500000000000002 0.68496240601503777 15.500000000000002 0.69826295297993413 -9.4999999999999982 0.95199692780337952 4.5000000000000009 35.500000000000007 5.5000000000000009 11.500000000000002
decision_type=2 2 10 2 2 2 2 2 2 2 2 2 10 10
left_child=-1 2 6 4 -4 -6 7 8 -2 10 11 -9 -12 -14
right_child=1 -3 3 -5 5 -7 -8 9 -10 -11 12 -13 13 -15
leaf_value=0.0021525107617197132 -0.050523957570739166 -0.01116876794515087 -0.050730281238183621 0.033052352134752598 0.078296983950196686 0.55591815541916356 0.0086789201832876365 -0.031924890914181235 0.56742621308137164 0.016493386346897961 -0.055219785937365484 0.0073447806436795805 0.17058799910443426 -0.010311609947785051
leaf_weight=768.78100913157687 0.15660386299714446 221.81764818029478 0.23542413115501304 1.0031781503930686 0.38175995741039515 0.32605426106601954 128.03841913631186 47.859193736687303 0.24245946016162534 21.372297565219924 1.1575297405943268 16.87060189107433 1.4747242052108052 1.1478152014315126
leaf_count=22128 17 11438 17 10 20 6 3985 4812 11 1268 28 775 18 28
internal_value=-0.000185839 -0.00425222 0.00271306 0.119381 0.211195 0.298313 0.00167291 -0.00826313 0.324925 -0.00974244 -0.0179269 -0.02169 0.0465113 0.0914131
internal_weight=1210.86 442.084 220.266 1.94642 0.943238 0.707814 218.32 90.2812 0.399063 89.8822 68.5099 64.7298 3.78007 2.62254
internal_count=44561 22433 10995 53 43 26 10942 6957 28 6929 5661 5587 74 46
is_linear=0
shrinkage=0.05


Tree=70
num_leaves=15
num_cat=0
split_feature=4 3 3 2 2 2 1 3 2 2 8 1 4 2
split_gain=4.69023 6.22068 7.2801 6.56832 10.8558 8.09004 6.95296 11.5698 14.5521 9.83168 8.5048 32.7815 7.83466 11.5424
threshold=13.500000000000002 54.500000000000007 76.500000000000014 0.01941930618401207 0.12095088819226753 0.14017543859649126 -8.4999999999999982 21.500000000000004 0.66054582210242596 0.62782805429864263 1.0000000180025095e-35 -12.499999999999998 6.5000000000000009 0.22611077297626295
decision_type=10 2 2 2 2 2 2 2 2 2 2 2 8 2
left_child=1 3 -3 -1 -5 -6 7 8 9 -7 11 -11 -8 -14
right_child=-2 2 -4 4 5 6 12 -9 -10 10 -12 -13 13 -15
leaf_value=0.050918937023156766 0.0044817893970531663 -0.028062609881996131 0.042976430938457821 -0.046970741977772346 0.038909049234905985 -0.032442410273565092 0.0060659824159495328 -0.027718909974619534 -0.013696755700118385 -0.051171149737412415 0.062593705560015686 0.6571702271145542 0.033000493738666793 -0.0069558850248461609
leaf_weight=5.9816371016204348 372.89609096804634 37.271461226977408 3.9928350299596778 13.009225093759595 12.54647946031764 2.7060404359363011 310.72764267772436 59.958080768119544 26.42190153291449 0.38776870397850871 9.0734200007282197 0.28220964968204221 19.102138908579946 335.93623782554641
leaf_count=67 13383 3077 17 1545 341 204 8109 5375 2449 28 255 11 345 9355
internal_value=-0.000182587 -0.00225965 -0.0211887 -0.00127854 -0.00167369 -0.000915425 -0.00156892 -0.0139442 0.00730285 0.0518711 0.0752875 0.247198 0.000268134 -0.00480611
internal_weight=1210.29 837.397 41.2643 796.133 790.151 777.142 764.595 98.8294 38.8713 12.4494 9.7434 0.669978 665.766 355.038
internal_count=44561 31178 3094 28084 28017 26472 26131 8322 2947 498 294 39 17809 9700
is_linear=0
shrinkage=0.05


Tree=71
num_leaves=15
num_cat=0
split_feature=2 4 3 3 4 4 1 0 2 3 0 0 2 1
split_gain=4.50043 4.49219 10.4132 6.51572 5.74527 4.9162 9.29974 7.72177 7.523 11.2537 7.14041 6.73003 7.37313 6.48968
threshold=0.98581488933601624 1.0000000180025095e-35 76.500000000000014 57.500000000000007 7.5000000000000009 17.500000000000004 -13.499999999999998 2.5000000000000004 0.18719676549865233 41.500000000000007 15.500000000000002 2.5000000000000004 0.099295774647887344 -12.499999999999998
decision_type=2 10 2 2 10 10 2 2 2 2 2 2 2 2
left_child=1 -1 3 5 -5 6 7 -3 9 13 -10 -8 -13 -7
right_child=-2 2 -4 4 -6 8 11 -9 10 -11 -12 12 -14 -15
leaf_value=-0.07625620091593073 -0.051466073854601203 -4.1807231201079577e-05 0.084545856805336328 -0.050575287708160444 -0.0089478417247239733 0.058970386522995168 0.050070307544791484 -0.03267078157927663 -0.010447609741492198 0.026691890949070124 0.019192174075176639 -0.0518501030137552 0.00086399173558512855 0.31644261474000251
leaf_weight=1.9281585693825025 4.2625662975478908 33.586157276295125 3.6415559798479071 10.648323586210607 37.406425471883267 0.45138987060636282 6.8956539249047628 39.406654832884669 45.134330719709396 27.932347102090716 36.958009659312665 6.6798832830972961 953.97072214819491 0.53458384424448269
leaf_count=40 650 2056 16 1176 2017 16 180 5937 2435 577 749 302 28405 5
internal_value=-0.000180568 8.23572e-07 0.000123023 -0.000133254 -0.018172 0.00061951 -0.000447569 -0.0176572 0.0106216 0.0325521 0.00289623 0.000850748 0.000497444 0.198569
internal_weight=1209.44 1205.17 1203.25 1199.6 48.0547 1151.55 1040.54 72.9928 111.011 28.9183 82.0923 967.546 960.651 0.985974
internal_count=44561 43911 43871 43855 3193 40662 36880 7993 3782 598 3184 28887 28707 21
is_linear=0
shrinkage=0.05


Tree=72
num_leaves=15
num_cat=0
split_feature=2 4 3 3 4 0 0 4 2 4 5 2 2 4
split_gain=4.27573 4.19465 9.59577 5.98863 5.6093 4.80262 7.9325 8.35273 10.014 4.58269 6.78522 10.5499 8.50372 14.9769
threshold=0.98581488933601624 1.0000000180025095e-35 76.500000000000014 57.500000000000007 7.5000000000000009 13.500000000000002 15.500000000000002 16.500000000000004 0.17694497153700192 13.500000000000002 4.5000000000000009 0.7685439560439562 0.8293800539083559 7.5000000000000009
decision_type=2 10 2 2 10 2 2 8 2 10 2 2 2 10
left_child=1 -1 3 9 -5 -6 7 8 -7 10 -3 -12 13 -13
right_child=-2 2 -4 4 5 6 -8 -9 -10 -11 11 12 -14 -15
leaf_value=-0.074900872485423264 -0.051403647829683402 -0.0020227793772295494 0.081961643710706161 -0.050547089647252658 -0.013698894094759072 0.43696770846710475 -0.052970885064367958 -0.056415173882876736 0.10792946887258251 0.0053817045812859241 -0.051913976300939829 0.0075281774086459535 0.021909381782817716 0.21672842459942357
leaf_weight=1.8664665480609972 4.0594786393921813 793.35780578572303 3.5703497231006613 10.134506680537013 34.310199510771781 0.30706220399588258 1.0610630651935933 0.47976740170270216 0.93640638934448361 347.67576881824061 2.5019212239421895 1.5260256137698873 4.758127449080348 1.9471818059682844
leaf_count=40 650 28135 16 1176 1907 13 49 9 39 12284 139 21 64 19
internal_value=-0.000175417 -2.7549e-06 0.000113492 -0.000130234 -0.0175805 -0.00857381 0.0545812 0.120805 0.189182 0.000585328 -0.00148855 0.0379997 0.0653291 0.124812
internal_weight=1208.49 1204.43 1202.57 1199 47.229 37.0945 2.7843 1.72324 1.24347 1151.77 804.091 10.7333 8.23133 3.47321
internal_count=44561 43911 43871 43855 3193 2017 110 61 52 40662 28378 243 104 40
is_linear=0
shrinkage=0.05


Tree=73
num_leaves=15
num_cat=0
split_feature=8 3 4 3 2 3 1 2 3 3 2 0 2 0
split_gain=4.18885 8.04694 4.56862 5.80869 3.96062 5.89821 8.14384 8.6462 9.85644 7.6569 6.88553 11.9581 22.9252 8.83032
threshold=1.0000000180025095e-35 34.500000000000007 4.5000000000000009 76.500000000000014 0.67890835579514841 26.500000000000004 15.500000000000002 0.62382075471698128 22.500000000000004 27.500000000000004 0.5623918952310355 27.500000000000004 0.55857142857142872 22.500000000000004
decision_type=2 2 10 2 2 2 2 2 2 2 2 2 2 2
left_child=4 -2 -3 -4 5 6 10 8 -8 -7 11 12 -1 -14
right_child=1 2 3 -5 -6 9 7 -9 -10 -11 -12 -13 13 -15
leaf_value=0.020976381642994202 -0.00059478508237548655 -0.054229931520341057 -0.015823586257454458 0.075552252455639415 -0.006983228018531182 -0.035951070071051326 0.19281392622963753 -3.3391538161023692e-05 0.048873634405478553 0.0024527149647846384 -0.00088159621565414852 -0.01268012531067195 0.23478403957716482 0.096335225073457501
leaf_weight=16.735326252412055 347.48212678940035 7.6586014446802428 82.012872375780717 1.7769073396921147 104.72114061145112 13.289298104122279 1.9119370430707912 3.3774465285241604 3.1467017233371735 556.06643765326589 52.542322746943682 11.761052094399927 1.6827579298987974 3.6493404060602188
leaf_count=358 16171 746 5508 8 5927 263 10 28 22 14215 1171 90 29 15
internal_value=-0.000170647 -0.00406782 -0.0172645 -0.0138858 0.00205412 0.00347908 0.015026 0.0619157 0.103277 0.00155633 0.0104461 0.0280403 0.0497426 0.140028
internal_weight=1207.81 438.931 91.4484 83.7898 768.884 664.163 94.8069 8.43609 5.05864 569.356 86.3708 33.8285 22.0674 5.3321
internal_count=44561 22433 6262 5516 22128 16201 1723 60 32 14478 1663 492 402 44
is_linear=0
shrinkage=0.05


Tree=74
num_leaves=15
num_cat=0
split_feature=2 0 2 2 4 3 2 0 4 5 3 3 1 1
split_gain=4.05013 3.9205 5.72382 6.07825 5.40159 6.00491 5.87819 8.50122 7.93485 8.64764 5.7279 5.27498 15.8464 11.4701
threshold=0.98581488933601624 11.500000000000002 0.031024531024531028 0.95199692780337952 9.5000000000000018 50.500000000000007 0.20794025157232707 5.5000000000000009 17.500000000000004 2.5000000000000004 36.500000000000007 49.500000000000007 -11.499999999999998 -12.499999999999998
decision_type=2 2 2 2 10 2 2 2 10 2 2 2 2 2
left_child=1 2 -1 4 5 11 7 8 -6 -10 -9 -4 13 -13
right_child=-2 -3 3 -5 6 -7 -8 10 9 -11 -12 12 -14 -15
leaf_value=0.014708620987923252 -0.051343935628256371 0.0017304393432023193 -0.015334140510940848 0.039060028516661779 -0.039679684274553956 -0.047309549338279903 -0.012959482966810111 0.12740579406412242 0.0054678237336793379 0.2734399248123795 0.012181334130268666 -0.050255196383498846 -0.052285219200893997 0.24307531346380454
leaf_weight=33.979916168376803 3.8534321470651767 879.19459828175604 73.984004982747138 6.9950029607862225 17.373728838283572 14.737143730744718 86.348269492387772 1.0948582887649525 12.924242935143408 0.30824421439319927 72.46965688560158 0.46399252209812392 1.8692738786339749 1.1828779168426993
leaf_count=1011 650 24243 6013 118 1314 1754 6729 15 491 17 2037 96 49 24
internal_value=-0.000165597 -1.65344e-06 -0.0047057 -0.00698247 -0.0081215 -0.0180536 -0.00331301 0.00468306 -0.0174615 0.0117101 0.0138962 -0.0124904 0.0473459 0.160432
internal_weight=1206.78 1202.93 323.731 289.751 282.756 92.2373 190.519 104.171 30.6062 13.2325 73.5645 77.5001 3.51614 1.64687
internal_count=44561 43911 19668 18657 18539 7936 10603 3874 1822 508 2052 6182 169 120
is_linear=0
shrinkage=0.05


Tree=75
num_leaves=15
num_cat=0
split_feature=2 4 3 3 4 2 0 4 1 3 3 3 2 2
split_gain=3.84806 3.86126 8.42505 5.39408 5.37064 4.27467 8.61461 7.66067 10.5036 6.98322 6.62325 6.40196 10.3335 10.7299
threshold=0.98581488933601624 1.0000000180025095e-35 76.500000000000014 57.500000000000007 7.5000000000000009 0.25176056338028174 14.500000000000002 3.5000000000000004 -1.0000000180025095e-35 36.500000000000007 44.500000000000007 21.500000000000004 0.66054582210242596 0.62782805429864263
decision_type=2 10 2 2 10 2 2 10 2 2 2 2 2 2
left_child=1 -1 3 5 -5 7 11 10 9 -9 -3 12 13 -7
right_child=-2 2 -4 4 -6 6 -8 8 -10 -11 -12 -13 -14 -15
leaf_value=-0.073154050468141635 -0.051286038492251385 0.012712277048405102 0.07834410814280568 -0.050516432668395964 -0.0082361359708059516 -0.022358522717008181 0.0014671654401727848 0.077998361813569034 0.04842861752977675 0.0053833489680035936 -0.035865573264194699 -0.019761325810248823 -0.010467651357106094 0.052912043048970583
leaf_weight=1.8014193547423918 3.6695318841375402 11.409689548192548 3.4308841973543158 9.4369070660322887 36.800362061709166 6.9556688885204521 730.42270265100524 3.3715049009770146 16.390133045613766 184.11454912670888 18.224310789490119 94.006393709918484 71.352206309325993 14.82751305401325
leaf_count=40 650 306 16 1176 2017 415 18612 64 207 6292 894 8225 5156 491
internal_value=-0.00016216 -6.15674e-06 0.000103584 -0.000120614 -0.0168654 0.000552005 -0.000985102 0.00659198 0.0100447 0.00668916 -0.0171621 -0.0105564 -0.00126541 0.0288771
internal_weight=1206.21 1202.54 1200.74 1197.31 46.2373 1151.07 917.564 233.51 203.876 187.486 29.634 187.142 93.1354 21.7832
internal_count=44561 43911 43871 43855 3193 40662 32899 7763 6563 6356 1200 14287 6062 906
is_linear=0
shrinkage=0.05


Tree=76
num_leaves=15
num_cat=0
split_feature=4 0 2 3 2 2 8 2 0 1 3 3 1 2
split_gain=3.84452 4.22855 5.49424 7.89379 8.32544 5.14425 9.33951 16.5344 5.06726 12.5415 12.014 13.9598 7.5772 10.4515
threshold=18.500000000000004 26.500000000000004 0.49164578111946539 40.500000000000007 0.49038105808361082 0.68496240601503777 1.0000000180025095e-35 0.72653958944281538 2.5000000000000004 -17.499999999999996 31.500000000000004 36.500000000000007 -12.499999999999998 0.36969439728353143
decision_type=10 2 2 2 2 2 2 2 2 2 2 2 2 2
left_child=-1 2 3 4 8 -4 -7 -8 -2 10 -10 -12 -11 -14
right_child=1 -3 5 -5 -6 6 7 -9 9 12 11 -13 13 -15
leaf_value=-0.00085916349523105595 -0.050689739001602022 0.05978365588394785 -0.034022344886071448 0.0073807446448219093 0.34225450348838038 -0.014462771710808169 0.26434033317846028 0.0047562052868430627 0.6751903485873838 -0.050793702547476283 -0.050626451676507367 0.39695332315843257 0.17346749347385496 0.024899541490885094
leaf_weight=1135.1431843920145 1.0692765656858645 4.2116711074486366 12.140805740840735 34.03552620857954 0.25310919899493534 7.6231087078340334 0.931149993091822 1.7978768441826103 0.13775774650275607 1.6336251385509948 0.36287773121148348 0.33507562428712845 1.7318020239472414 3.7408140106126666
leaf_count=42252 83 46 406 942 9 337 27 122 10 129 30 27 37 104
internal_value=-0.000157856 0.011214 0.00810491 0.0185188 0.0594382 -0.0119423 0.0139527 0.0933269 0.0514944 0.0652521 0.248472 0.164249 0.043705 0.0719137
internal_weight=1205.15 70.0045 65.7928 43.2999 9.26434 22.4929 10.3521 2.72903 9.01123 7.94195 0.835711 0.697953 7.10624 5.47262
internal_count=44561 2309 2263 1371 429 892 486 149 420 337 67 57 270 141
is_linear=0
shrinkage=0.05


Tree=77
num_leaves=15
num_cat=0
split_feature=8 3 0 2 2 0 2 2 2 5 4 2 3 4
split_gain=3.82534 7.78534 4.95448 6.15162 32.2034 5.18614 6.55572 11.0924 11.0932 4.56586 4.69279 4.86937 9.84272 9.71456
threshold=1.0000000180025095e-35 42.500000000000007 8.5000000000000018 0.37377450980392163 0.37807318467695833 6.5000000000000009 0.13680926916221037 0.12095088819226753 0.12588028169014087 3.5000000000000004 13.500000000000002 0.77888888888888907 21.500000000000004 8.5000000000000018
decision_type=2 2 2 2 2 2 2 2 2 2 10 2 2 10
left_child=-1 9 3 5 -5 -3 7 -7 -9 10 11 12 13 -2
right_child=1 2 -4 4 -6 6 -8 8 -10 -11 -12 -13 -14 -15
leaf_value=0.0019680019415092647 0.022663382225021345 -0.020059242519008143 -0.039320337466785669 0.98351216828573984 -0.050309940533845791 0.027368462531509197 -0.023252415492310295 0.53827456913113225 0.099654863482383949 0.02329855516270499 0.0052571300283955572 -0.023056934167963242 -0.012716849215510249 -0.012157479559130713
leaf_weight=768.30388332041912 52.645914409775287 21.731505424482755 23.352592184673995 0.096726260846479728 0.34048196533694863 1.2788187733385705 1.8289042396936563 0.2545912549830972 0.33231044048443437 17.694738294929266 123.40294461790472 38.361000405624509 122.87777802394703 32.331137582659721
leaf_count=22128 1891 1501 1367 18 68 108 208 17 26 661 5207 4342 5929 1090
internal_value=-0.000155643 -0.00389332 -0.0226252 -0.00755071 0.178409 -0.0107483 0.0440178 0.109961 0.289923 -0.00151306 -0.00270087 -0.0066894 -0.00366866 0.00941512
internal_weight=1204.83 436.529 49.2159 25.8633 0.437208 25.4261 3.69462 1.86572 0.586902 387.314 369.619 246.216 207.855 84.9771
internal_count=44561 22433 3313 1946 86 1860 359 151 43 19120 18459 13252 8910 2981
is_linear=0
shrinkage=0.05


Tree=78
num_leaves=15
num_cat=0
split_feature=2 0 5 4 1 2 3 4 4 6 3 0 3 6
split_gain=3.65531 3.68327 4.85567 6.13581 9.16266 4.72884 7.57658 10.7213 6.18205 10.3039 6.99626 6.79056 5.904 8.51727
threshold=0.98581488933601624 24.500000000000004 3.5000000000000004 3.5000000000000004 11.500000000000002 0.30456349206349215 43.500000000000007 3.5000000000000004 6.5000000000000009 1.0000000180025095e-35 33.500000000000007 10.500000000000002 33.500000000000007 1.0000000180025095e-35
decision_type=2 2 2 8 2 2 2 10 8 2 2 2 2 2
left_child=1 5 -3 -4 -5 6 8 -8 9 10 -1 -10 13 -7
right_child=-2 2 3 4 -6 12 7 -9 11 -11 -12 -13 -14 -15
leaf_value=0.13788880784039351 -0.051270906262276733 0.003669750257629039 0.15044702141994382 -0.05423927540673739 0.12372543359502108 0.00095723117917346991 -0.027659153407964376 0.0020640357464988741 0.026567651694023531 0.1247338804387521 0.018694958642732361 -0.0077492007114778414 -0.014613868007247189 -0.022576457961283811
leaf_weight=1.2834538798779274 3.487313949968665 344.15399248572066 1.2515025585889805 1.7671863902360203 1.2243504542857406 322.45520350383595 34.821753662778065 235.64980058232322 23.074183853343129 2.7349992021918288 30.188815616071224 38.415564569178969 120.35950756352395 43.651467952877283
leaf_count=21 650 7336 6 47 14 16206 1657 8865 1116 25 852 846 4784 2136
internal_value=-0.000154904 -6.48351e-06 0.00432517 0.0574864 0.0185966 -0.00177645 0.00251547 -0.00176266 0.0146069 0.0316453 0.0235557 0.00512829 -0.00500703 -0.00184873
internal_weight=1204.52 1201.03 348.397 4.24304 2.99154 852.635 366.169 270.472 95.697 34.2073 31.4723 61.4897 486.466 366.107
internal_count=44561 43911 7403 67 61 36508 13382 10522 2860 898 873 1962 23126 18342
is_linear=0
shrinkage=0.05


Tree=79
num_leaves=15
num_cat=0
split_feature=8 3 0 2 4 0 2 2 3 5 4 2 0 2
split_gain=3.65406 7.20107 4.72712 4.09619 19.8026 4.4806 5.0469 6.11719 3.98224 4.07092 3.80026 7.43227 4.8702 5.39816
threshold=1.0000000180025095e-35 42.500000000000007 8.5000000000000018 0.37377450980392163 17.500000000000004 6.5000000000000009 0.13680926916221037 0.12095088819226753 41.500000000000007 3.5000000000000004 13.500000000000002 0.17694497153700192 51.500000000000007 0.72936507936507944
decision_type=2 2 2 2 10 2 2 2 2 2 10 2 2 2
left_child=-1 8 3 5 -5 -3 7 -7 9 10 -2 -12 -13 -14
right_child=1 2 -4 4 -6 6 -8 -9 -10 -11 11 12 13 -15
leaf_value=0.0019222148233769701 -0.0068627443037663832 -0.019399092690086609 -0.038775878737829846 -0.050391206622769968 0.62076685617519067 0.025189104789633661 -0.02274272426817317 0.20102774941922294 0.044225392089515377 0.021120873719662328 0.42460265117102125 0.0020998369146136373 -0.054323539293330683 0.11072915587939716
leaf_weight=768.65973331290297 242.6325396487955 21.404471471207223 22.478741566650569 0.41993304248899122 0.14886451791971922 1.315050774021074 1.7959205149672923 0.79279025085270394 4.6960675690788767 17.986709248274565 0.10492275655269523 118.9032055772841 0.65616900473833029 2.0216499008238316
leaf_count=22128 13080 1501 1367 76 10 108 208 43 320 661 3 5017 9 30
internal_value=-0.000150774 -0.00381081 -0.0220027 -0.00743225 0.125263 -0.0104145 0.0388481 0.0913246 -0.00153774 -0.00209987 -0.0032463 0.00396462 0.00360161 0.0702849
internal_weight=1204.02 435.357 48.3558 25.877 0.568798 25.3082 3.90376 2.10784 387.001 382.305 364.318 121.686 121.581 2.67782
internal_count=44561 22433 3313 1946 86 1860 359 151 19120 18800 18139 5059 5056 39
is_linear=0
shrinkage=0.05


Tree=80
num_leaves=15
num_cat=0
split_feature=2 0 2 2 4 3 0 2 5 1 6 2 3 4
split_gain=3.48944 3.58909 5.31628 5.79169 4.88384 5.65378 5.29357 5.40653 6.74874 16.0018 7.57159 6.86897 6.36904 8.57801
threshold=0.98581488933601624 11.500000000000002 0.031024531024531028 0.95199692780337952 9.5000000000000018 50.500000000000007 4.5000000000000009 0.20483682983682985 3.5000000000000004 -17.499999999999996 1.0000000180025095e-35 0.91801075268817212 43.500000000000007 10.500000000000002
decision_type=2 2 2 2 10 2 2 2 2 2 2 2 2 8
left_child=1 2 -1 4 5 -4 -6 12 11 -10 -11 -9 13 -8
right_child=-2 -3 3 -5 6 -7 7 8 9 10 -12 -13 -14 -15
leaf_value=0.014159241289317427 -0.051249543017918432 0.0016471870175224492 -0.0121492242160659 0.038022878045943211 -0.017168843863779461 -0.047019309809563072 0.17672693334574663 -0.020069536962121361 0.35366612803834196 0.052262944965835938 -0.051526839033146157 0.096790449156427247 0.0039726355310654672 0.029907354952443971
leaf_weight=34.028779715299606 3.3313168403692535 879.08734548091888 76.448278543073684 7.048475024290382 50.63227830384858 13.709016871638594 1.0876673036254914 48.065955350641161 0.36922076158225525 5.1450937390327436 2.6685771411284804 1.2912587583996344 69.165231597609818 11.658337402623147
leaf_count=1011 650 24243 6182 118 3787 1754 31 3983 12 207 121 53 2153 256
internal_value=-0.000147542 -5.72595e-06 -0.00452789 -0.00674134 -0.00786723 -0.0174515 -0.0033214 0.00170636 -0.01004 0.032015 0.016816 -0.0170123 0.00995783 0.0424361
internal_weight=1203.74 1200.41 321.318 287.289 280.241 90.1573 190.084 139.451 57.5401 8.18289 7.81367 49.3572 81.9112 12.746
internal_count=44561 43911 19668 18657 18539 7936 10603 6816 4376 340 328 4036 2440 287
is_linear=0
shrinkage=0.05


Tree=81
num_leaves=15
num_cat=0
split_feature=4 3 3 4 0 0 4 2 4 1 0 0 2 2
split_gain=3.48822 7.90757 4.66238 5.13042 4.13581 6.22092 5.90378 4.06324 4.02181 7.47734 7.05797 5.83217 6.65361 5.79504
threshold=1.0000000180025095e-35 76.500000000000014 57.500000000000007 7.5000000000000009 13.500000000000002 15.500000000000002 16.500000000000004 0.17694497153700192 17.500000000000004 -13.499999999999998 2.5000000000000004 2.5000000000000004 0.099295774647887344 0.14017543859649126
decision_type=10 2 2 10 2 2 8 2 10 2 2 2 2 2
left_child=-1 2 8 -4 -5 6 7 -6 9 10 -2 -11 -13 -14
right_child=1 -3 3 4 5 -7 -8 -9 -10 11 -12 12 13 -15
leaf_value=-0.071173009251154634 0.00036113488514602938 0.076615850545132036 -0.050485662136783252 -0.012760946067810711 0.27265620801974172 -0.052917128403341042 -0.056215628806167588 0.093964387406618569 0.0093490805823145985 0.04554930596886813 -0.031443921438038834 -0.051725071023605657 0.023821270786626148 -0.00012299459929723729
leaf_weight=1.7260597797576327 33.107940105488524 3.3546690642833701 8.7141748915892077 33.477502326713875 0.46151264384388846 0.98844229988753785 0.45588766690343629 1.0239708013832567 112.30862323753536 7.1403959491290143 36.86696610879153 6.1315417140722266 25.97394652152434 931.44580670655705
leaf_count=40 2056 16 1176 1907 13 49 9 39 3792 184 5937 302 833 28208
internal_value=-0.000144537 -4.24945e-05 -0.000257138 -0.016024 -0.00777555 0.04919 0.101177 0.149481 0.000359897 -0.000610215 -0.0163957 0.000527722 0.000194089 0.000526592
internal_weight=1203.18 1201.45 1198.1 45.1215 36.4073 2.92981 1.94137 1.48548 1152.98 1040.67 69.9749 970.692 963.551 957.42
internal_count=44561 44521 44505 3193 2017 110 61 52 41312 37520 7993 29527 29343 29041
is_linear=0
shrinkage=0.05


Tree=82
num_leaves=15
num_cat=0
split_feature=2 2 3 0 2 4 4 7 0 4 2 5 2 2
split_gain=3.32332 14.4317 6.83558 11.1543 20.181 14.2222 12.2183 11.9168 4.39093 5.10091 11.035 18.5951 7.10336 8.37635
threshold=0.82497911445279881 0.89564428312159727 6.5000000000000009 17.500000000000004 0.90070422535211281 16.500000000000004 15.500000000000002 1.0000000180025095e-35 11.500000000000002 18.500000000000004 0.7685439560439562 2.5000000000000004 0.45129664769133465 0.68496240601503777
decision_type=2 2 2 2 2 8 10 2 2 10 2 2 2 2
left_child=8 -2 -3 4 -4 7 -5 -6 -1 -10 12 -12 -11 -14
right_child=1 2 3 6 5 -7 -8 -9 9 10 11 -13 13 -15
leaf_value=-0.0044853993737068391 -0.038765649308683627 0.00044553337343742705 -0.050603541880978792 -0.050504884134716078 0.34577394133803951 -0.050701494353798643 0.32276056633382155 1.0148873242050616 0.0018792478408654525 0.049782838304457094 0.56817782302915931 0.069224379488818988 -0.028870074948654484 0.059986612904031705
leaf_weight=301.65195955126546 28.772655440494418 70.062100205337629 0.27644168445840422 1.212217091117054 0.12616900913417339 0.083000925835222006 0.26764352433383454 0.14080316014587879 775.07030809158459 10.047301902435725 0.24148931726813205 0.82351378910243511 10.111253731884061 3.595328780822455
leaf_count=18636 3141 4599 30 141 14 7 19 17 17555 159 6 39 150 48
internal_value=-0.000140549 -0.00882382 0.00311362 0.0918636 0.268717 0.520946 0.0170029 0.698669 0.000655153 0.00259374 0.0249068 0.182362 0.0178473 -0.00556237
internal_weight=1202.48 100.941 72.1684 2.10628 0.626415 0.349973 1.47986 0.266972 1101.54 799.889 24.8189 1.065 23.7539 13.7066
internal_count=44561 7968 4827 228 68 38 160 31 36593 17957 402 45 357 198
is_linear=0
shrinkage=0.05


Tree=83
num_leaves=15
num_cat=0
split_feature=2 2 5 5 4 5 8 2 2 4 0 2 2 5
split_gain=3.32003 7.01714 5.5891 5.58108 6.34912 5.17521 4.2157 4.03062 12.624 6.2639 10.8095 4.04036 8.92372 4.02698
threshold=0.97202660406885777 0.96799795186891979 3.5000000000000004 4.5000000000000009 8.5000000000000018 1.5000000000000002 1.0000000180025095e-35 0.82497911445279881 0.89564428312159727 13.500000000000002 52.500000000000007 0.95199692780337952 0.95744466800804839 2.5000000000000004
decision_type=2 2 2 2 10 2 2 2 2 10 2 2 2 2
left_child=1 7 -3 5 -5 -2 -4 -1 -9 11 -11 -10 13 -13
right_child=3 2 6 4 -6 -7 -8 8 9 10 -12 12 -14 -15
leaf_value=0.00061947999334499343 0.22583878316557238 -0.024758469473248321 0.04692945886521787 0.074208748913907899 -0.055303852598309534 -0.050639540883935387 0.14454550787352982 -0.038270114795001448 -0.025035534558576135 0.021864236159691925 0.35756312964957737 -0.051114260641399935 -0.025793329438323687 0.070721343505121145
leaf_weight=1101.9642595632467 0.17238029837608237 1.904139470309018 3.8706369008868933 2.4761368576437226 1.5316515639424322 9.3406352757010591 1.5485187768936155 27.714901075698435 18.654544929973781 19.07817079406232 0.24285141751170058 0.77599972859024813 7.5244301557540894 5.382533673197031
leaf_count=36593 1 159 27 18 30 1276 8 3141 1845 911 4 40 431 77
internal_value=-0.000142117 0.000138122 0.0489308 -0.0247789 0.0247131 -0.0456296 0.0748232 -0.000164351 -0.0110465 0.00355901 0.0260837 -0.00989907 0.0107371 0.0553696
internal_weight=1202.18 1188.66 7.3233 13.5208 4.00779 9.51302 5.41916 1181.34 79.3734 51.6585 19.321 32.3375 13.683 6.15853
internal_count=44561 43236 194 1325 48 1277 35 43042 6449 3308 915 2393 548 117
is_linear=0
shrinkage=0.05


Tree=84
num_leaves=15
num_cat=0
split_feature=4 3 3 4 4 3 2 2 2 3 1 2 0 1
split_gain=3.25519 7.36717 4.26376 4.98868 3.73054 5.57891 6.04805 9.37378 4.99624 8.98849 10.4034 7.8405 7.95248 12.5094
threshold=1.0000000180025095e-35 76.500000000000014 57.500000000000007 7.5000000000000009 13.500000000000002 54.500000000000007 0.01941930618401207 0.11305538648813147 0.56710977701543752 23.500000000000004 10.500000000000002 0.55857142857142872 15.500000000000002 3.5000000000000004
decision_type=10 2 2 10 10 2 2 2 2 2 2 2 2 2
left_child=-1 2 4 -4 5 6 -2 -8 11 10 -10 -6 -13 -14
right_child=1 -3 3 -5 8 -7 7 -9 9 -11 -12 12 13 -15
leaf_value=-0.069999241999273903 0.048787091951437087 0.074896616693229695 -0.050461979171531328 -0.0074272626344174921 0.007869109449688251 -0.033078696163269465 -0.050720339360069581 -0.00076719964466892218 -0.0042392889642455904 -0.032380495114807034 0.036473432056062162 -0.050892582726627028 0.1913969237752508 0.0086713117203249725
leaf_weight=1.6651276058983047 6.0557008422911158 3.2707672864198676 8.2778039418626559 36.113881869241595 213.45821377309039 13.781148818088694 9.5069272015243751 772.65129105444066 91.157712770393118 21.787434186320752 18.953624377958477 1.0252251243218768 2.0085949264466767 1.7550713196396825
leaf_count=40 65 16 1176 2017 6748 884 1342 26650 4379 633 497 74 26 14
internal_value=-0.000138452 -4.14966e-05 -0.000246343 -0.015452 0.000339528 -0.0015404 -0.000988986 -0.00137437 0.00464543 -0.00303739 0.00276865 0.00928859 0.0725599 0.106188
internal_weight=1201.47 1199.8 1196.53 44.3917 1152.14 801.995 788.214 782.158 350.146 131.899 110.111 218.247 4.78889 3.76367
internal_count=44561 44521 44505 3193 41312 28941 28057 27992 12371 5509 4876 6862 114 40
is_linear=0
shrinkage=0.05


Tree=85
num_leaves=15
num_cat=0
split_feature=8 3 4 2 1 2 4 2 5 5 2 3 0 3
split_gain=3.27882 6.78942 4.22897 3.40241 3.51341 7.95829 8.3159 6.44879 9.97223 4.32364 5.03562 12.4943 12.5499 8.33667
threshold=1.0000000180025095e-35 34.500000000000007 13.500000000000002 0.97162977867203237 13.500000000000002 0.37807318467695833 11.500000000000002 0.60749299719887961 1.5000000000000002 1.5000000000000002 0.62382075471698128 23.500000000000004 37.500000000000007 9.5000000000000018
decision_type=2 2 10 2 2 2 8 2 2 2 2 2 2 2
left_child=3 -2 -3 4 -1 -6 9 -8 -9 10 11 -7 -13 -12
right_child=1 2 -4 -5 5 6 7 8 -10 -11 13 12 -14 -15
leaf_value=0.0012121081851153397 -0.00046270218968183708 -0.029302408731276958 -0.006935086104641771 -0.035494465017455866 0.199488176051344 0.096336851320920569 0.017545278559838281 0.19963957686489947 0.028554030281050927 -0.024220757647542609 0.14848142697731645 -0.011211598946256514 0.10507193838863937 -0.027814380307353382
leaf_weight=711.04456449346617 345.0715329379309 35.683923553908244 51.821353586856276 6.0591074710246167 0.57662728428840537 4.9770421087741878 3.7862280607223502 1.6694100052118304 1.73895947355777 10.108639651909469 0.72031457722186942 15.048624075949194 2.7432758435606948 9.7115061059594137
leaf_count=20873 16171 3099 3163 623 4 30 36 9 58 254 6 133 22 80
internal_value=-0.000135325 -0.00361711 -0.0160563 0.00182532 0.00212202 0.0147881 0.0126793 0.0624587 0.112351 0.00440989 0.0131271 0.0263075 0.00671779 -0.0156412
internal_weight=1200.76 432.577 87.5053 768.184 762.125 51.0806 50.504 7.1946 3.40837 43.3094 33.2008 22.7689 17.7919 10.4318
internal_count=44561 22433 6262 22128 21505 632 628 103 67 525 271 185 155 86
is_linear=0
shrinkage=0.05


Tree=86
num_leaves=15
num_cat=0
split_feature=2 4 3 3 4 0 0 4 2 0 4 1 3 4
split_gain=3.19894 3.0189 6.89639 3.9609 4.85877 3.50779 5.10156 4.56841 3.44003 6.92887 6.28049 8.77394 5.86139 6.99871
threshold=0.98581488933601624 1.0000000180025095e-35 76.500000000000014 57.500000000000007 7.5000000000000009 13.500000000000002 15.500000000000002 16.500000000000004 0.25176056338028174 14.500000000000002 3.5000000000000004 -1.0000000180025095e-35 53.500000000000007 7.5000000000000009
decision_type=2 10 2 2 10 2 2 10 2 2 10 2 2 8
left_child=1 -1 3 8 -5 -6 7 -7 10 -10 -3 -12 13 -13
right_child=-2 2 -4 4 5 6 -8 -9 9 -11 11 12 -14 -15
leaf_value=-0.068606870913245979 -0.051348034063021519 -0.016068906740550542 0.073442389552365955 -0.050439788113310957 -0.011865684794916467 0.12398596675959087 -0.052941616784928903 -0.056150939827757068 -0.0096521189486711064 0.0012420148412717992 0.0057911388882844715 0.11222609030432661 0.009598938434703266 0.027445687338051073
leaf_weight=1.6013804413378228 3.0410870511550447 28.704755714396015 3.1957526654005042 7.8753331266343585 32.744125368539244 1.6963518131524322 0.94359110761433829 0.44411051832139481 182.3682525078766 730.97052113525569 189.4799528347794 4.7325613312423238 7.4023039676249018 5.0125185921788225
leaf_count=40 650 1200 16 1176 1907 52 49 9 14287 18612 6356 48 108 51
internal_value=-0.000131823 -1.7226e-06 9.01691e-05 -0.000106427 -0.0148805 -0.00706428 0.0439134 0.0866105 0.000455683 -0.00093324 0.00584618 0.00889063 0.0431403 0.0686181
internal_weight=1200.21 1197.17 1195.57 1192.37 43.7035 35.8282 3.08405 2.14046 1148.67 913.339 235.332 206.627 17.1474 9.74508
internal_count=44561 43911 43871 43855 3193 2017 110 61 40662 32899 7763 6563 207 99
is_linear=0
shrinkage=0.05


Tree=87
num_leaves=15
num_cat=0
split_feature=2 1 0 1 0 3 4 4 3 2 2 4 2 1
split_gain=3.03945 2.93346 5.61428 3.18187 5.99816 11.1983 5.36916 5.12021 9.00796 7.5283 18.889 20.4736 9.00881 9.16812
threshold=0.98581488933601624 34.500000000000007 56.500000000000007 5.5000000000000009 27.500000000000004 28.500000000000004 1.5000000000000002 6.5000000000000009 52.500000000000007 0.70087719298245621 0.78679653679653694 5.5000000000000009 0.73412171140047844 19.500000000000004
decision_type=2 2 2 2 2 2 8 8 2 2 2 10 2 2
left_child=1 2 3 4 -1 6 -6 9 -9 -5 11 12 -11 -14
right_child=-2 -3 -4 7 5 -7 -8 8 -10 10 -12 -13 13 -15
leaf_value=-0.0020248045766565891 -0.051289792700002425 -0.040879523918768514 0.13353249195459868 0.0073461095281436451 0.12521435125752081 0.099893075100083301 -0.0063338287347847024 -0.0015298772990108081 0.11154248550529595 0.011091855106383972 -0.0072997129282072488 0.29297421760259279 0.15688750529999837 -0.05645450628959036
leaf_weight=865.75691273715347 2.8959736481774589 4.3732978031039229 0.78835330717265506 97.05441876873374 0.83863460225984177 4.1310067605227223 10.331093078479171 194.02377107972279 1.7775176316499699 3.724035110324623 9.076325302012263 1.1459633130580185 3.0468490645289426 0.60328993201255787
leaf_count=37325 650 214 12 1014 26 61 306 3919 18 47 879 20 64 6
internal_value=-0.000128084 -4.27115e-06 0.000145658 5.74031e-05 -0.00147636 0.0295563 0.00354294 0.00441019 -0.000503387 0.0128016 0.0428918 0.0963597 0.0658054 0.121627
internal_weight=1199.57 1196.67 1192.3 1191.51 881.058 15.3007 11.1697 310.452 195.801 114.651 17.5965 8.52014 7.37417 3.65014
internal_count=44561 43911 43697 43685 37718 393 332 5967 3937 2030 1016 137 117 70
is_linear=0
shrinkage=0.05


Tree=88
num_leaves=15
num_cat=0
split_feature=4 0 1 3 3 2 5 1 2 1 0 0 1 3
split_gain=3.08626 8.55143 6.89999 8.80282 10.4332 9.42703 5.21544 6.1147 6.01885 8.28704 6.87739 6.86688 7.54962 6.45785
threshold=15.500000000000002 54.500000000000007 -13.499999999999998 21.500000000000004 19.500000000000004 0.01941930618401207 3.5000000000000004 -12.499999999999998 0.7898981324278439 23.500000000000004 57.500000000000007 42.500000000000007 16.500000000000004 37.500000000000007
decision_type=10 2 2 2 2 2 2 2 2 2 2 2 2 2
left_child=2 -2 3 4 -1 -5 8 -8 11 -10 -11 12 -4 -14
right_child=1 -3 6 5 -6 -7 7 -9 9 10 -12 -13 13 -15
leaf_value=-0.030868547214742956 0.0045558339832634572 0.26653652400423639 9.8538187339043229e-05 0.0047004813409577025 0.047481680469365295 -0.045325905164644652 0.16949391949432949 0.017580358651626774 -0.022276861211054239 0.052794542813597578 -0.050850591817275942 -0.028943250896571376 0.038651734547205878 -0.039091595377046116
leaf_weight=7.6572407814674106 243.80701743182726 0.3118857778608789 756.73072060546838 13.728687489405273 9.5457645049318653 29.985262555768713 0.67965929768979805 26.088536734692752 58.143240841804072 7.0000986803788674 2.0749669808428735 19.666661132127047 20.793565368279818 3.0648932196199885
leaf_count=1215 8615 6 19779 397 307 5726 45 764 6782 134 174 339 235 43
internal_value=-0.000126684 0.00489054 -0.00140898 -0.0176912 0.0126072 -0.0296148 -0.000299813 0.0214375 -0.000970576 -0.015341 0.0290966 0.000236481 0.000971654 0.0286647
internal_weight=1199.28 244.119 955.159 60.917 17.203 43.714 894.242 26.7682 867.474 67.2183 9.07507 800.256 780.589 23.8585
internal_count=44561 8621 35940 7645 1522 6123 28295 809 27486 7090 308 20396 20057 278
is_linear=0
shrinkage=0.05


Tree=89
num_leaves=15
num_cat=0
split_feature=8 3 0 3 5 1 0 4 3 2 4 4 2 4
split_gain=2.91492 6.50349 4.69071 3.57158 5.12344 6.91524 11.8944 15.8734 4.51569 6.84755 3.939 4.35948 3.44666 8.69372
threshold=1.0000000180025095e-35 42.500000000000007 8.5000000000000018 40.500000000000007 2.5000000000000004 -6.4999999999999991 29.500000000000004 6.5000000000000009 34.500000000000007 0.12880184331797237 17.500000000000004 8.5000000000000018 0.37377450980392163 17.500000000000004
decision_type=2 2 2 2 2 2 2 10 2 2 10 10 2 10
left_child=-1 3 12 8 5 -5 7 -7 -2 -10 11 -9 -3 -14
right_child=1 2 -4 4 -6 6 -8 10 9 -11 -12 -13 13 -15
leaf_value=0.0017201002344388759 -0.00041260498466314942 -0.0093199270146078084 -0.038252130045335647 -0.0192343541430951 0.20892632125564431 0.48675737346269354 -0.052680595647069832 -0.052261891590436274 0.35040455038919854 -0.022048124841423489 -0.054772423104133564 0.14738442526412304 -0.050339498566213642 0.32808896352212796
leaf_weight=768.32918806117959 344.16279057762586 24.232419716659937 21.449919583043084 4.7714005894958964 0.38105423701927144 0.27834636159240966 1.3437436185777185 0.32394170388579446 0.1239107321016516 30.237351484131068 0.40175540000200261 1.7537250490859149 0.35838705906644364 0.26324419304728508
leaf_count=22128 16171 1860 1367 516 19 11 34 10 4 2292 7 56 76 10
internal_value=-0.000124839 -0.00342077 -0.0211218 -0.00128509 0.0294006 0.0216907 0.0693 0.128736 -0.00204329 -0.0205281 0.0885435 0.116256 -0.00633772 0.109915
internal_weight=1198.41 430.082 46.304 383.778 9.25397 8.87291 4.10151 2.75777 374.524 30.3613 2.47942 2.07767 24.8541 0.621631
internal_count=44561 22433 3313 19120 653 634 118 84 18467 2296 73 66 1946 86
is_linear=0
shrinkage=0.05


Tree=90
num_leaves=15
num_cat=0
split_feature=4 2 2 3 1 2 2 8 0 2 0 0 1 3
split_gain=2.88485 3.73889 8.66227 3.09072 8.92196 3.37301 12.5425 7.31451 7.29273 5.96332 4.44548 5.32173 4.43565 4.34527
threshold=18.500000000000004 0.94058823529411772 0.92907444668008055 68.500000000000014 -18.499999999999996 0.68496240601503777 0.56710977701543752 1.0000000180025095e-35 24.500000000000004 0.72653958944281538 18.500000000000004 12.500000000000002 11.500000000000002 40.500000000000007
decision_type=10 2 2 2 2 2 2 2 2 2 2 2 2 2
left_child=-1 2 3 5 -5 6 8 12 13 10 11 -9 -7 -2
right_child=1 -3 -4 4 -6 7 -8 9 -10 -11 -12 -13 -14 -15
leaf_value=-0.00073843591352297749 0.034584881219766543 -0.053864382572214001 0.27824274777598546 -0.051923637339461384 0.24663620177517737 -0.010467688444136938 -0.050504528011243568 0.40033218035795787 0.1292064954559777 0.033542459245808218 0.097663819000480517 0.11092455542302337 0.14915898158309965 0.0013070380900456844
leaf_weight=1127.3281634137966 13.961255093105136 2.2430659472011021 0.30354887247085471 0.49908262304961681 0.50184112787246593 5.7593703130260092 8.7696319343522173 0.33200164511799801 1.3468694686889637 2.249072190374136 1.1694317460060117 0.3045603483915329 0.47077026218175877 32.986636178568006
leaf_count=42252 587 77 16 15 13 275 256 15 6 119 6 9 3 912
internal_value=-0.000123186 0.00965984 0.0117353 0.0105517 0.0977677 0.00925556 0.00450511 0.035612 0.0144941 0.0878764 0.155541 0.261866 0.00159424 0.0112031
internal_weight=1198.23 70.8971 68.6541 68.3505 1.00092 67.3496 57.0644 10.2852 48.2948 4.05507 1.80599 0.636562 6.23014 46.9479
internal_count=44561 2309 2232 2216 28 2188 1761 427 1505 149 30 24 278 1499
is_linear=0
shrinkage=0.05


Tree=91
num_leaves=15
num_cat=0
split_feature=2 2 2 5 5 3 2 4 0 4 0 4 5 2
split_gain=2.88074 2.91077 8.87666 6.96785 7.54651 6.50314 6.42622 7.39062 8.73309 6.20991 4.47417 7.77811 4.0269 4.66817
threshold=0.98581488933601624 0.95199692780337952 0.82497911445279881 2.5000000000000004 1.5000000000000002 2.5000000000000004 0.89564428312159727 12.500000000000002 53.500000000000007 8.5000000000000018 28.500000000000004 8.5000000000000018 3.5000000000000004 0.96327493261455543
decision_type=2 2 2 2 2 2 2 10 2 8 2 8 2 2
left_child=1 2 -1 4 -3 9 -4 -8 -9 12 -7 -12 13 -5
right_child=-2 3 6 5 -6 10 7 8 -10 -11 11 -13 -14 -15
leaf_value=0.00055422454264176082 -0.051271361589244273 0.09902538315709053 -0.037726451041702455 0.077324530365324551 -0.039075884763931895 0.049231093786627822 -0.027292791312856664 0.016141117798792678 0.2956725297239497 -0.012018601752949228 0.34455726262664299 0.068453374150754739 0.070532445120535414 -0.050622785764378078
leaf_weight=1100.3894326456357 2.7462624956388018 1.1197510808706255 26.422859232639894 1.1537298709154185 8.4855630975216627 6.5057617137208572 16.362669231137264 14.406057561747726 0.28493945859372694 11.72464069072157 0.37113868631422486 0.81566377077251684 5.3311158642172813 1.8657368747517464
leaf_count=36593 650 5 3141 37 736 132 1705 841 7 413 6 25 60 210
internal_value=-0.000120552 -3.02396e-06 -0.000446323 0.0137309 -0.0229766 0.0264286 -0.0196018 -0.00418 0.0215628 0.0114502 0.0655177 0.154797 0.0444016 -0.00173447
internal_weight=1197.99 1195.24 1157.87 37.3731 9.60531 27.7678 57.4765 31.0537 14.691 20.0752 7.69256 1.1868 8.35058 3.01947
internal_count=44561 43911 42287 1624 741 883 5694 2553 848 720 163 31 307 247
is_linear=0
shrinkage=0.05


Tree=92
num_leaves=15
num_cat=0
split_feature=4 3 3 4 2 0 4 1 3 3 3 2 4 1
split_gain=2.81396 6.44657 3.51781 4.70002 3.34933 5.99396 5.80791 8.05158 8.39259 5.90365 5.76737 5.72082 15.2031 7.49653
threshold=1.0000000180025095e-35 76.500000000000014 57.500000000000007 7.5000000000000009 0.25176056338028174 14.500000000000002 2.5000000000000004 -1.0000000180025095e-35 46.500000000000007 43.500000000000007 37.500000000000007 0.30173704702006593 17.500000000000004 -17.499999999999996
decision_type=10 2 2 10 2 2 10 2 2 2 2 2 8 2
left_child=-1 2 4 -4 6 10 9 -8 -9 -2 11 12 -6 -14
right_child=1 -3 3 -5 5 -7 7 8 -10 -11 -12 -13 13 -15
leaf_value=-0.0675826442909606 0.018932704590683462 0.071911036493019206 -0.050418554985634405 -0.0067003887859939356 0.015795654662105241 0.00094272937076284697 0.0049063629006359643 0.095424532766292855 0.019659116942063057 -0.040534246269285562 -0.031409380906655543 -0.0076104460113683688 0.46098942228234985 0.10816890058702236
leaf_weight=1.5436376521829505 6.2208969739731428 3.105808198451995 7.4344516748096785 35.520851200679317 5.7428231877274802 733.65809116093442 197.49051253241487 4.8712550103664425 14.639605313539503 12.681752446573226 25.217369419056922 148.70820655673742 0.29312465619295835 0.30953856650739897
leaf_count=40 158 16 1176 2017 245 19207 6729 41 193 642 2446 11614 21 16
internal_value=-0.00011802 -3.09383e-05 -0.000218262 -0.0142669 0.000306564 -0.00106445 0.0056181 0.00793359 0.0385754 -0.0209636 -0.00923319 -0.00562653 0.0408671 0.279775
internal_weight=1197.44 1195.89 1192.79 42.9553 1149.83 913.929 235.904 217.001 19.5109 18.9026 180.271 155.054 6.34549 0.602663
internal_count=44561 44521 44505 3193 41312 33549 7763 6963 234 800 14342 11896 282 37
is_linear=0
shrinkage=0.05


Tree=93
num_leaves=15
num_cat=0
split_feature=2 4 5 2 1 4 4 3 5 2 3 8 0 1
split_gain=2.73746 2.64827 5.18383 8.92679 7.63329 14.1084 6.21137 4.33177 10.5508 11.7346 7.06963 8.57792 6.32953 6.27311
threshold=0.98581488933601624 13.500000000000002 4.5000000000000009 0.7685439560439562 -7.4999999999999991 7.5000000000000009 8.5000000000000018 15.500000000000002 1.5000000000000002 0.94058823529411772 25.500000000000004 1.0000000180025095e-35 11.500000000000002 30.500000000000004
decision_type=2 10 2 2 2 10 8 2 2 2 2 2 2 2
left_child=1 2 7 -4 5 -5 -6 8 -1 -10 13 -12 -11 -9
right_child=-2 -3 3 4 6 -7 -8 10 9 12 11 -13 -14 -15
leaf_value=0.034054118692562772 -0.051217207636958487 0.0034741083305387583 -0.05194816694424808 0.0061846943438097586 0.073021577592076392 0.21398563121997261 -0.03623425565247871 0.0086293089388667123 -0.032990573111847422 0.062030783968001359 -0.00082965409663241147 -0.017590671831731141 -0.0030331902116820901 -0.053733128716086577
leaf_weight=10.739241890609263 2.6150265429168931 375.27693912480026 2.4257416976615778 1.5377943161875012 2.6392851360142213 1.742188014090061 2.5652945218607783 192.18590924120508 51.049988143378869 4.4551976080983904 429.41725454293191 92.837706532562152 23.217360326088965 4.1189450398087493
leaf_count=107 650 13296 140 21 18 12 54 5107 6220 88 11368 5884 1503 93
internal_value=-0.000116025 -4.12552e-06 -0.00159803 0.0326365 0.0568193 0.11656 0.0191703 -0.00206028 -0.0124357 -0.0187777 -0.000768534 -0.00380915 0.00744191 0.0073208
internal_weight=1196.82 1194.21 818.932 10.9103 8.48456 3.27998 5.20458 808.022 89.4618 78.7225 718.56 522.255 27.6726 196.305
internal_count=44561 43911 30615 245 105 33 72 30370 7918 7811 22452 17252 1591 5200
is_linear=0
shrinkage=0.05


Tree=94
num_leaves=15
num_cat=0
split_feature=2 2 5 4 5 5 4 5 4 0 1 2 2 2
split_gain=2.69188 6.20728 4.96041 5.33559 4.41518 3.86672 3.5721 7.88012 3.19176 8.60561 5.96484 8.39504 11.5167 8.94823
threshold=0.97202660406885777 0.96799795186891979 4.5000000000000009 8.5000000000000018 3.5000000000000004 1.5000000000000002 3.5000000000000004 2.5000000000000004 15.500000000000002 53.500000000000007 -13.499999999999998 0.62782805429864263 0.65214646464646475 0.01941930618401207
decision_type=2 2 2 10 2 2 8 2 10 2 2 2 2 2
left_child=1 8 5 -4 6 -2 7 -3 10 -10 11 13 -13 -1
right_child=2 4 3 -5 -6 -7 -8 -9 9 -11 -12 12 -14 -15
leaf_value=0.0043460047026652581 0.16669699723150211 0.54929114142400903 0.067958896184367165 -0.054869536676294767 0.067897103252597193 -0.050619314624290826 -0.051074141262829276 -0.050462799174267797 0.0044907649034051809 0.19497805722717274 -0.00044982616394840353 0.05125426373068586 -0.031368294139547455 -0.045018379242299733
leaf_weight=13.61359379114583 0.20997816324233909 0.083372562192379207 2.4472191017121072 1.3842608779668806 5.5592280793935061 8.1287520581390691 1.5280209742486477 0.15962999034672976 241.37803306756541 0.5943710170686235 875.63773758639582 9.0559448117855954 7.8943338298704466 28.189123044256121
leaf_count=397 1 10 18 30 35 1276 131 18 8441 7 26949 249 1377 5622
internal_value=-0.000113995 0.000126545 -0.0235093 0.0235827 0.0459948 -0.0451471 -0.0227563 0.155309 -0.000159273 0.00495867 -0.00148463 -0.0169071 0.0127741 -0.0289422
internal_weight=1195.86 1183.69 12.1702 3.83148 7.33025 8.33873 1.77102 0.243003 1176.36 241.972 934.391 58.753 16.9503 41.8027
internal_count=44561 43236 1325 48 194 1277 159 28 43042 8448 34594 7645 1626 6019
is_linear=0
shrinkage=0.05


Tree=95
num_leaves=15
num_cat=0
split_feature=4 3 3 4 0 2 2 3 3 5 1 1 3 4
split_gain=2.62119 6.01997 3.21096 4.52528 3.20936 5.97144 11.2113 11.1252 18.8609 11.6023 36.0497 10.9785 11.8251 10.2704
threshold=1.0000000180025095e-35 76.500000000000014 57.500000000000007 7.5000000000000009 1.5000000000000002 0.11305538648813147 0.14017543859649126 49.500000000000007 43.500000000000007 1.5000000000000002 -7.4999999999999991 -11.499999999999998 50.500000000000007 10.500000000000002
decision_type=10 2 2 10 2 2 2 2 2 2 2 2 2 10
left_child=-1 2 4 -4 -2 -6 7 8 -7 -10 -11 12 -9 -13
right_child=1 -3 3 -5 5 6 -8 11 9 10 -12 13 -14 -15
leaf_value=-0.066580698901596944 0.015174645783786326 0.070530142965696777 -0.050398186085758745 -0.0064430351695238643 -0.02179977653025833 0.08006139012470774 -0.00040553127599775784 0.17306381641952137 -0.045351684092185901 -0.05080835370819508 0.76738675226058539 -0.051949048982692328 -0.009732540778218654 0.071287293198488033
leaf_weight=1.4813687962014217 35.109979691449553 3.0152657330036154 7.0193813068326554 35.315512478118762 31.044593682745472 5.5588840413838687 1052.7827541194856 3.5254009689670056 10.61333807581104 0.50784069253131747 0.18318761140108186 2.5429103262722474 1.181145283160731 5.0443534031510353
leaf_count=40 1370 16 1176 2017 2289 113 36827 70 375 46 7 93 53 69
internal_value=-0.000111784 -2.92794e-05 -0.000208001 -0.0137311 0.000290649 -0.000178878 0.0004415 0.0310255 0.00465464 -0.0324264 0.16609 0.0671981 0.12719 0.029984
internal_weight=1194.93 1193.44 1190.43 42.3349 1148.09 1112.98 1081.94 29.1571 16.8633 11.3044 0.691028 12.2938 4.70655 7.58726
internal_count=44561 44521 44505 3193 41312 39942 37653 826 541 428 53 285 123 162
is_linear=0
shrinkage=0.05


Tree=96
num_leaves=15
num_cat=0
split_feature=2 1 0 1 0 3 4 3 2 2 4 2 1 3
split_gain=2.54654 2.50099 4.09652 2.65932 5.23027 8.69473 4.56859 7.36696 6.60785 14.1117 12.5523 6.70694 7.2427 6.15175
threshold=0.98581488933601624 34.500000000000007 56.500000000000007 5.5000000000000009 27.500000000000004 28.500000000000004 6.5000000000000009 52.500000000000007 0.70087719298245621 0.78679653679653694 5.5000000000000009 0.73412171140047844 19.500000000000004 20.500000000000004
decision_type=2 2 2 2 2 2 8 2 2 2 10 2 2 2
left_child=1 2 3 4 -1 -6 8 -8 13 10 11 -10 -13 -5
right_child=-2 -3 -4 6 5 -7 7 -9 9 -11 -12 12 -14 -15
leaf_value=-0.0018895692824916516 -0.051305933745625781 -0.039597705724307986 0.10620786063263887 -0.031338619903257058 0.0035803392815393215 0.085886094729084761 -0.0016204964562659869 0.096201003196003138 0.0096483236757812021 -0.0062406707837657296 0.21762619310473871 0.13005604540583365 -0.056570689599601043 0.010894241865917306
leaf_weight=860.30635188752785 2.4243289348669341 3.9761315910145631 0.90932505577802558 9.5570515319704992 11.145468155387787 4.506017552688717 193.58257203456014 1.944012165069579 3.789259076118471 8.6464774208143336 1.4501705663278697 3.464550225995481 0.61164785921573628 88.186268173158169
leaf_count=37325 650 214 12 95 332 61 3919 18 47 879 20 64 6 919
internal_value=-0.000113216 -9.10551e-06 0.000123383 4.21279e-05 -0.00136844 0.0272759 0.00401216 -0.000647912 0.0118871 0.0397604 0.0824571 0.0575357 0.102052 0.00676484
internal_weight=1194.5 1192.08 1188.1 1187.19 875.958 15.6515 311.232 195.527 115.705 17.9621 9.31563 7.86546 4.0762 97.7433
internal_count=44561 43911 43697 43685 37718 393 5967 3937 2030 1016 137 117 70 1014
is_linear=0
shrinkage=0.05


Tree=97
num_leaves=15
num_cat=0
split_feature=8 3 0 0 2 4 2 2 4 4 3 3 2 1
split_gain=2.54572 5.98257 4.57737 3.47491 5.18804 6.58859 4.70099 3.79774 3.49627 5.54732 11.032 3.1625 4.53046 7.62227
threshold=1.0000000180025095e-35 42.500000000000007 8.5000000000000018 6.5000000000000009 0.37377450980392163 17.500000000000004 0.13680926916221037 0.12095088819226753 17.500000000000004 15.500000000000002 62.500000000000007 40.500000000000007 0.42179392142327654 -6.4999999999999991
decision_type=2 2 2 2 2 10 2 2 10 10 2 2 2 2
left_child=-1 11 3 4 -3 -6 7 8 9 -5 -11 -2 13 -13
right_child=1 2 -4 6 5 -7 -8 -9 -10 10 -12 12 -14 -15
leaf_value=0.0016082578603514378 -0.0019051038570271684 -0.018242996650182794 -0.037847042214121482 -0.050301297236583865 -0.050290574367726132 0.30827425593501606 -0.022864375656719296 0.16249549732255761 -0.051149661497131661 -0.050803677592734409 0.53092701433334422 0.0019185965188014164 -0.052167082122925805 0.10152792166398615
leaf_weight=768.06437779543921 371.77760174975265 19.799843413638889 20.558332547661848 0.27250155759975292 0.23833776824176212 0.27702286466956139 1.8025601261761037 0.93408981384709466 0.64960657339543104 0.15494385734200478 0.17193449847400188 4.7253363400232047 1.5059648081660268 3.2356106443330628
leaf_count=22128 18467 1501 1367 55 58 7 229 43 30 10 13 491 79 83
internal_value=-0.000111239 -0.00321068 -0.0204823 -0.00579182 -0.0141665 0.14245 0.0368949 0.0862379 0.0292066 0.116296 0.25518 -0.00117842 0.0273594 0.0424034
internal_weight=1194.17 426.104 44.8592 24.3008 20.3152 0.515361 3.98564 2.18308 1.24899 0.59938 0.326878 381.245 9.46691 7.96095
internal_count=44561 22433 3313 1946 1566 65 380 151 108 78 23 19120 653 574
is_linear=0
shrinkage=0.05


Tree=98
num_leaves=15
num_cat=0
split_feature=4 3 2 6 3 4 0 5 2 2 4 0 2 1
split_gain=2.44823 4.047 7.21827 18.4175 8.33165 6.43018 5.64223 5.45903 8.18636 6.85111 9.42833 6.13583 8.49694 5.6809
threshold=13.500000000000002 43.500000000000007 0.2991228070175439 1.0000000180025095e-35 34.500000000000007 4.5000000000000009 20.500000000000004 4.5000000000000009 0.7685439560439562 0.8293800539083559 7.5000000000000009 2.5000000000000004 0.62782805429864263 -11.499999999999998
decision_type=10 2 2 2 2 10 2 2 2 2 10 2 2 2
left_child=1 2 3 4 -1 -5 7 11 -9 10 -10 12 -4 -14
right_child=-2 -3 6 5 -6 -7 -8 8 9 -11 -12 -13 13 -15
leaf_value=0.083927147833687696 0.0032272859521089502 -0.0080154422124167797 -0.050595441988899849 0.061547361924940126 0.0047613444757924747 0.19084413487982249 0.0021950851730308902 -0.05189450595820469 0.0058845598515913158 -0.00022622056739302955 0.16471024134350631 -0.012352821127237811 0.039527173465109665 0.20487354124817145
leaf_weight=3.5308997277170411 376.42663745535538 191.08187495893799 2.7625184999778858 2.0549347996711727 56.580981268547475 1.8072838243097065 363.34052616916597 2.31538252905011 1.5668508093804123 2.976777907460928 2.3149127587676048 178.7471212928649 7.9865236675832421 0.55561819137073865
leaf_count=61 13383 8040 406 15 1701 19 8777 140 22 54 19 11648 258 18
internal_value=-0.000109447 -0.00164565 0.000297002 0.0162116 0.00941145 0.12205 -0.00151278 -0.00827506 0.0293965 0.0568396 0.100601 -0.0100935 0.0256306 0.050282
internal_weight=1194.05 817.622 626.54 63.9741 60.1119 3.86222 562.566 199.226 9.17392 6.85854 3.88176 190.052 11.3047 8.54214
internal_count=44561 31178 23138 1796 1762 34 21342 12565 235 95 41 12330 682 276
is_linear=0
shrinkage=0.05


Tree=99
num_leaves=15
num_cat=0
split_feature=2 2 2 2 3 4 0 1 1 4 5 5 3 3
split_gain=2.42075 2.44714 7.72045 6.10582 6.53012 7.49714 6.15983 8.85183 7.24697 6.37497 6.0039 6.50092 5.55514 5.24199
threshold=0.98581488933601624 0.95199692780337952 0.82497911445279881 0.89564428312159727 6.5000000000000009 7.5000000000000009 17.500000000000004 -7.4999999999999991 -5.4999999999999991 15.500000000000002 2.5000000000000004 1.5000000000000002 2.5000000000000004 3.5000000000000004
decision_type=2 2 2 2 2 10 2 2 2 10 2 2 2 2
left_child=1 2 -1 -4 5 -5 7 -6 -9 -8 11 -3 -12 -7
right_child=-2 10 3 4 6 13 9 8 -10 -11 12 -13 -14 -15
leaf_value=0.00050466320904842508 -0.051249422182662097 0.087895482466122499 -0.036950652388287833 -0.051502949394103936 -0.050771889942366401 -0.035887037840659379 -0.05048744186133395 0.58364183773773815 0.18624338926875469 0.17595981473275862 0.0099738806118290623 -0.038393177626090937 0.059169801732775862 0.021261831814403161
leaf_weight=1098.1780385840684 2.309394448879174 1.1668084114789934 24.961186744272709 7.9401206481270554 0.27350185415707529 5.5019115032628205 1.0668856045231221 0.15759551711380482 0.42168881138786618 0.43856289796531189 19.931937518529594 8.0457691098563373 8.0580535968765634 14.823013146873562
leaf_count=36593 650 5 3141 903 26 310 141 11 31 19 720 736 163 1112
internal_value=-0.000107702 -8.5333e-06 -0.000415518 -0.0185955 -0.00363408 -0.0103033 0.0763007 0.183668 0.294356 0.0154805 0.0126133 -0.0223982 0.0241369 0.00579176
internal_weight=1193.27 1190.97 1153.76 55.5845 30.6233 28.265 2.35823 0.852786 0.579284 1.50545 37.2026 9.21258 27.99 20.3249
internal_count=44561 43911 42287 5694 2553 2325 228 68 42 160 1624 741 883 1422
is_linear=0
shrinkage=0.05


Tree=100
num_leaves=15
num_cat=0
split_feature=4 3 3 4 0 0 2 0 3 3 4 1 2 2
split_gain=2.42225 5.70418 2.88313 4.1622 2.87555 5.83656 6.42213 9.23191 8.87638 13.8596 6.45027 10.1237 7.12589 5.07413
threshold=1.0000000180025095e-35 76.500000000000014 58.500000000000007 9.5000000000000018 1.5000000000000002 6.5000000000000009 0.14017543859649126 8.5000000000000018 43.500000000000007 49.500000000000007 10.500000000000002 -11.499999999999998 0.12095088819226753 0.13680926916221037
decision_type=10 2 2 10 2 2 2 2 2 2 10 2 2 2
left_child=-1 2 4 -4 -2 -6 8 -8 -7 -10 11 12 -11 -12
right_child=1 -3 3 -5 5 6 7 -9 9 10 13 -13 -14 -15
leaf_value=-0.065397970701602956 0.014260672166483572 0.069495857634186267 -0.044615643537412063 -0.0046857799071456799 -0.013016505795967921 0.084332139248659746 -0.024489160824111796 0.0010564695429595059 -0.038131857527802841 -0.050783529749315742 0.051237694350047873 -0.051562631927719017 0.12559377627109602 0.16315384284904277
leaf_weight=1.4188297817017872 35.425243813544512 2.9429424703121176 8.5343754305504245 27.737153174821287 82.390629255678505 4.9944382430985597 36.709550153231248 967.05843278008979 9.0943611094262469 0.81127215037122935 8.8269528797827626 3.882344494108108 1.9469738854095338 1.1440461413003511
leaf_count=40 1372 16 1377 1528 7864 66 2578 29025 253 62 155 174 33 18
internal_value=-0.000106539 -2.87902e-05 -0.000200938 -0.0140809 0.000235976 -0.000208869 0.000811201 0.000122221 0.0233378 0.0114871 0.0386521 0.000473548 0.0737166 0.0640787
internal_weight=1192.92 1191.5 1188.56 36.2715 1152.28 1116.86 1034.47 1003.77 30.7004 25.706 16.6116 6.64059 2.75825 9.971
internal_count=44561 44521 44505 2905 41600 40228 32364 31603 761 695 442 269 95 173
is_linear=0
shrinkage=0.05


Tree=101
num_leaves=15
num_cat=0
split_feature=1 4 0 8 3 0 1 4 2 2 3 4 3 0
split_gain=2.35598 5.63572 3.38698 2.48374 5.52572 4.35305 4.17315 6.07199 5.53182 3.79837 8.93629 5.46253 3.85616 7.12374
threshold=34.500000000000007 15.500000000000002 56.500000000000007 1.0000000180025095e-35 42.500000000000007 8.5000000000000018 16.500000000000004 12.500000000000002 0.80374649859943992 0.58951465201465214 37.500000000000007 7.5000000000000009 12.500000000000002 40.500000000000007
decision_type=2 8 2 2 2 2 2 8 2 2 2 10 2 2
left_child=2 -2 3 6 -5 -6 -1 9 -9 10 -8 -11 13 -13
right_child=1 -3 -4 4 5 -7 7 8 -10 11 -12 12 -14 -15
leaf_value=0.00095231565467411301 -0.052024038369022155 0.24509005716294485 0.092705375232193007 -0.0011849413896414598 -0.0056553985896394335 -0.037275745387960531 0.065218694565642665 0.1638518436293166 -0.050861113743549249 0.032249901428984588 -0.038039899283865169 -0.052475921987820542 -0.044205761145095945 0.26252869797004191
leaf_weight=740.9759603952989 3.6838713686447586 0.16683174669742573 0.98488353425636788 376.88296504144091 24.131390108726919 19.827275517745875 7.7614145465195232 1.2809141129255284 0.39171597501263011 6.0873968657106143 2.8701193556189537 0.44009313569404174 6.5356841161847115 0.30308286868967116
leaf_count=21706 224 3 13 18950 1946 1367 80 7 32 92 38 40 57 6
internal_value=-0.000104924 -0.0391516 2.15888e-05 -5.52817e-05 -0.00314164 -0.0199176 0.00163894 0.0214583 0.113568 0.0150383 0.0373427 -0.00270257 -0.0319337 0.0759896
internal_weight=1192.32 3.8507 1188.47 1187.49 420.842 43.9587 766.646 25.6704 1.67263 23.9978 10.6315 13.3663 7.27886 0.743176
internal_count=44561 227 44334 44321 22263 3313 22058 352 39 313 118 195 103 46
is_linear=0
shrinkage=0.05


Tree=102
num_leaves=15
num_cat=0
split_feature=4 1 0 7 2 3 2 0 3 3 3 0 2 2
split_gain=2.38839 4.5535 6.45894 3.58613 6.22865 6.89273 10.5298 6.91612 5.66588 8.0662 5.40375 3.75385 4.7783 5.56371
threshold=17.500000000000004 -13.499999999999998 2.5000000000000004 1.0000000180025095e-35 0.096464019851116647 41.500000000000007 0.54870335230866552 19.500000000000004 55.500000000000007 47.500000000000007 69.500000000000014 26.500000000000004 0.68496240601503777 0.93019005847953229
decision_type=10 2 2 2 2 2 2 2 2 2 2 2 2 2
left_child=1 2 -1 11 8 6 7 -6 9 -5 -10 -2 -13 -14
right_child=3 -3 -4 4 5 -7 -8 -9 10 -11 -12 12 13 -15
leaf_value=0.0011490762911115062 -0.0039587039526110413 3.6875241820173283e-05 -0.028089117205525368 -0.056853767193008366 0.058280270630877831 -0.015077798725990516 -0.0021365458962572573 0.25560211705679586 -0.030529487003619012 0.11700836700199382 0.15270749660710434 -0.0045319842233461074 0.097384401354138284 -0.051355893945206926
leaf_weight=39.937064359197393 69.332364052766934 992.01326738577336 35.839061522507109 0.7911541610956182 8.7402888229116797 16.591662877239287 12.515875773504375 0.46784026920795518 2.3251705216243868 4.2549341134727001 0.4865480139851569 4.5425028726458532 3.3765985509380698 0.77255080826580513
leaf_count=2449 2688 31328 6636 15 278 333 541 3 77 71 10 28 66 38
internal_value=-0.000102232 -0.000865542 -0.0126794 0.00646033 0.0175048 0.00918843 0.0277217 0.0683057 0.0580564 0.0897493 0.00117838 -7.5616e-05 0.0308994 0.0696897
internal_weight=1191.99 1067.79 75.7761 124.197 46.1735 38.3157 21.724 9.20813 7.85781 5.04609 2.81172 78.024 8.69165 4.14915
internal_count=44561 40413 9085 4148 1328 1155 822 281 173 86 87 2820 132 104
is_linear=0
shrinkage=0.05


Tree=103
num_leaves=15
num_cat=0
split_feature=2 2 5 4 4 5 5 4 2 2 2 0 1 3
split_gain=2.31928 5.43635 4.71795 4.96062 3.8105 3.25164 3.15419 2.78418 4.90887 6.871 5.36064 13.4052 4.99555 4.7819
threshold=0.97202660406885777 0.96799795186891979 4.5000000000000009 8.5000000000000018 6.5000000000000009 1.5000000000000002 3.5000000000000004 13.500000000000002 0.8293800539083559 0.94058823529411772 0.94312668463611871 35.500000000000007 -11.499999999999998 25.500000000000004
decision_type=2 2 2 10 10 2 2 10 2 2 2 2 2 2
left_child=1 7 5 -4 -3 -2 -6 8 13 -10 11 -11 -12 -1
right_child=2 4 3 -5 6 -7 -8 -9 9 10 12 -13 -14 -15
leaf_value=0.0049923384247825223 0.14063278493082623 0.099132563004354496 0.065702261117204439 -0.054709343441441183 -0.051089286947333036 -0.050590125006036504 0.04101527888099929 0.003425261390109775 -0.036331894281467415 0.039070564559705506 0.16877222447212489 0.47927139503343918 -0.009798677043588902 -0.0035613661854025807
leaf_weight=238.57327745575458 0.22913011908531 2.1367180575616649 2.4379163049161439 1.317632073536515 1.204530627466738 7.4706634433241561 4.0715209245681763 371.47128912108019 23.713631677208468 2.1005632909946175 0.40046250447631493 0.18846311233937729 17.804107871372249 518.49699526489712
leaf_count=8214 1 66 18 30 103 1276 25 13066 3520 104 8 13 865 17252
internal_value=-0.000100303 0.000117023 -0.0224898 0.0234559 0.042801 -0.0448997 0.0199877 -0.000152777 -0.00181155 -0.0180069 0.00319736 0.0753138 -0.00587049 -0.000865863
internal_weight=1191.62 1180.16 11.4553 3.75555 7.41277 7.69979 5.27605 1172.75 801.278 44.2072 20.4936 2.28903 18.2046 757.07
internal_count=44561 43236 1325 48 194 1277 128 43042 29976 4510 990 117 873 25466
is_linear=0
shrinkage=0.05


Tree=104
num_leaves=15
num_cat=0
split_feature=4 3 3 4 0 0 4 3 3 4 6 2 0 4
split_gain=2.26331 5.34603 2.57988 4.289 3.22717 4.32327 3.74702 2.81579 4.9261 5.27533 24.9678 3.27568 6.08937 5.00216
threshold=1.0000000180025095e-35 76.500000000000014 57.500000000000007 7.5000000000000009 13.500000000000002 15.500000000000002 16.500000000000004 62.500000000000007 64.500000000000014 18.500000000000004 1.0000000180025095e-35 0.10912698412698414 5.5000000000000009 11.500000000000002
decision_type=10 2 2 10 2 2 10 2 2 10 2 2 2 8
left_child=-1 2 -2 -4 7 6 -6 -5 11 -10 -11 12 -9 -14
right_child=1 -3 3 4 5 -7 -8 8 9 10 -12 -13 13 -15
leaf_value=-0.064530152392589912 0.00025202798439849039 0.068334028224969909 -0.050363550569169441 -0.025818715561465113 0.10997259923501912 -0.052878528107586142 -0.055874798799947167 -0.051153881859321064 -0.029742362749450298 -0.0041103448752391131 0.50954427873817099 -0.00027529035733800248 0.27221931475348266 0.084160286213989896
leaf_weight=1.3614022416295473 1145.7936588402372 2.853266827762126 6.3290349082089952 15.267852808814498 1.8383751879446206 0.85322305560111988 0.4180107433348893 0.61701443698257508 9.4070061640813929 2.0988776516169305 0.26663406193256367 1.9539947041776029 0.46477517951279845 1.4782058475539088
leaf_count=40 41312 16 1176 794 52 49 9 34 752 83 5 102 51 86
internal_value=-9.83049e-05 -2.45702e-05 -0.000188918 -0.0125138 -0.00560306 0.0429949 0.0792482 -0.0103923 0.00406929 -0.0129583 0.0537874 0.0484774 0.0856893 0.129145
internal_weight=1191 1189.64 1186.79 40.993 34.664 3.10961 2.25639 31.5544 16.2865 11.7725 2.36551 4.51399 2.56 1.94298
internal_count=44561 44521 44505 3193 2017 110 61 1907 1113 840 88 273 171 137
is_linear=0
shrinkage=0.05


Tree=105
num_leaves=15
num_cat=0
split_feature=2 2 2 2 3 2 2 4 5 1 0 0 4 3
split_gain=2.25868 2.20562 6.80508 5.72023 5.73277 7.50714 14.1894 8.55366 8.09253 7.91508 13.1655 8.89763 7.75586 6.50995
threshold=0.98581488933601624 0.95199692780337952 0.82497911445279881 0.89564428312159727 3.5000000000000004 0.93142633228840133 0.94312668463611871 7.5000000000000009 3.5000000000000004 1.5000000000000002 46.500000000000007 11.500000000000002 15.500000000000002 6.5000000000000009
decision_type=2 2 2 2 2 2 2 10 2 2 2 2 10 2
left_child=1 2 -1 -4 -5 13 7 -7 9 11 -11 -9 -13 -6
right_child=-2 -3 3 4 5 6 -8 8 -10 10 -12 12 -14 -15
leaf_value=0.00046237115888368816 -0.051342198420286013 0.012002041406259448 -0.036149352558172441 -0.040607379792411864 -0.020499979112890108 -0.050669334695752015 -0.051233687909512229 0.14262573235140127 -0.053491902512539581 -0.050907171622396732 0.26240763886868129 0.2343646618818338 0.57691774534692608 0.066084868620602047
leaf_weight=1097.3857287891442 2.1463731341063967 37.057838914450258 23.653430939419195 7.7137773879803744 14.404284549178561 0.64769870042800848 1.9434776795096693 0.71704595442861385 0.42737927194684733 0.72320915339514591 0.62507632188498974 0.34854647936299443 0.3141925036907196 2.5560983461327842
leaf_count=36593 650 1624 3141 506 1516 70 123 7 9 57 14 17 6 228
internal_value=-9.70169e-05 -4.47198e-06 -0.000390882 -0.0177069 -0.00336704 0.00928384 0.0586738 0.114839 0.148811 0.180504 0.0943482 0.264693 0.396763 -0.00745078
internal_weight=1190.66 1188.52 1151.46 54.0742 30.4208 22.707 5.74663 3.80315 3.15545 2.72807 1.34829 1.37978 0.662739 16.9604
internal_count=44561 43911 42287 5694 2553 2047 303 180 110 101 71 30 23 1744
is_linear=0
shrinkage=0.05


Tree=106
num_leaves=15
num_cat=0
split_feature=1 4 0 8 3 0 1 4 4 1 0 2 3 0
split_gain=2.20077 4.38551 2.828 2.21236 5.0297 4.19674 3.73814 5.20368 3.55146 5.81021 5.12316 3.89709 8.33265 3.90884
threshold=34.500000000000007 15.500000000000002 56.500000000000007 1.0000000180025095e-35 42.500000000000007 8.5000000000000018 16.500000000000004 12.500000000000002 4.5000000000000009 17.500000000000004 38.500000000000007 0.58951465201465214 36.500000000000007 49.500000000000007
decision_type=2 8 2 2 2 2 2 8 10 2 2 2 2 2
left_child=2 -2 3 6 -5 -6 -1 8 9 -8 -11 12 -10 -13
right_child=1 -3 -4 4 5 -7 7 -9 11 10 -12 13 -14 -15
leaf_value=0.0008931029629288134 -0.05194170153802459 0.18465878738273295 0.08189965612258876 -0.0011221736541454563 -0.005175235082752542 -0.036656826582280699 -0.031116115949049901 0.10380607490342562 0.055033488677245536 0.11792851474562582 0.0052922153071567292 -0.032889927618495324 -0.054342682953378366 0.062965034428188002
leaf_weight=740.85741772281472 3.4841732586501162 0.20751752704381932 1.0536983525380481 375.91880943113938 23.759611138491891 19.093175226356834 1.7056025709025622 1.7364619497675438 6.6540656648576277 2.820779952337034 1.5722185601480303 7.8836811276851204 2.3585218824446201 1.2294037360697982
leaf_count=21706 224 3 13 18950 1946 1367 17 39 65 31 17 127 37 19
internal_value=-9.66948e-05 -0.0386419 2.32208e-05 -4.95473e-05 -0.00297227 -0.0192019 0.0015466 0.0201958 0.0142024 0.0472074 0.0776169 0.00309747 0.0264106 -0.0199586
internal_weight=1190.34 3.69169 1186.64 1185.59 418.772 42.8528 766.818 25.9607 24.2243 6.0986 4.393 18.1257 9.01259 9.11308
internal_count=44561 227 44334 44321 22263 3313 22058 352 313 65 48 248 102 146
is_linear=0
shrinkage=0.05


Tree=107
num_leaves=15
num_cat=0
split_feature=2 2 5 4 5 8 5 4 2 2 0 1 0 4
split_gain=2.18107 4.63592 4.46266 4.55069 3.41898 3.02235 2.93457 2.56588 4.27303 6.26334 4.68314 7.98924 5.33447 4.63184
threshold=0.97202660406885777 0.96799795186891979 4.5000000000000009 8.5000000000000018 3.5000000000000004 1.0000000180025095e-35 1.5000000000000002 13.500000000000002 0.8293800539083559 0.94058823529411772 46.500000000000007 25.500000000000004 11.500000000000002 8.5000000000000018
decision_type=2 2 2 10 2 2 2 10 2 2 2 2 2 8
left_child=1 7 6 -4 -3 -6 -2 8 -1 -10 12 -12 -11 -14
right_child=2 4 3 -5 5 -7 -8 -9 9 10 11 -13 13 -15
leaf_value=-0.00086492985845257754 0.12787082149627632 -0.022242155397157574 0.062271527416413203 -0.054551347473068036 0.034439006019630743 0.11375218786309893 -0.050572167611985866 0.0032916933772618251 -0.035391833834242034 0.052903008621199281 0.25833803278549644 0.016510064962277856 0.0043399996887374852 -0.052290033353798372
leaf_weight=756.55655610084068 0.23812326788902094 1.7453513089567412 2.4475674964487557 1.264163479208946 4.1223778482526541 1.6950194984674452 7.1050344695104286 371.9737681299448 22.364596291445196 3.3377590919844868 0.4665446113795032 1.2746041547507045 9.6684301281347835 5.7630278766155252
leaf_count=25466 1 159 18 30 27 8 1276 13066 3520 61 7 30 552 340
internal_value=-9.42527e-05 0.000113025 -0.0221998 0.0224833 0.0391342 0.0575485 -0.0447856 -0.000138901 -0.00173515 -0.0170907 0.00286487 0.0813084 -0.00441203 -0.016809
internal_weight=1190.02 1178.97 11.0549 3.71173 7.56275 5.8174 7.34316 1171.41 799.432 42.875 20.5104 1.74115 18.7692 15.4315
internal_count=44561 43236 1325 48 194 35 1277 43042 29976 4510 990 37 953 892
is_linear=0
shrinkage=0.05


Tree=108
num_leaves=15
num_cat=0
split_feature=0 2 2 4 1 2 0 1 4 2 2 2 2 2
split_gain=2.12768 3.53507 4.05819 3.31698 3.54776 3.52486 8.24012 8.45153 8.24615 4.10258 3.45719 7.52784 9.46146 7.3223
threshold=11.500000000000002 0.031024531024531028 0.03883861236802414 3.5000000000000004 -20.499999999999996 0.042555331991951717 2.5000000000000004 -18.499999999999996 13.500000000000002 0.066348973607038134 0.25176056338028174 0.61383572567783107 0.65214646464646475 0.7685439560439562
decision_type=2 2 2 10 2 2 2 2 10 2 2 2 2 2
left_child=1 -1 -3 4 -4 6 7 -5 -9 -7 -11 -12 -13 -14
right_child=-2 2 3 5 -6 9 -8 8 -10 10 11 12 13 -15
leaf_value=0.011683175096216719 0.0011634926986460166 -0.051376296744924624 0.035780024327252552 -0.051115516946127731 -0.029466532850926121 -0.038688156979539874 -0.05076667541263178 -0.050541109615545234 0.30960998734149087 0.0030700502616934407 -0.023744892841094333 0.037983683140768221 -0.029762453040383038 0.010455114045071337
leaf_weight=33.504549232311547 879.5380861001322 4.7408178404439232 2.3170398541260537 0.39404330565594137 20.664093640400097 8.0601796107366663 0.97354708402417589 0.20646833837963574 0.69037231802940369 130.18553920846898 48.168337469222024 14.489680460421367 21.323253099340945 24.119347837753594
leaf_count=1011 24860 413 95 28 2273 790 112 38 18 5262 5403 713 1912 1633
internal_value=-9.16781e-05 -0.00365474 -0.00551442 -0.00471387 -0.0228881 -0.00303388 0.0590636 0.141894 0.226697 -0.00360468 -0.00241796 -0.00902717 0.00280166 -0.00841637
internal_weight=1189.38 309.837 276.333 271.592 22.9811 248.611 2.26443 1.29088 0.896841 246.346 238.286 108.101 59.9323 45.4426
internal_count=44561 19701 18690 18277 2368 15909 196 84 56 15713 14923 9661 4258 3545
is_linear=0
shrinkage=0.05


Tree=109
num_leaves=15
num_cat=0
split_feature=4 3 3 4 0 0 4 2 0 3 4 1 3 2
split_gain=2.13672 4.94949 2.37257 4.11665 2.8331 3.64463 3.01319 2.69294 5.05024 5.11045 4.93821 6.81726 6.26477 5.51307
threshold=1.0000000180025095e-35 76.500000000000014 57.500000000000007 7.5000000000000009 13.500000000000002 15.500000000000002 16.500000000000004 0.25176056338028174 14.500000000000002 37.500000000000007 2.5000000000000004 -1.0000000180025095e-35 46.500000000000007 0.23971830985915496
decision_type=10 2 2 10 2 2 8 2 2 2 10 2 2 2
left_child=-1 2 7 -4 -5 6 -6 10 9 -9 13 -12 -13 -2
right_child=1 -3 3 4 5 -7 -8 8 -10 -11 11 12 -14 -15
leaf_value=-0.063933409640804698 -0.032520741240471766 0.067039035510632394 -0.050346539878314313 -0.010037365423344375 0.094545117327059058 -0.052786390691526644 -0.055631826487279101 -0.0052404994278449175 0.00082941492062254716 -0.030191591085404635 0.0042586988329179143 0.081348150152180276 0.018113148442837564 0.040072688936047138
leaf_weight=1.3091438192641351 15.129057019250469 2.7452057600021353 5.9861541406717143 31.271442564902827 2.0251520480960608 0.80887900292873371 0.39997959230095137 151.36081866186578 731.81664403469767 23.740881809964776 198.79650169354863 5.3136928007006672 14.89905217476189 3.1620348850265136
leaf_count=40 738 16 1176 1907 52 49 9 11896 19207 2446 6729 41 193 62
internal_value=-9.08208e-05 -2.04358e-05 -0.000175826 -0.0120703 -0.00542998 0.0391213 0.0697763 0.000245096 -0.000995681 -0.00862345 0.00498712 0.00707158 0.0347369 -0.0199713
internal_weight=1188.76 1187.46 1184.71 40.4916 34.5055 3.23401 2.42513 1144.22 906.918 175.102 237.3 219.009 20.2127 18.2911
internal_count=44561 44521 44505 3193 2017 110 61 41312 33549 14342 7763 6963 234 800
is_linear=0
shrinkage=0.05


Tree=110
num_leaves=15
num_cat=0
split_feature=4 2 2 2 2 8 2 0 3 2 5 1 8 0
split_gain=2.1602 3.48231 5.26343 2.83163 9.32715 7.00915 6.39811 5.9031 4.07316 4.23126 7.80676 11.1736 5.38579 4.07791
threshold=18.500000000000004 0.94058823529411772 0.91801075268817212 0.49164578111946539 0.68496240601503777 1.0000000180025095e-35 0.49038105808361082 24.500000000000004 40.500000000000007 0.073450134770889505 1.5000000000000002 -20.499999999999996 1.0000000180025095e-35 2.5000000000000004
decision_type=10 2 2 2 2 2 2 2 2 2 2 2 2 2
left_child=-1 2 3 6 -5 -6 7 8 13 10 12 -12 -10 -2
right_child=1 -3 -4 4 5 -7 -8 -9 9 -11 11 -13 -14 -15
leaf_value=-0.00062885397476969635 -0.050766940905289132 -0.054330560420595503 0.13880915490635962 -0.033450540843716708 -0.0046549477159857139 0.079485920604066868 0.22741340033776131 0.12834644103920403 0.046057439070788804 -0.0077899862034358086 -0.050881109277251216 0.39679130439510124 -0.036457638960934541 0.051039647081460859
leaf_weight=1116.4624265986495 1.1070122588425864 2.1511314311064771 0.78730398695915838 13.025209033861758 5.936069877818225 4.2451327610760927 0.35519055463373561 1.1082058921456326 6.2603743784129584 24.433073143009096 0.23902050778269768 0.33437182009220201 2.8906203843653202 8.8242074036970717
leaf_count=42252 83 77 31 415 267 145 9 5 109 710 15 15 91 337
internal_value=-8.85878e-05 0.00832442 0.0102624 0.00879052 -0.0054254 0.0304283 0.0160328 0.0143716 0.0115067 0.00331209 0.0312067 0.210178 0.0199925 0.0396915
internal_weight=1188.16 71.6969 69.5458 68.7585 23.2064 10.1812 45.5521 45.1969 44.0887 34.1575 9.72439 0.573392 9.15099 9.93122
internal_count=44561 2309 2232 2201 827 412 1374 1365 1360 940 230 30 200 420
is_linear=0
shrinkage=0.05


Tree=111
num_leaves=15
num_cat=0
split_feature=2 1 4 0 2 2 2 3 2 2 4 5 4 2
split_gain=2.11173 2.04612 3.67761 2.42569 2.05825 6.0493 5.28952 5.25649 7.71253 10.4844 6.2019 5.92986 7.42175 8.15654
threshold=0.98581488933601624 34.500000000000007 15.500000000000002 56.500000000000007 0.95199692780337952 0.8293800539083559 0.89564428312159727 3.5000000000000004 0.93142633228840133 0.94312668463611871 7.5000000000000009 3.5000000000000004 17.500000000000004 0.94058823529411772
decision_type=2 2 8 2 2 2 2 2 2 2 10 2 10 2
left_child=1 3 -3 4 5 -1 -7 -8 -9 10 -10 12 13 -12
right_child=-2 2 -4 -5 -6 6 7 8 9 -11 11 -13 -14 -15
leaf_value=0.0004476009016642052 -0.051439146172870813 -0.051872909778429982 0.15093304250526224 0.074047288083884541 0.011689744033333338 -0.036553837283380429 -0.04002940305645071 -0.0087315117680432392 -0.050655170862210601 -0.051127812553162733 -0.05127787340695044 -0.05323133849817923 0.36318307117439608 0.16508278214371716
leaf_weight=1094.3845350507181 1.9986583314603183 3.2815106017515059 0.23987460881471623 1.1083269640803326 36.753680008230731 20.856488203862682 7.4111551712267127 16.317885296884928 0.57570302905514736 1.5582194724120197 0.54428958706557873 0.40575691685080517 0.36083372030407179 2.1814071913249791
leaf_count=36690 650 211 3 12 1602 2895 506 1711 65 112 41 9 11 43
internal_value=-8.7523e-05 -9.83234e-07 -0.0380579 0.000112351 4.29862e-05 -0.000330998 -0.0173009 -0.00362191 0.00867395 0.0591556 0.101399 0.126465 0.150088 0.121878
internal_weight=1187.98 1185.98 3.52139 1182.46 1181.35 1144.6 50.2117 29.3553 21.9441 5.62621 4.06799 3.49229 3.08653 2.7257
internal_count=44561 43911 214 43697 43685 42083 5393 2498 1992 281 169 104 95 84
is_linear=0
shrinkage=0.05


Tree=112
num_leaves=15
num_cat=0
split_feature=2 5 4 2 5 4 5 4 0 4 0 0 3 3
split_gain=2.0466 4.21183 4.17793 4.03822 3.04446 2.74253 2.66844 2.5148 4.89011 2.33538 4.98632 11.1686 4.58289 5.0767
threshold=0.97202660406885777 4.5000000000000009 8.5000000000000018 0.96799795186891979 3.5000000000000004 14.500000000000002 1.5000000000000002 3.5000000000000004 35.500000000000007 17.500000000000004 6.5000000000000009 2.5000000000000004 22.500000000000004 51.500000000000007
decision_type=2 2 10 2 2 10 2 8 2 10 2 2 2 2
left_child=3 6 -3 9 7 -6 -2 8 -5 10 11 12 -1 -14
right_child=1 2 -4 4 5 -7 -8 -9 -10 -11 -12 -13 13 -15
leaf_value=0.030783579327468259 0.11763507974676393 0.059034594995956508 -0.054390213688480731 -0.050533261331120162 0.076651297569289012 0.0032205072243776528 -0.050552399355046407 -0.050937727343577002 0.34821869308923331 0.0063712307915653188 0.00017635513245976397 -0.030368983116949685 -0.027605331697178655 0.010882046586680216
leaf_weight=12.388024966465307 0.24438148736953547 2.453238390386105 1.2134379139170048 0.19898561108857271 4.034890353679657 1.8566669858992098 6.7442140174098313 1.4042422054335475 0.12530383467674255 123.6998019721359 953.97747858858202 43.570913367206231 14.279669406823812 21.421459543402307
leaf_count=425 1 18 30 20 22 13 1276 131 8 4083 30102 6158 1352 922
internal_value=-8.64231e-05 -0.021901 0.0214982 0.00011107 0.0363917 0.0535103 -0.0446711 -0.0219557 0.103543 -0.000125356 -0.000893908 -0.012033 0.00458029 -0.00451206
internal_weight=1187.61 10.6553 3.66668 1176.96 7.62009 5.89156 6.9886 1.72853 0.324289 1169.34 1045.64 91.6601 48.0892 35.7011
internal_count=44561 1325 48 43236 194 35 1277 159 28 43042 38959 8857 2699 2274
is_linear=0
shrinkage=0.05


Tree=113
num_leaves=15
num_cat=0
split_feature=4 3 3 4 0 0 3 3 4 1 2 0 0 6
split_gain=2.02706 4.58401 2.18367 3.95924 2.49399 3.12928 2.5768 4.2995 4.3292 16.7359 2.88885 3.50806 5.69833 6.40312
threshold=1.0000000180025095e-35 76.500000000000014 57.500000000000007 7.5000000000000009 13.500000000000002 15.500000000000002 62.500000000000007 64.500000000000014 18.500000000000004 -11.499999999999998 0.12095088819226753 5.5000000000000009 6.5000000000000009 1.0000000180025095e-35
decision_type=10 2 2 10 2 2 2 2 8 2 2 2 2 2
left_child=-1 2 -2 -4 6 -6 -5 10 -9 -10 11 -8 13 -13
right_child=1 -3 3 4 5 -7 7 8 9 -11 -12 12 -14 -15
leaf_value=-0.063351204126374169 0.00023841192925775639 0.0658421469941909 -0.050330045807824852 -0.024826578757457404 0.06213884406998002 -0.052662574900957153 -0.051108430276691777 -0.02873095885725644 -0.0068331796134607414 0.35979051701287185 -0.051845262599525023 0.097533303476798006 0.052135208506576804 0.45631778893871033
leaf_weight=1.2647117867600162 1142.8241126869107 2.63625644147396 5.6754920011153436 14.734830053756015 2.5800390979275103 0.77097447402775277 0.60185396671295421 8.9894180053379351 2.207933672703803 0.36236556433141309 0.67007410572841752 0.33728697174228761 2.903895438183099 0.1969808479771018
leaf_count=40 41312 16 1176 794 61 49 35 752 81 7 30 32 166 10
internal_value=-8.4376e-05 -1.68813e-05 -0.000163663 -0.0116422 -0.00525109 0.0357262 -0.00967996 0.00403764 -0.0123693 0.0448541 0.0443044 0.0602517 0.0797454 0.229815
internal_weight=1186.76 1185.49 1182.86 40.0311 34.3557 3.35101 31.0046 16.2698 11.5597 2.5703 4.71009 4.04002 3.43816 0.534268
internal_count=44561 44521 44505 3193 2017 110 1907 1113 840 88 273 243 208 42
is_linear=0
shrinkage=0.05


Tree=114
num_leaves=15
num_cat=0
split_feature=2 1 4 1 0 3 4 3 3 4 8 4 1 3
split_gain=1.97647 1.92301 3.18888 2.13775 4.49768 7.21958 4.46978 4.35757 6.4784 5.46634 7.33286 5.4663 6.86288 4.07254
threshold=0.98581488933601624 34.500000000000007 15.500000000000002 5.5000000000000009 27.500000000000004 28.500000000000004 1.5000000000000002 26.500000000000004 27.500000000000004 15.500000000000002 1.0000000180025095e-35 4.5000000000000009 17.500000000000004 50.500000000000007
decision_type=2 2 8 2 2 2 8 2 2 8 2 10 2 2
left_child=1 3 -3 4 -1 6 -6 -5 -9 10 11 12 13 -10
right_child=-2 2 -4 7 5 -7 -8 8 9 -11 -12 -13 -14 -15
leaf_value=-0.0016666962571001379 -0.051538273384173799 -0.051784723053845752 0.12793979252199905 0.0091333357952503632 0.10862433001169765 0.076418868171666321 -0.006370907131315863 -0.040937992956292968 0.019338431094836725 0.04281085620764178 -0.029157993932867582 -0.0046666887184591971 0.1317880962878025 -0.055924330671684654
leaf_weight=851.45552485459484 1.8633294636383642 3.1249841442331667 0.26797498762607563 167.93507331144065 0.92083286354317984 4.797226892784237 10.263618456199765 10.285468798130749 31.552561901509762 7.1375671848654738 21.011823046952486 72.595867104828358 1.3082372918725003 1.9059782288968552
leaf_count=37325 650 211 3 4193 26 61 306 124 307 62 476 785 10 22
internal_value=-8.31062e-05 -2.16668e-06 -0.0375901 0.000105806 -0.00117344 0.0251059 0.00309683 0.00364278 -0.00268145 0.000222246 -0.00214566 0.00314089 0.0194438 0.0150511
internal_weight=1186.43 1184.56 3.39296 1181.17 867.437 15.9817 11.1845 313.733 145.798 135.512 128.374 107.363 34.7668 33.4585
internal_count=44561 43911 214 43697 37718 393 332 5979 1786 1662 1600 1124 339 329
is_linear=0
shrinkage=0.05


Tree=115
num_leaves=15
num_cat=0
split_feature=2 3 2 5 1 3 2 0 2 2 2 3 0 1
split_gain=1.92288 9.55472 11.5236 5.97994 9.27304 6.77859 10.0359 16.0524 5.72752 5.59962 24.4166 10.441 8.95109 17.6797
threshold=0.65214646464646475 25.500000000000004 0.60749299719887961 1.5000000000000002 10.500000000000002 19.500000000000004 0.61383572567783107 36.500000000000007 0.65811688311688321 0.56710977701543752 0.55857142857142872 24.500000000000004 19.500000000000004 -7.4999999999999991
decision_type=2 2 2 2 2 2 2 2 2 2 2 2 2 2
left_child=1 3 -3 5 9 -1 -7 -8 -2 10 -5 -12 13 -13
right_child=8 2 -4 4 -6 6 7 -9 -10 -11 11 12 -14 -15
leaf_value=-0.056846067941419068 -0.047410100743163985 -0.0003237187287816898 -0.043591244738367702 -0.0064109278371999633 0.14662582437670055 -0.0043666794497359612 0.11125851648595315 -0.06017981519378085 -0.0025359118175089486 0.011255737854649239 0.023308718679909215 -0.050938516083077305 0.09631783777783301 0.30467611775208447
leaf_weight=4.8974843323230735 7.3015956496819845 744.37155618076213 15.713618822861461 12.767402504337952 1.4293245673179615 40.682953149080276 4.7385702952742568 1.9181229025125501 272.0092388857156 69.915526057127863 3.253175294958055 0.45491353608667839 5.0088046565651894 1.508382726460695
leaf_count=50 201 24683 467 642 9 362 32 18 15618 2282 115 39 26 17
internal_value=-8.16598e-05 0.0010358 -0.00121821 0.0127243 0.0202394 -0.000847637 0.00494563 0.0618586 -0.00370899 0.018295 0.0397 0.0972746 0.131787 0.222277
internal_weight=1185.97 906.66 760.085 146.575 94.3375 52.2371 47.3396 6.65669 279.311 92.9082 22.9927 10.2253 6.9721 1.9633
internal_count=44561 28742 25150 3592 3130 462 412 50 15819 3121 839 197 82 56
is_linear=0
shrinkage=0.05


Tree=116
num_leaves=15
num_cat=0
split_feature=4 3 2 2 2 4 2 0 7 0 2 5 1 4
split_gain=1.90309 4.30428 2.03823 4.3761 5.30164 6.24099 4.45282 9.09677 3.79067 6.55365 4.4955 5.40852 3.60036 5.17552
threshold=1.0000000180025095e-35 76.500000000000014 0.017700501253132835 0.031024531024531028 0.099295774647887344 16.500000000000004 0.10435571687840291 7.5000000000000009 1.0000000180025095e-35 1.5000000000000002 0.070298986903879437 1.5000000000000002 -13.499999999999998 15.500000000000002
decision_type=10 2 2 2 2 10 2 2 2 2 2 2 2 10
left_child=-1 2 -2 -4 5 -5 7 12 10 -10 -7 -12 -6 -14
right_child=1 -3 3 4 6 8 -8 -9 9 -11 11 -13 13 -15
leaf_value=-0.062630643781031919 -0.023948013861781987 0.064920240224087891 0.022690189127200611 -0.039833314678177377 -0.050792108793936447 -0.051869352731222063 4.4991983536295603e-05 0.35489700244403055 0.25383068666195013 0.022685122831524792 0.0013916662773780764 0.19026646689705887 0.0045476282796877762 0.19345656329498565
leaf_weight=1.2148479121970002 8.9353282542433572 2.5462612882256499 20.913393450668082 18.136685708304867 0.79495492170099225 4.496112735476343 1115.9438857163768 0.24649466027040023 0.3252292862161984 5.3699063593521714 4.4210211075842381 0.41456935182213772 0.899127409560605 0.60756471566855907
leaf_count=40 430 16 548 2591 99 192 40168 24 7 198 120 26 89 13
internal_value=-8.23049e-05 -1.81296e-05 -0.000158078 2.32081e-05 -0.000388411 -0.0200899 0.000195744 0.0662165 0.00373937 0.035885 -0.0158791 0.0175845 0.0353003 0.080724
internal_weight=1185.27 1184.05 1181.5 1172.57 1151.66 33.1635 1118.49 2.54814 15.0268 5.69514 9.3317 4.83559 2.30165 1.50669
internal_count=44561 44521 44505 44075 43527 3134 40393 225 543 205 338 146 201 102
is_linear=0
shrinkage=0.05


Tree=117
num_leaves=15
num_cat=0
split_feature=2 1 4 0 8 3 5 4 1 4 3 2 2 4
split_gain=1.87288 1.80017 2.82569 2.05017 1.85964 4.73626 5.1464 3.56416 3.23704 4.47607 3.27684 8.48229 3.52904 4.68805
threshold=0.98581488933601624 34.500000000000007 15.500000000000002 56.500000000000007 1.0000000180025095e-35 34.500000000000007 3.5000000000000004 4.5000000000000009 16.500000000000004 12.500000000000002 37.500000000000007 0.49647887323943668 0.58951465201465214 7.5000000000000009
decision_type=2 2 8 2 2 2 2 10 2 8 2 2 2 10
left_child=1 3 -3 4 8 -6 7 -7 -1 10 11 -10 -13 -14
right_child=-2 2 -4 -5 5 6 -8 -9 9 -11 -12 12 13 -15
leaf_value=0.00088042779950193583 -0.051467545866055411 -0.051694816383070635 0.11114319559225812 0.066305378496272355 -4.6072321934953429e-05 -0.052120165188853242 0.28394263501305206 -0.011188746829301412 0.17437144614231204 0.094561833585554506 -0.037842598143196689 0.040455719562302581 0.029110034100487871 -0.030549090365016154
leaf_weight=738.25072307058144 1.7705413987860072 2.9704572511836882 0.29265865683555592 1.1681303605437268 333.97601727151778 5.7285210888367137 0.14508354663848777 74.29362424032297 0.85147623717785847 1.8120913319289673 2.7939619347453108 7.6228297054767635 6.2605928853154165 6.9466433534398675
leaf_count=21435 650 211 3 12 15660 746 1 5515 6 36 38 74 83 91
internal_value=-8.12105e-05 -4.31029e-06 -0.0370904 9.82588e-05 3.26444e-05 -0.00266578 -0.0135795 -0.0141189 0.00149436 0.0187357 0.0131218 0.0196892 0.0133662 -0.00226903
internal_weight=1184.88 1183.11 3.26312 1179.85 1178.68 414.143 80.1672 80.0221 764.538 26.2876 24.4755 21.6815 20.8301 13.2072
internal_count=44561 43911 214 43697 43685 21922 6262 6261 21763 328 292 254 248 174
is_linear=0
shrinkage=0.05


Tree=118
num_leaves=15
num_cat=0
split_feature=4 1 1 2 3 0 3 5 2 4 3 2 1 2
split_gain=1.81376 3.4633 5.80359 5.21268 6.49467 4.92169 4.96384 4.79956 4.18696 7.46033 3.95307 3.7982 7.9911 7.0467
threshold=13.500000000000002 -13.499999999999998 -17.499999999999996 0.62782805429864263 51.500000000000007 2.5000000000000004 53.500000000000007 4.5000000000000009 0.65214646464646475 12.500000000000002 52.500000000000007 0.7898981324278439 21.500000000000004 0.94058823529411772
decision_type=10 2 2 2 2 2 2 2 2 10 2 2 2 2
left_child=1 2 3 4 -1 6 -3 11 -5 -10 -6 -7 13 -13
right_child=-2 5 -4 8 10 7 -8 -9 9 -11 -12 12 -14 -15
leaf_value=-0.050963347897976956 0.0027859304073403774 0.089020530795228967 -0.040075314789796007 0.047658231925632843 0.04457678231099739 -0.00035983490621828494 -0.050818730782346035 0.033312515142223345 -0.050432824379207764 0.34394085982373734 -0.018946820220854813 -0.040162387748467934 0.033800240799851299 -0.0024644840182804976
leaf_weight=7.9832741126883837 376.71772486751433 2.8100535236299033 15.195351170725187 7.1001005994621647 4.4552569452207518 694.33339144813363 0.81971707427874196 10.103181719779966 2.2313902538735424 0.12672794796526421 5.4388736340915784 24.512051545083523 7.6515413732267907 25.079534145654179
leaf_count=1519 13383 57 3940 128 56 17906 60 159 373 19 363 4255 329 2014
internal_value=-7.91487e-05 -0.00141521 -0.0153025 -0.00153181 -0.0174132 -0.000643445 0.0574404 -0.000920242 0.0284863 -0.0292387 0.00965741 -0.00138042 -0.0137597 -0.0210977
internal_weight=1184.56 807.84 42.531 27.3356 17.8774 765.309 3.62977 761.68 9.45822 2.35812 9.89413 751.577 57.2431 49.5916
internal_count=44561 31178 6398 2458 1938 24780 117 24663 520 392 419 24504 6598 6269
is_linear=0
shrinkage=0.05


Tree=119
num_leaves=15
num_cat=0
split_feature=2 5 4 2 2 2 3 2 2 3 4 0 2 4
split_gain=1.89458 3.90295 3.8385 3.7039 5.39888 5.34411 5.05562 5.29492 10.685 5.36349 4.69482 4.42907 5.7798 7.09301
threshold=0.97202660406885777 4.5000000000000009 8.5000000000000018 0.95199692780337952 0.8293800539083559 0.89564428312159727 3.5000000000000004 0.93620268620268632 0.94312668463611871 6.5000000000000009 7.5000000000000009 17.500000000000004 0.90070422535211281 6.5000000000000009
decision_type=2 2 10 2 2 2 2 2 2 2 10 2 2 8
left_child=3 -2 -3 4 -1 -6 -7 9 10 -8 -9 12 -11 -14
right_child=1 2 -4 -5 5 6 7 8 -10 11 -12 -13 13 -15
leaf_value=0.00039793899323595282 -0.044534913802876733 0.055880915613914464 -0.054341785885138938 0.017885367964932796 -0.03618675594260988 -0.039525778049059143 -0.017080685462930376 -0.050684333109044945 -0.051103043637443661 -0.050691224309430863 0.11988099906097903 0.0085886066839602777 0.47819869797831882 0.12457147019013411
leaf_weight=1095.0426256022183 6.5618096161633712 2.4403336178511386 1.1678950949572025 28.586074394639581 20.285127201117575 7.1551111973822143 14.416857962962245 0.45986182289197985 1.7357485820539293 0.2869028304703527 3.2881003618240356 1.6350071760825811 0.1889719320461154 0.56806881329976022
leaf_count=36784 1277 18 30 949 2950 506 1570 49 123 30 77 160 12 26
internal_value=-7.82276e-05 -0.021566 0.0202045 0.000107971 -0.000335836 -0.0163998 -0.00290099 0.00870485 0.0514562 -0.00500822 0.0989532 0.0599601 0.140417 0.212844
internal_weight=1183.82 10.17 3.60823 1173.65 1145.06 50.0198 29.7346 22.5795 5.48371 17.0958 3.74796 2.67895 1.04394 0.757041
internal_count=44561 1325 48 43236 42287 5503 2553 2047 249 1798 126 228 68 38
is_linear=0
shrinkage=0.05


Tree=120
num_leaves=15
num_cat=0
split_feature=2 4 3 0 2 2 3 1 3 8 4 7 3 3
split_gain=1.78662 1.7436 4.12875 1.92292 4.51284 5.84002 8.03909 13.7381 12.2311 5.73984 5.69926 5.51731 6.81991 7.72568
threshold=0.98581488933601624 1.0000000180025095e-35 76.500000000000014 8.5000000000000018 0.14400921658986179 0.12095088819226753 49.500000000000007 -11.499999999999998 43.500000000000007 1.0000000180025095e-35 15.500000000000002 1.0000000180025095e-35 47.500000000000007 48.500000000000007
decision_type=2 10 2 2 2 2 2 2 2 2 10 2 2 2
left_child=1 -1 3 4 5 10 8 -8 -7 -10 -3 -12 -13 -14
right_child=-2 2 -4 -5 -6 6 7 -9 9 -11 11 12 13 -15
leaf_value=-0.061418226499453492 -0.051631304762742129 -0.019465155336682333 0.064424688729722013 0.00082865795165005271 -0.012656656235405414 0.062117385126939512 0.11676013312836404 0.0034805462444014849 -0.033083183235310433 0.086520815721869815 -0.0081928547395339422 -0.054071904576373134 0.19059103087423063 0.032732955631819327
leaf_weight=1.1545984984841187 1.6781739849830035 35.805251623620279 2.4859286248683921 979.75087797967717 92.264508579857647 5.9259162722155514 4.9622523786965758 5.8104030471295101 12.783517191652205 1.0885247427504516 22.56253042910248 2.1388307902961996 0.81994445994496246 14.163306912407277
leaf_count=40 650 3802 16 29451 8792 93 112 116 285 70 692 57 18 367
internal_value=-7.76433e-05 -4.43117e-06 5.5632e-05 -8.0197e-05 -0.00457006 0.00246467 0.0209018 0.055661 0.00198824 -0.023698 -0.00500168 0.00804792 0.0294491 0.0413716
internal_weight=1183.39 1181.72 1180.56 1178.08 198.325 106.06 30.5706 10.7727 19.798 13.872 75.4899 39.6846 17.1221 14.9833
internal_count=44561 43911 43871 43855 14404 5612 676 228 448 355 4936 1134 442 385
is_linear=0
shrinkage=0.05


Tree=121
num_leaves=15
num_cat=0
split_feature=1 4 1 0 3 3 3 4 8 4 1 3 4 3
split_gain=1.7202 2.55524 1.74116 4.01304 6.22178 3.68538 5.96378 4.8025 6.5623 4.8936 5.18562 3.74432 3.55628 4.19599
threshold=34.500000000000007 15.500000000000002 5.5000000000000009 27.500000000000004 27.500000000000004 26.500000000000004 27.500000000000004 15.500000000000002 1.0000000180025095e-35 4.5000000000000009 17.500000000000004 50.500000000000007 2.5000000000000004 19.500000000000004
decision_type=2 10 2 2 2 2 2 8 2 10 2 2 8 2
left_child=2 -2 3 -1 12 -4 -7 8 9 10 11 -8 13 -5
right_child=1 -3 5 4 -6 6 7 -9 -10 -11 -12 -13 -14 -15
leaf_value=-0.0016085439376803653 -0.051600720566999596 0.098863151675861113 0.0082185608269409738 -0.052018302385173604 0.06618142178503629 -0.040125881639844346 0.018009306531510227 0.039427169121036901 -0.028232044451803252 -0.0046741074254308774 0.11037723018775447 -0.055614920027659054 -0.011122869158568581 0.12266231489184937
leaf_weight=848.80415208695922 2.8679432115750383 0.31295827031135548 169.37742980243638 0.49498620815575201 5.5928916335105887 9.885155722498892 32.053668595850468 7.3429786562919608 20.299062930047512 72.574002366513014 1.4570162743329991 1.8252554312348355 9.0570623358944431 1.1254308819770811
leaf_count=37583 224 3 4561 37 70 124 307 62 476 785 10 22 283 14
internal_value=-7.73492e-05 -0.0367971 2.16448e-05 -0.00113705 0.0234601 0.00320561 -0.00263252 0.000101691 -0.00215062 0.00275559 0.0180149 0.0140427 0.00108257 0.0693029
internal_weight=1183.07 3.1809 1179.89 865.075 16.2704 314.815 145.437 135.552 128.209 107.91 35.3359 33.8789 10.6775 1.62042
internal_count=44561 227 44334 37987 404 6347 1786 1662 1600 1124 339 329 334 51
is_linear=0
shrinkage=0.05


Tree=122
num_leaves=15
num_cat=0
split_feature=2 5 4 2 5 8 5 4 1 4 5 2 2 5
split_gain=1.7209 3.72352 3.54827 3.33556 2.76772 2.45872 2.44897 2.09858 4.2994 2.08977 3.59492 3.44497 5.08402 4.31667
threshold=0.97202660406885777 4.5000000000000009 8.5000000000000018 0.96799795186891979 3.5000000000000004 1.0000000180025095e-35 1.5000000000000002 3.5000000000000004 14.500000000000002 13.500000000000002 4.5000000000000009 0.8293800539083559 0.94058823529411772 4.5000000000000009
decision_type=2 2 10 2 2 2 2 8 2 10 2 2 2 2
left_child=3 6 -3 9 7 -6 -2 8 -5 11 -11 13 -13 -1
right_child=1 2 -4 4 5 -7 -8 -9 -10 10 -12 12 -14 -15
leaf_value=-0.0011499722313766739 0.10982025363960989 0.053798534338780873 -0.054156534918612165 -0.050686037819925395 0.028527821450354991 0.099209534905360816 -0.050513420488914641 -0.050922813023237368 0.29772295426899514 0.0035797800061443106 -0.036770079057090246 -0.033643681644092135 0.0017162714957329153 0.040553312407107224
leaf_weight=746.00197908235714 0.24800096452235987 2.4326926562935118 1.1077490532770751 0.23164126370102045 4.2262698151171207 1.7356613501906393 6.0035781980259344 1.3773787943646312 0.14333754312247038 366.5861040619202 5.6044661309570065 20.080963560380042 20.586865128483623 6.2571455265860996
leaf_count=25285 1 18 30 21 27 8 1276 131 7 12916 150 3520 990 181
internal_value=-7.59037e-05 -0.0209499 0.0200211 9.83745e-05 0.0328681 0.049105 -0.044153 -0.0223733 0.0824951 -0.000118595 0.00297219 -0.00156937 -0.0157438 -0.000803092
internal_weight=1182.62 9.79202 3.54044 1172.83 7.71429 5.96193 6.25158 1.75236 0.374979 1165.12 372.191 792.927 40.6678 752.259
internal_count=44561 1325 48 43236 194 35 1277 159 28 43042 13066 29976 4510 25466
is_linear=0
shrinkage=0.05


Tree=123
num_leaves=15
num_cat=0
split_feature=2 4 3 3 4 2 3 4 1 3 3 4 0 1
split_gain=1.68051 1.63885 3.88258 1.89069 3.76972 2.40112 4.99499 4.70388 6.45395 5.14479 4.47503 4.46237 4.18875 4.89371
threshold=0.98581488933601624 1.0000000180025095e-35 76.500000000000014 57.500000000000007 7.5000000000000009 0.25176056338028174 36.500000000000007 2.5000000000000004 -1.0000000180025095e-35 46.500000000000007 43.500000000000007 7.5000000000000009 14.500000000000002 -4.4999999999999991
decision_type=2 10 2 2 10 2 2 10 2 2 2 10 2 2
left_child=1 -1 3 5 -5 6 -3 10 -9 11 -8 -10 13 -7
right_child=-2 2 -4 4 -6 12 7 8 9 -11 -12 -13 -14 -15
leaf_value=-0.06079355032928533 -0.051738657105985832 0.057612314002134547 0.063608615911202426 -0.050311300689007167 -0.0047782020639261418 -0.0056253540588377497 0.01423035525577262 0.0029756033887430766 0.10122421836560121 0.017146080094848956 -0.039310062238827714 0.0020446438373943939 0.00076692378420506165 -0.039007255781727312
leaf_weight=1.1077118071261782 1.5718532076571126 4.3888798034749916 2.3980362787842742 5.2479832766111931 33.965250280685723 159.30416618799791 5.8965901443734792 195.01661690277979 4.0233380645513561 15.063635746017097 11.542129316716453 1.5793132185935972 729.17964526335709 11.791478332597761
leaf_count=40 650 76 16 1176 2017 13614 150 6661 30 193 642 11 18612 673
internal_value=-7.37875e-05 -4.99526e-06 5.20985e-05 -7.73926e-05 -0.010872 0.000294638 0.00476655 0.00377164 0.0057912 0.0323605 -0.0212063 0.0732668 -0.000885141 -0.00792595
internal_weight=1182.08 1180.5 1179.4 1177 39.2132 1137.79 237.511 233.122 215.683 20.6663 17.4387 5.60265 900.275 171.096
internal_count=44561 43911 43871 43855 3193 40662 7763 7687 6895 234 792 41 32899 14287
is_linear=0
shrinkage=0.05


Tree=124
num_leaves=15
num_cat=0
split_feature=4 2 2 1 2 0 2 5 0 3 7 1 5 0
split_gain=1.66226 3.19432 3.87057 9.09001 8.60461 5.59951 5.41952 5.63611 7.03848 3.49387 5.11928 3.68233 4.11651 4.60851
threshold=18.500000000000004 0.94058823529411772 0.70087719298245621 11.500000000000002 0.54870335230866552 24.500000000000004 0.70438540332906541 2.5000000000000004 15.500000000000002 40.500000000000007 1.0000000180025095e-35 -1.0000000180025095e-35 3.5000000000000004 5.5000000000000009
decision_type=10 2 2 2 2 2 2 2 2 2 2 2 2 2
left_child=-1 2 4 6 5 9 -4 8 -8 10 -2 12 13 -12
right_child=1 -3 3 -5 -6 -7 7 -9 -10 -11 11 -13 -14 -15
leaf_value=-0.0005515752768800496 0.0069458599999854369 -0.054391707132940531 0.21557899038688386 0.25196523644989538 -0.03508038425237299 0.11329857394328868 -0.051495188945753778 -0.0045945913785888264 0.1441315354687715 0.0021242043938222701 -0.0086170975203434617 0.22865316304565184 -0.057377996012531865 0.10645924430921912
leaf_weight=1109.0645507689333 8.1957374289631826 2.0415209019556633 0.36751741822808703 0.47525563463568765 11.233482297509907 1.3633915781974781 0.64628518465906237 6.3364603575319052 1.5934030674397943 34.735409976448864 1.1823874097317455 0.34032408893108268 0.66370770707726467 3.2932280777022243
leaf_count=42252 399 77 8 4 320 6 41 342 19 940 78 2 10 63
internal_value=-7.21817e-05 0.00726454 0.00905183 0.0388837 0.00444611 0.0133668 0.0275608 0.0195036 0.0876814 0.0105524 0.0319601 0.069373 0.0588256 0.0760579
internal_weight=1181.53 72.4681 70.4266 9.41892 61.0077 49.7742 8.94367 8.57615 2.23969 48.4108 13.6754 5.47965 5.13932 4.47562
internal_count=44561 2309 2232 414 1818 1498 410 402 60 1492 552 153 151 141
is_linear=0
shrinkage=0.05


Tree=125
num_leaves=15
num_cat=0
split_feature=1 4 0 8 3 0 2 0 2 0 2 3 2 1
split_gain=1.59998 2.30346 1.67873 1.68757 4.59855 4.18871 3.03389 6.4182 7.03111 3.63319 2.98215 2.97917 3.95634 5.35841
threshold=34.500000000000007 15.500000000000002 56.500000000000007 1.0000000180025095e-35 42.500000000000007 8.5000000000000018 0.37377450980392163 4.5000000000000009 0.37807318467695833 6.5000000000000009 0.13680926916221037 40.500000000000007 0.42179392142327654 -6.4999999999999991
decision_type=2 8 2 2 2 2 2 2 2 2 2 2 2 2
left_child=2 -2 3 -1 11 6 9 8 -8 -6 -11 -5 13 -13
right_child=1 -3 -4 4 5 -7 7 -9 -10 10 -12 12 -14 -15
leaf_value=0.001351806776267742 -0.051530233421068321 0.087549514475202928 0.058302052186017743 -0.0015901774913230614 -0.016947510811270924 -0.036385542938388346 0.43992628589039823 -0.051545087597248587 -0.050881352070281299 0.069667964377434749 -0.018578175553996268 0.0038911947263591431 -0.052130060406659441 0.0856376564339556
leaf_weight=764.68265566392802 2.7117009455105285 0.33442574739456166 1.2343471108470101 361.82210623321589 17.976490445202224 18.216546203475446 0.20280803181230922 0.33084133279044181 0.11397854157257825 2.4757755923783398 1.5609920622082425 4.5386903840117148 1.3603766029700626 3.5904990984126917
leaf_count=22058 224 3 13 18297 1501 1367 12 53 21 151 208 491 79 83
internal_value=-7.07347e-05 -0.0362611 2.28394e-05 -3.8286e-05 -0.00261715 -0.0185341 -0.00418373 0.102479 0.263336 -0.00732172 0.0355438 -0.000864867 0.0267901 0.039997
internal_weight=1181.15 3.04613 1178.11 1176.87 412.189 40.8774 22.6609 0.647628 0.316787 22.0133 4.03677 371.312 9.48957 8.12919
internal_count=44561 227 44334 44321 22263 3313 1946 86 33 1860 359 18950 653 574
is_linear=0
shrinkage=0.05


Tree=126
num_leaves=15
num_cat=0
split_feature=2 4 3 2 2 2 4 2 1 0 4 4 3 2
split_gain=1.59348 1.53214 3.67437 1.79371 3.88674 4.78975 5.62886 3.7875 5.79556 6.06659 3.56778 3.42096 3.40756 2.91444
threshold=0.98581488933601624 1.0000000180025095e-35 76.500000000000014 0.017700501253132835 0.031024531024531028 0.099295774647887344 16.500000000000004 0.10435571687840291 -13.499999999999998 7.5000000000000009 16.500000000000004 15.500000000000002 56.500000000000007 0.10912698412698414
decision_type=2 10 2 2 2 2 10 2 2 2 8 10 2 2
left_child=1 -1 3 10 -5 6 -6 8 -7 11 -3 -10 -12 -9
right_child=-2 2 -4 4 5 7 -8 13 9 -11 12 -13 -14 -15
leaf_value=-0.06014019364334753 -0.051658403320146297 -0.051083884627248111 0.062891025450584753 0.021335209200240575 -0.039080203930897672 -0.050812781246027561 0.0027445201148735125 -0.041957672066578272 0.0056611350686206346 0.33163721090103238 0.090825549624601376 0.15216971321437958 -0.015743428481731537 0.00026365379528405511
leaf_weight=1.0582299749366928 1.4949481863295648 4.8581240596249673 2.3215367421507827 21.144382280530408 16.999906751327217 0.82659323711413923 15.270412732381372 4.1023895542602977 0.88156697410158702 0.26128183538094152 1.0392655842006218 0.72703386843204498 2.6959321331232786 1107.3266905751079
leaf_count=40 650 352 16 548 2591 106 543 195 89 17 18 13 60 39323
internal_value=-6.97045e-05 -4.31951e-06 4.96813e-05 -7.43594e-05 9.31588e-05 -0.000298634 -0.0192886 0.000251405 0.0594378 0.108175 -0.0228344 0.0718781 0.0139079 0.000107811
internal_weight=1181.01 1179.51 1178.46 1176.13 1167.54 1146.4 32.2703 1114.13 2.69648 1.86988 8.59332 1.6086 3.7352 1111.43
internal_count=44561 43911 43871 43855 43425 42877 3134 39743 225 119 430 102 78 39518
is_linear=0
shrinkage=0.05


Tree=127
num_leaves=15
num_cat=0
split_feature=2 2 5 5 2 2 3 2 2 3 3 4 5 0
split_gain=1.51352 1.51125 4.76455 5.00063 4.63451 5.01631 4.77654 4.64039 8.16759 4.81971 4.61467 4.09314 4.19704 4.40351
threshold=0.98581488933601624 0.95199692780337952 2.5000000000000004 1.5000000000000002 0.8293800539083559 0.89564428312159727 3.5000000000000004 0.93142633228840133 0.94312668463611871 6.5000000000000009 2.5000000000000004 7.5000000000000009 3.5000000000000004 20.500000000000004
decision_type=2 2 2 2 2 2 2 2 2 2 2 10 2 2
left_child=1 4 3 -3 -1 -6 -7 9 11 -8 -4 -9 13 -13
right_child=-2 2 10 -5 5 6 7 8 -10 -11 -12 12 -14 -15
leaf_value=0.00034326823417286196 -0.051584706948246031 0.071704395628706563 0.0065606001893650512 -0.03752139929753049 -0.035319844667582943 -0.038907978469925525 -0.018016784997847011 -0.050573730083739478 -0.051027128315575571 0.053926353429529776 0.050611714506686382 0.16527785809066176 -0.053432494463008698 0.055934626123878207
leaf_weight=1093.9497160724131 1.4240191226126615 1.2178002595901469 19.449324696091935 7.5103522145655006 19.195658495649695 6.8723903903737691 13.327934358967473 0.53916354547254641 1.6325914384797213 2.8206823637010521 8.5625872500240821 1.9268017653375866 0.42198550328612316 1.7635380127467213
leaf_count=36784 650 5 720 736 2950 506 1516 70 123 228 163 25 9 76
internal_value=-6.8496e-05 -6.28375e-06 0.00997519 -0.0222816 -0.000327278 -0.0154517 -0.00243744 0.00873553 0.0451902 -0.00545046 0.020026 0.0789608 0.095944 0.113025
internal_weight=1180.61 1179.19 36.7401 8.72815 1142.45 48.5007 29.3051 22.4327 6.28408 16.1486 28.0119 4.65149 4.11233 3.69034
internal_count=44561 43911 1624 741 42287 5503 2553 2047 303 1744 883 180 110 101
is_linear=0
shrinkage=0.05


Tree=128
num_leaves=15
num_cat=0
split_feature=1 4 1 2 2 5 4 4 6 0 3 2 3 2
split_gain=1.49513 2.07483 1.59374 3.51903 4.8891 6.87736 4.75451 6.49722 6.43395 4.27557 4.02833 3.99336 3.96279 6.60546
threshold=34.500000000000007 15.500000000000002 5.5000000000000009 0.72111111111111115 0.93142633228840133 4.5000000000000009 13.500000000000002 4.5000000000000009 1.0000000180025095e-35 27.500000000000004 3.5000000000000004 0.80374649859943992 27.500000000000004 0.69826295297993413
decision_type=2 10 2 2 2 2 8 10 2 2 2 2 2 2
left_child=2 -2 3 9 5 -5 7 -7 11 -1 -6 -9 13 -11
right_child=1 -3 -4 4 10 6 -8 8 -10 12 -12 -13 -14 -15
leaf_value=-0.00038187981784407594 -0.051458644338110593 0.077749135425464563 0.0030666650599131748 -0.02142195193530844 0.00027869253381015535 -0.054118927516291715 -0.031289395683461084 0.071524395311417466 -0.053733185068896641 -0.021004417047387772 0.054638127030754019 0.18306467811424448 0.058688563788914794 0.090130885788968995
leaf_weight=739.40482566191349 2.565244854369666 0.35352090001106251 314.7232387974509 68.857182739535347 29.054485401022248 1.1098960544913996 2.3501182491891086 2.3920015767216687 0.73130106274038542 5.904505752027033 3.8610194495413444 1.2075378615409134 5.9135337267071009 1.7284047380089758
leaf_count=28916 224 3 6347 7151 1401 27 94 33 25 80 148 15 70 27
internal_value=-6.75019e-05 -0.035809 2.11132e-05 -0.00109018 -0.00946255 -0.0163841 0.0281418 0.053813 0.0814735 0.000128103 0.0066551 0.108943 0.0279644 0.00416118
internal_weight=1180.16 2.91877 1177.24 862.515 109.564 76.648 7.79085 5.44074 4.33084 752.951 32.9155 3.59954 13.5464 7.63291
internal_count=44561 227 44334 37987 8894 7345 194 100 73 29093 1549 48 177 107
is_linear=0
shrinkage=0.05


Tree=129
num_leaves=15
num_cat=0
split_feature=4 3 4 2 5 1 1 1 5 0 3 3 3 4
split_gain=1.52681 3.16565 6.13502 6.6785 6.98824 14.4412 6.63081 9.60876 10.5302 7.35572 21.8483 8.5233 6.5185 9.57524
threshold=13.500000000000002 43.500000000000007 7.5000000000000009 0.30456349206349215 1.5000000000000002 -9.4999999999999982 5.5000000000000009 8.5000000000000018 1.5000000000000002 29.500000000000004 21.500000000000004 18.500000000000004 38.500000000000007 3.5000000000000004
decision_type=10 2 8 2 2 2 2 2 2 2 2 2 2 10
left_child=1 2 3 4 -1 -6 -5 8 -8 -10 11 -11 -7 -14
right_child=-2 -3 -4 6 5 12 7 -9 9 10 -12 -13 13 -15
leaf_value=0.019143079331946644 0.0025594285218418725 -0.0070411986400541237 -0.0049952990866931352 -0.0037542129171449718 -0.050425122215615951 0.41069760997882976 0.01081021777262571 0.0014103156110988752 0.039779923067266 0.024829151221448062 0.48116121743867774 0.16065080016265051 -0.051429297879684026 0.27255920453032256
leaf_weight=38.361727336421609 376.74745598866139 184.76847447146429 283.42632782825967 176.36518892709864 0.83247461193241212 0.32383244764059671 23.95249361731112 78.250341011909768 10.55164701543981 2.6604254245758048 0.37339943647384632 2.0413741990923882 0.36356716137379408 0.61181779578328133
leaf_count=838 13383 8040 10659 8989 167 10 251 1670 306 191 5 19 16 17
internal_value=-6.65484e-05 -0.00129877 0.000417772 0.00500176 0.0240395 0.112154 0.00238138 0.011565 0.0316414 0.063571 0.113034 0.0837987 0.216327 0.151795
internal_weight=1179.63 802.883 618.115 334.688 40.4934 2.13169 294.195 117.83 39.5793 15.6268 5.0752 4.7018 1.29922 0.975385
internal_count=44561 31178 23138 12479 1048 210 11431 2442 772 521 215 210 43 33
is_linear=0
shrinkage=0.05


Tree=130
num_leaves=15
num_cat=0
split_feature=2 5 4 2 5 4 5 4 0 4 1 2 4 2
split_gain=1.44014 3.60388 3.37661 3.02234 2.43994 2.19095 2.16765 1.87916 4.40303 1.8016 5.15148 4.31597 3.89919 3.49321
threshold=0.97202660406885777 4.5000000000000009 8.5000000000000018 0.96799795186891979 3.5000000000000004 14.500000000000002 1.5000000000000002 3.5000000000000004 37.500000000000007 12.500000000000002 28.500000000000004 0.72111111111111115 14.500000000000002 0.77888888888888907
decision_type=2 2 10 2 2 10 2 8 2 10 2 2 10 2
left_child=3 6 -3 9 7 -6 -2 8 -5 13 -11 -12 -13 -1
right_child=1 2 -4 4 5 -7 -8 -9 -10 10 11 12 -14 -15
leaf_value=-0.00069855382119501106 0.10004184842858024 0.05376802171636097 -0.053992380573502821 -0.050699102563620535 0.066682089465462988 0.001517476831282759 -0.05049255387088785 -0.050860507122726918 0.29323495475702382 0.0019335651575506712 -0.054902417011624106 0.17624239562655331 0.051165100060935789 -0.014517780398252595
leaf_weight=687.6173808699823 0.24999995529651453 2.3775904700160031 1.0470970678143201 0.25969620281830308 4.1226954981684685 1.8772036693990228 5.5067414738587104 1.2977918921969831 0.14501925371587276 421.97948054701556 0.68701652064919416 0.83472039829939637 2.4577667005360126 48.987404429353774
leaf_count=21992 1 18 30 23 22 13 1276 131 5 15327 9 14 25 5675
internal_value=-6.87445e-05 -0.0197939 0.0208203 8.60107e-05 0.0313033 0.0462939 -0.0439552 -0.0215259 0.0725407 -0.000120815 0.00246754 0.0590893 0.082875 -0.00161759
internal_weight=1179.45 9.18143 3.42469 1170.27 7.70241 5.9999 5.75674 1.70251 0.404715 1162.56 425.959 3.9795 3.29249 736.605
internal_count=44561 1325 48 43236 194 35 1277 159 28 43042 15375 48 39 27667
is_linear=0
shrinkage=0.05


Tree=131
num_leaves=15
num_cat=0
split_feature=4 3 2 2 2 4 3 2 4 2 8 4 2 0
split_gain=1.43111 3.48015 1.65749 3.4863 4.43549 3.38651 3.13034 5.66208 5.64104 5.37464 3.51116 4.14324 3.05776 5.22212
threshold=1.0000000180025095e-35 76.500000000000014 0.017700501253132835 0.031024531024531028 0.03883861236802414 16.500000000000004 64.500000000000014 0.042555331991951717 19.500000000000004 0.070298986903879437 1.0000000180025095e-35 13.500000000000002 0.078898225957049498 8.5000000000000018
decision_type=10 2 2 2 2 8 2 2 10 2 2 10 2 2
left_child=-1 2 5 -4 -5 -2 7 10 -8 -10 11 -6 13 -9
right_child=1 -3 3 4 6 -7 8 12 9 -11 -12 -13 -14 -15
leaf_value=-0.059549475909238016 -0.051034528947873629 0.062226336681930255 0.019992003250896995 -0.051349444949960354 -0.05041296551626559 0.012720228445641352 -0.050672369987946275 -0.031700589662861177 -0.051125571004807857 0.24330028984297761 -0.050982780732359234 0.16791087704854318 0.00014681191555413584 0.25598884081419859
leaf_weight=1.0103203933686007 4.6135493987239871 2.2415218949317923 21.459420009981841 4.2473738593980661 0.26941217225976188 3.7972444612532863 5.7354940356453872 10.137228827923533 0.28743699938058842 0.3364165797829628 0.35236345347948361 1.1236550137400625 1123.1614513586392 0.16023221984505731
leaf_count=40 352 16 548 412 66 78 871 1041 16 10 30 19 41057 5
internal_value=-6.6762e-05 -1.57429e-05 -0.000134412 2.49496e-05 -0.000349005 -0.022251 -0.00015925 3.67181e-05 -0.0351414 0.107645 0.0900222 0.125688 -0.000101852 -0.027224
internal_weight=1178.93 1177.92 1175.68 1167.27 1145.81 8.41079 1141.56 1135.2 6.35935 0.623854 1.74543 1.39307 1133.46 10.2975
internal_count=44561 44521 44505 44075 43527 430 43115 42218 897 26 115 85 42103 1046
is_linear=0
shrinkage=0.05


Tree=132
num_leaves=15
num_cat=0
split_feature=8 3 5 4 2 2 0 4 1 1 2 3 4 2
split_gain=1.43285 4.42567 3.93849 3.28551 2.13546 21.0708 19.0989 26.2603 53.7383 15.5309 10.3298 7.8619 6.2292 5.14746
threshold=1.0000000180025095e-35 34.500000000000007 3.5000000000000004 13.500000000000002 0.41801075268817212 0.41048534798534803 16.500000000000004 5.5000000000000009 -13.499999999999998 -8.4999999999999982 0.41403940886699514 32.500000000000007 15.500000000000002 0.36969439728353143
decision_type=2 2 2 10 2 2 2 8 2 2 2 2 10 2
left_child=-1 4 3 -3 5 13 7 8 -7 11 -8 -9 -13 -2
right_child=1 2 -4 -5 -6 6 10 9 -10 -11 -12 12 -14 -15
leaf_value=0.0012155745794637407 0.022864134752361796 -0.026647854697765094 0.22546766220014325 -0.005580091596638314 -0.00074599288556285569 -0.050262058019490442 -0.052492643725707534 -0.051929194091463793 1.7315815642897303 0.4468207821143082 0.19090235931100272 0.087853804511811739 0.43227057424328441 -0.051435438288599838
leaf_weight=765.22641483228654 4.0498536084778589 29.997763221792411 0.17258322238922019 48.305552206002176 321.50524413096718 0.085096662864089012 1.483385441824794 0.54751581279560924 0.084164887201040206 0.39868976827710856 0.61733549833297718 0.35891461162827909 0.20699504530057311 5.4926911753136665
leaf_count=22128 302 3099 1 3162 15341 18 40 38 8 8 17 28 16 355
internal_value=-6.56927e-05 -0.00243793 -0.0131252 -0.0136511 6.69077e-05 0.0196811 0.119554 0.245145 0.835755 0.179034 0.0190335 0.0831469 0.213833 -0.0199027
internal_weight=1178.53 413.306 78.4759 78.3033 334.83 13.3246 3.7821 1.68138 0.169262 1.51212 2.10072 1.11343 0.56591 9.54254
internal_count=44561 22433 6262 6261 16171 830 173 116 26 90 57 82 44 657
is_linear=0
shrinkage=0.05


Tree=133
num_leaves=15
num_cat=0
split_feature=1 4 0 3 2 2 4 1 2 6 3 5 2 2
split_gain=1.43018 1.81185 1.42853 2.59502 4.18605 11.8649 8.45614 8.72178 5.38421 6.02232 4.49758 3.57154 5.88023 11.4396
threshold=34.500000000000007 15.500000000000002 11.500000000000002 5.5000000000000009 0.28035087719298252 0.27435167615433276 15.500000000000002 -18.499999999999996 0.36523199023199027 1.0000000180025095e-35 36.500000000000007 3.5000000000000004 0.65214646464646475 0.61383572567783107
decision_type=2 8 2 2 2 2 10 2 2 2 2 2 2 2
left_child=2 -2 3 -1 5 10 -7 -8 -6 11 -5 12 13 -10
right_child=1 -3 -4 4 8 6 7 -9 9 -11 -12 -13 -14 -15
leaf_value=0.020955259372420626 -0.051403581476861651 0.065773675571386317 0.0010322257555834104 0.04756694712057468 -0.045825917771498331 -0.050234890703235717 0.18289163671549599 0.69778271829405192 -0.013912880349700622 -0.035745610787106245 -0.0014256361758577332 0.024169081071595419 -0.030872155660734753 0.041804913911087579
leaf_weight=10.931019707117228 2.4455870145466174 0.38133558630943287 874.62588829174638 4.80546099692583 10.632967698620631 0.16912006947677483 0.21392724523320794 0.13361521949991584 29.902053401456214 16.166382137220353 186.02383024821756 11.055848546326159 17.833295884774998 13.313918187282978
leaf_count=378 224 3 24633 91 1580 47 17 14 3850 1050 8924 601 2526 623
internal_value=-7.58803e-05 -0.035597 9.52104e-06 -0.0029604 -0.00386108 0.000455944 0.239739 0.380845 -0.012213 -0.00816409 -0.000191906 -0.00198015 -0.0067157 0.00325258
internal_weight=1178.63 2.82692 1175.81 301.181 290.25 191.346 0.516663 0.347542 98.9045 88.2715 190.829 72.1051 61.0493 43.216
internal_count=44561 227 44334 19701 19323 9093 78 31 10230 8650 9015 7600 6999 4473
is_linear=0
shrinkage=0.05


Tree=134
num_leaves=15
num_cat=0
split_feature=4 2 2 2 1 0 2 5 0 2 7 0 0 1
split_gain=1.43778 3.02293 3.66734 7.92462 6.64911 5.16689 3.87463 4.97318 5.76442 3.62597 2.8802 3.027 3.00341 4.08393
threshold=18.500000000000004 0.94058823529411772 0.70087719298245621 0.56710977701543752 11.500000000000002 24.500000000000004 0.70438540332906541 2.5000000000000004 15.500000000000002 0.93620268620268632 1.0000000180025095e-35 12.500000000000002 7.5000000000000009 -4.4999999999999991
decision_type=10 2 2 2 2 2 2 2 2 2 2 2 2 2
left_child=-1 2 3 5 6 -2 -4 8 -8 10 11 12 -9 -14
right_child=1 -3 4 -5 -6 -7 7 9 -10 -11 -12 -13 13 -15
leaf_value=-0.00052361607419867647 0.0092486498309355368 -0.054389875166536421 0.17285620734278459 -0.037052316944307037 0.20644752709112604 0.10818510652413722 -0.051363120965768484 0.0041077684827146681 0.13018306360747608 0.21307581860906361 -0.052964962218281925 -0.025355754232470031 0.20545512306469421 -0.050578104419317718
leaf_weight=1105.5385540907155 49.918005281127989 1.9674270480172698 0.43331540748476705 9.8740282729268056 0.54815456271171648 1.3554780930280674 0.59127581212669467 0.90879761381074808 1.6783931516110895 0.18722084164619435 2.3903579693287611 1.9171831170096991 0.58361279312521219 0.2124445578083396
leaf_count=42252 1527 77 8 285 4 6 41 63 19 3 119 102 35 20
internal_value=-7.61054e-05 0.00674172 0.00844533 0.00396518 0.0374324 0.0118642 0.0270258 0.0195646 0.0828881 -0.00361801 -0.0103657 0.0177477 0.0662193 0.137127
internal_weight=1178.1 72.5657 70.5983 61.1475 9.45076 51.2735 8.9026 8.46929 2.26967 6.19962 6.0124 3.62204 1.70485 0.796057
internal_count=44561 2309 2232 1818 414 1533 410 402 60 342 339 220 118 55
is_linear=0
shrinkage=0.05


Tree=135
num_leaves=15
num_cat=0
split_feature=2 2 4 2 2 2 2 3 4 2 2 3 1 2
split_gain=1.42727 1.4265 4.66737 3.60664 2.81084 4.14012 4.53313 4.36423 3.72475 4.45386 6.63961 4.41404 6.77309 6.56917
threshold=0.98581488933601624 0.98448773448773463 8.5000000000000018 0.97202660406885777 0.95199692780337952 0.8293800539083559 0.89564428312159727 3.5000000000000004 7.5000000000000009 0.93620268620268632 0.94312668463611871 6.5000000000000009 -2.4999999999999996 0.90070422535211281
decision_type=2 2 10 2 2 2 2 2 10 2 2 2 2 2
left_child=1 3 -3 4 5 -1 -7 -8 11 -10 -11 -9 13 -13
right_child=-2 2 -4 -5 -6 6 7 8 9 10 -12 12 -14 -15
leaf_value=0.00030944806627913022 -0.051680112964634296 0.081070754461287309 -0.053394811571882139 -0.043905747693842499 0.015454805740012787 -0.034412988832409779 -0.038276909867966113 -0.050800065438738599 0.0030040082002053812 0.089731389362210687 -0.051126400917181153 -0.050316522557054155 -0.05054050538109002 0.41431863932904733
leaf_weight=1092.6449683645624 1.338304690492804 1.8912139078602188 0.97962096333503712 4.6803460547234854 28.96697392128408 18.155398381408304 6.6130984614137587 4.159080158686268 12.637008821358906 3.846535595599561 1.0691396272741256 0.11785437120124698 0.43256504787132133 0.21457610034849495
leaf_count=36784 650 48 56 571 949 2950 506 707 1097 77 74 21 61 10
internal_value=-7.4271e-05 -1.55632e-05 0.0351868 -0.000101679 7.37216e-05 -0.000317144 -0.0148084 -0.00257287 0.00793196 0.0187125 0.0590954 -0.0304972 0.0798839 0.249595
internal_weight=1177.75 1176.41 2.87083 1173.54 1168.86 1139.89 47.2453 29.0899 22.4768 17.5527 4.91568 4.92408 0.764996 0.33243
internal_count=44561 43911 104 43807 43236 42287 5503 2553 2047 1248 151 799 92 31
is_linear=0
shrinkage=0.05


Tree=136
num_leaves=15
num_cat=0
split_feature=8 3 0 4 4 0 3 2 4 0 2 4 2 2
split_gain=1.3581 4.22416 5.91348 4.853 4.0149 4.30652 6.61564 5.63143 3.90381 4.19732 6.31425 5.52515 3.90322 13.189
threshold=1.0000000180025095e-35 23.500000000000004 34.500000000000007 19.500000000000004 3.5000000000000004 14.500000000000002 43.500000000000007 0.60749299719887961 8.5000000000000018 32.500000000000007 0.62382075471698128 16.500000000000004 0.95199692780337952 0.7898981324278439
decision_type=2 2 2 10 10 2 2 2 8 2 2 10 2 2
left_child=-1 3 4 8 -3 -6 7 -7 12 -10 -11 -12 13 -2
right_child=1 2 -4 -5 5 6 -8 -9 9 10 11 -13 -14 -15
leaf_value=0.0011732755011153969 0.013896139108828498 -0.02812424333066085 -0.033970666075325527 0.072404316819806303 -0.013106986839316834 0.012063730080894671 -0.036563787460515904 -0.025995980056343512 -0.010302048496152086 0.1603499711718202 -0.00010007344979343144 0.063950326269765087 0.037985649052521574 -0.04284867566855572
leaf_weight=765.13568672112888 70.732085137628019 16.737839849083684 19.215461560525 2.4560998170636585 59.854719463153742 83.970719382632524 9.284078127006067 10.991318196989594 83.927135126607027 0.69142548739910026 27.945492277736779 3.828213697532191 10.542413192568345 11.973441312788053
leaf_count=22128 2644 1245 376 53 6657 2363 542 255 4360 7 997 93 705 2136
internal_value=-7.31133e-05 -0.00238697 -0.00759898 0.00252912 -0.00479679 -0.00241745 0.00372013 0.00765853 0.00171048 -0.00439662 0.0108698 0.00761696 0.00933337 0.00568108
internal_weight=1177.29 412.15 200.054 212.096 180.839 164.101 104.246 94.962 209.64 116.392 32.4651 31.7737 93.2479 82.7055
internal_count=44561 22433 11438 10995 11062 9817 3160 2618 10942 5457 1097 1090 5485 4780
is_linear=0
shrinkage=0.05


Tree=137
num_leaves=15
num_cat=0
split_feature=2 3 2 4 2 2 3 4 2 2 3 2 4 2
split_gain=1.38489 1.34291 1.55614 3.24946 2.98681 4.22036 2.93705 4.97579 4.70343 3.72452 2.9899 4.70841 5.65021 4.02487
threshold=0.98581488933601624 76.500000000000014 0.017700501253132835 16.500000000000004 0.031024531024531028 0.03883861236802414 64.500000000000014 19.500000000000004 0.042555331991951717 0.070298986903879437 62.500000000000007 0.11305538648813147 15.500000000000002 0.14017543859649126
decision_type=2 2 2 10 2 2 2 10 2 2 2 2 10 2
left_child=1 2 3 -1 -4 -6 8 -8 -7 -9 11 12 -10 -13
right_child=-2 -3 4 -5 5 6 7 9 10 -11 -12 13 -14 -15
leaf_value=-0.050977966342993508 -0.051682614011824328 0.034636237169462986 0.018358496869806149 0.011903541999330724 -0.051292427346371385 0.079118832460232658 -0.050639987605608186 -0.051077157035073407 -0.050895513919772865 0.18682371878641896 0.035962423917311991 0.01680949354010958 -0.0020098811706372025 -0.00031143972630019257
leaf_weight=4.4165058983489853 1.2984039695584204 2.7893351837992659 21.870563401374966 3.8415199238806963 4.0425431930343612 1.878770803567021 5.4416594652575432 0.27320130169391621 9.975564840075096 0.41356742568314075 5.7316451091319314 35.470506157609634 14.505704838316886 1064.8572920280276
leaf_count=360 650 20 553 78 413 115 872 16 1556 10 436 1127 467 37888
internal_value=-7.26546e-05 -1.56489e-05 -9.80691e-05 -0.0217264 5.53125e-05 -0.000295033 -0.000113961 -0.0346346 7.28583e-05 0.0921851 -5.8503e-05 -0.000242053 -0.0219297 0.000240476
internal_weight=1176.81 1175.51 1172.72 8.25803 1164.46 1142.59 1138.55 6.12843 1132.42 0.686769 1130.54 1124.81 24.4813 1100.33
internal_count=44561 43911 43891 438 43453 42900 42487 898 41589 26 41474 41038 2023 39015
is_linear=0
shrinkage=0.05


Tree=138
num_leaves=15
num_cat=0
split_feature=4 3 3 4 0 0 3 3 4 1 0 4 4 4
split_gain=1.35084 3.21663 1.46575 3.60942 2.12483 2.68612 2.50151 2.72411 3.5894 4.74235 8.22014 2.38642 2.34439 7.25928
threshold=1.0000000180025095e-35 76.500000000000014 57.500000000000007 7.5000000000000009 13.500000000000002 15.500000000000002 62.500000000000007 64.500000000000014 14.500000000000002 -11.499999999999998 2.5000000000000004 16.500000000000004 12.500000000000002 11.500000000000002
decision_type=10 2 2 10 2 2 2 2 8 2 2 8 10 8
left_child=-1 2 -2 -4 6 11 12 -8 -9 -10 -11 -6 13 -5
right_child=1 -3 3 4 5 -7 7 8 9 10 -12 -13 -14 -15
leaf_value=-0.059121947082033659 0.00018956378199838826 0.061305139546383072 -0.050294431734184956 -0.028703142911284049 0.075712072274349548 -0.052657534471492046 0.035074148548626019 -0.050514055165111052 -0.0082693571879836301 0.26470383290020222 0.0044968890524097636 -0.055803524354626523 -0.034238726926560228 0.1512013317140348
leaf_weight=0.96769385074730863 1135.2682404839434 2.1342104598879805 4.8042333800694896 2.2865425858181001 2.3093104818835855 0.71839058306068171 5.2012989935465148 3.5035923504037756 5.7694552228786051 0.46963755227625437 0.85806161165237427 0.40549758356064547 11.042171240318565 0.74290644680149842
leaf_count=40 41312 16 1176 245 52 49 273 497 302 10 31 9 486 63
internal_value=-7.1286e-05 -2.26749e-05 -0.000134222 -0.00977926 -0.00393529 0.0333176 -0.00821654 0.00543691 -0.00910472 0.0113375 0.096538 0.0560682 -0.023549 0.0154145
internal_weight=1176.48 1175.51 1173.38 38.1111 33.3069 3.4332 29.8737 15.802 10.6007 7.09715 1.3277 2.71481 14.0716 3.02945
internal_count=44561 44521 44505 3193 2017 110 1907 1113 840 343 41 61 794 308
is_linear=0
shrinkage=0.05


Tree=139
num_leaves=15
num_cat=0
split_feature=2 5 4 2 5 5 8 4 1 2 0 1 2 1
split_gain=1.31996 3.17051 2.85838 2.43008 2.19582 2.07957 1.99157 1.66599 4.24036 3.55011 3.03692 6.12866 3.18533 6.43266
threshold=0.97202660406885777 4.5000000000000009 8.5000000000000018 0.96799795186891979 3.5000000000000004 1.5000000000000002 1.0000000180025095e-35 12.500000000000002 28.500000000000004 0.72111111111111115 51.500000000000007 30.500000000000004 0.77888888888888907 21.500000000000004
decision_type=2 2 10 2 2 2 2 10 2 2 2 2 2 2
left_child=3 5 -3 7 -5 -2 -6 10 -9 -10 11 12 13 -1
right_child=1 2 -4 4 6 -7 -8 8 9 -11 -12 -13 -14 -15
leaf_value=6.4067840153544982e-05 0.097324865619643625 0.048932167633294082 -0.053633302922191331 -0.021906429022780099 0.023791041452709688 -0.050457774840926353 0.087030971721855643 0.0018841366171632964 -0.054601724473072981 0.072941328385498744 -0.034335275280890566 0.14406492167895935 -0.014242616531532325 -0.040094565105356708
leaf_weight=671.55280535487691 0.24981112778186609 2.32728616707027 0.95929360482841719 1.7197183426469553 4.2946285884827375 5.0559385048109107 1.7531692087650297 421.14954307791777 0.6474238708615293 3.4687324105761945 6.9981430105399332 0.72496268153190513 45.17114623694215 10.122077751904724
leaf_count=21729 1 18 30 159 27 1276 8 15327 9 39 257 10 5513 158
internal_value=-6.98303e-05 -0.0195953 0.0189951 7.38568e-05 0.0279473 -0.0434997 0.0421234 -0.000112814 0.00237773 0.0528803 -0.00155467 -0.00123937 -0.0013843 -0.000532241
internal_weight=1176.19 8.59233 3.28658 1167.6 7.76752 5.30575 6.0478 1159.83 425.266 4.11616 734.569 727.571 726.846 681.675
internal_count=44561 1325 48 43236 194 1277 35 43042 15375 48 27667 27410 27400 21887
is_linear=0
shrinkage=0.05


Tree=140
num_leaves=15
num_cat=0
split_feature=2 0 3 2 2 2 1 1 0 3 3 1 2 2
split_gain=1.30597 1.30112 2.4108 3.71066 7.96498 5.19557 5.78695 4.22666 22.7923 3.91732 3.7123 6.25709 4.00906 10.994
threshold=0.98581488933601624 11.500000000000002 5.5000000000000009 0.28035087719298252 0.27435167615433276 0.36523199023199027 -7.4999999999999991 -20.499999999999996 3.5000000000000004 36.500000000000007 44.500000000000007 -18.499999999999996 0.61383572567783107 0.65214646464646475
decision_type=2 2 2 2 2 2 2 2 2 2 2 2 2 2
left_child=1 2 -1 4 9 -5 10 -6 -9 -4 12 -12 -7 -14
right_child=-2 -3 3 5 7 6 -8 8 -10 -11 11 -13 13 -15
leaf_value=0.020254383190069565 -0.051770755116371629 0.0009590861252039807 0.043423160853100912 -0.045572295837139593 -0.05061980578074398 -0.017849798522416336 -0.045621793860103746 0.89828720081683366 0.07249592107607554 -0.0014704672447675123 0.2825230548742565 -0.051395662077084042 0.038316236918633756 -0.013031814459762817
leaf_weight=10.870836745249106 1.220091939321718 875.19229981629178 4.9898126283660522 10.133117284858598 0.16184268472716212 31.974075962556526 9.0361671748105419 0.10523353354073961 0.40566483879229054 185.55877674807562 0.29662774421740323 0.26618434325791795 16.191324005601928 29.266774062532932
leaf_count=345 650 24243 91 1580 18 4000 616 7 53 8924 16 32 726 3260
internal_value=-6.77808e-05 -1.40685e-05 -0.00286011 -0.00373143 0.000311481 -0.011688 -0.00774277 0.172052 0.24259 -0.000294857 -0.00335427 0.124595 -0.00428426 0.0052574
internal_weight=1175.67 1174.45 299.256 288.386 191.221 97.1643 87.0312 0.672741 0.510898 190.549 77.995 0.562812 77.4322 45.4581
internal_count=44561 43911 19668 19323 9093 10230 8650 78 60 9015 8034 48 7986 3986
is_linear=0
shrinkage=0.05


Tree=141
num_leaves=15
num_cat=0
split_feature=1 4 0 8 3 0 2 1 3 2 2 3 4 2
split_gain=1.30106 1.57547 1.39812 1.3718 3.89871 3.90348 2.87669 24.3077 6.23033 2.85012 11.7433 5.62997 3.54691 4.83979
threshold=34.500000000000007 15.500000000000002 56.500000000000007 1.0000000180025095e-35 42.500000000000007 8.5000000000000018 0.19526143790849676 -13.499999999999998 39.500000000000007 0.12095088819226753 0.12588028169014087 49.500000000000007 17.500000000000004 0.15831244778613202
decision_type=2 10 2 2 2 2 2 2 2 2 2 2 10 2
left_child=2 -2 3 -1 6 9 7 8 -5 -6 11 -11 -12 -14
right_child=1 -3 -4 4 5 -7 -8 -9 -10 10 12 -13 13 -15
leaf_value=0.0012026387812887139 -0.051320383501772482 0.055627836645030987 0.051903084174710484 0.31113385598325261 -0.017875021750178455 -0.035435671804000209 -0.0010469379297494046 0.72568539659034781 -0.051088100367637605 0.073065816673137343 -0.036328455295762264 0.34207162440211114 0.11701649774420619 -0.0019982108466441106
leaf_weight=763.87217230407987 2.2549816454993556 0.40641541779041279 1.2965635289438058 0.13687352277338483 13.461838222458029 16.981246181356255 367.21191815839848 0.12871518824249406 0.89477462298236787 0.39905803371220638 3.5523761691292748 0.3794415770098567 1.1880850875750182 3.0396872009150684
leaf_count=22058 224 3 13 6 909 1367 18853 7 84 12 706 10 57 252
internal_value=-6.87947e-05 -0.0349886 1.0465e-05 -4.69798e-05 -0.00239016 -0.0174228 -0.000798561 0.0778035 -0.00303044 -0.00353206 0.0190279 0.20418 0.000501183 0.0314472
internal_weight=1175.2 2.6614 1172.54 1171.25 407.374 39.0017 368.372 1.16036 1.03165 22.0205 8.55865 0.7785 7.78015 4.22777
internal_count=44561 227 44334 44321 22263 3313 18950 97 90 1946 1037 22 1015 309
is_linear=0
shrinkage=0.05


Tree=142
num_leaves=15
num_cat=0
split_feature=4 3 0 2 2 3 3 1 8 4 7 3 3 0
split_gain=1.26222 3.054 1.41823 3.93 4.20367 6.40426 10.3308 9.76497 4.48661 4.17544 4.35007 5.92389 4.62248 3.91098
threshold=1.0000000180025095e-35 76.500000000000014 8.5000000000000018 0.14400921658986179 0.12095088819226753 49.500000000000007 43.500000000000007 -11.499999999999998 1.0000000180025095e-35 15.500000000000002 1.0000000180025095e-35 47.500000000000007 49.500000000000007 5.5000000000000009
decision_type=10 2 2 2 2 2 2 2 2 10 2 2 2 2
left_child=-1 2 3 4 9 6 -6 -7 -8 -2 -11 -12 -13 -5
right_child=1 -3 -4 13 5 7 8 -9 -10 10 11 12 -14 -15
leaf_value=-0.058580082211178934 -0.017167714719859031 0.06073995244450936 0.00064508217111356294 -0.0031031467520240678 0.053394257081134572 0.09403110237324272 -0.032666566595865032 0.0022735099322258186 0.065633228825866793 -0.0079520909923736366 -0.054209651565463202 0.084294856474183472 0.020576907906021232 -0.024425146559303428
leaf_weight=0.9210106396349137 33.254345570399892 2.0642352625727645 977.66499664483126 53.02418572246097 6.3671425245702329 5.6940224233549088 12.548823575023558 5.9080280233174545 1.2791073471307761 22.302113087847829 2.0787079613655832 3.7224030289798966 12.094703637994824 36.18173320335336
leaf_count=40 3802 16 30085 5242 93 112 285 116 70 692 57 43 342 3566
internal_value=-6.94632e-05 -2.35685e-05 -0.00013058 -0.00403038 0.00251361 0.017701 0.000692932 0.047306 -0.0235737 -0.00406093 0.00678186 0.0251436 0.0355723 -0.0117513
internal_weight=1175.11 1174.18 1172.12 194.455 105.249 31.7971 20.1951 11.6021 13.8279 73.4523 40.1979 17.8958 15.8171 89.2059
internal_count=44561 44521 44505 14420 5612 676 448 228 355 4936 1134 442 385 8808
is_linear=0
shrinkage=0.05


Tree=143
num_leaves=15
num_cat=0
split_feature=4 1 5 4 2 5 2 3 3 0 0 2 3 0
split_gain=1.25436 3.32411 3.68812 2.98295 7.16074 7.15756 9.24711 7.02082 6.92655 8.22889 8.4754 6.63764 3.782 3.62432
threshold=12.500000000000002 28.500000000000004 1.5000000000000002 7.5000000000000009 0.68496240601503777 4.5000000000000009 0.84168755221386815 52.500000000000007 4.5000000000000009 46.500000000000007 11.500000000000002 0.94405320813771521 76.500000000000014 12.500000000000002
decision_type=10 2 2 8 2 2 2 2 2 2 2 2 2 2
left_child=3 -2 -3 7 -5 8 -7 13 9 10 -6 -11 -9 -1
right_child=1 2 -4 4 5 6 -8 12 -10 11 -12 -13 -14 -15
leaf_value=-0.0075172759955568881 0.0016161943730984667 0.1190547823802596 0.017903345009109926 -0.0014481749127569052 0.067366061449759998 0.10455702254988315 -0.046695604829433399 -0.034316611004963922 -0.036016432288497956 0.26837970161975794 -0.036299672951445726 0.049825136319127453 0.062609267247540776 0.004864752687776655
leaf_weight=71.432656071148813 425.63622249971377 1.2098688110709179 3.5317230462096632 254.85699171334272 2.6194884992437419 2.4458958804607382 1.7219036696478722 17.463308139063887 40.534017080091871 0.45672267954796453 7.9722388482186943 1.4514082304085603 1.067973569035529 342.29701524885604
leaf_count=5758 15713 6 49 8028 50 33 39 2030 2926 5 882 39 7 8996
internal_value=-6.86945e-05 0.00207999 0.0437132 -0.0013111 -0.00503646 -0.0210238 0.0420678 0.00137832 -0.025982 0.00655741 -0.0106616 0.102137 -0.0287307 0.00272693
internal_weight=1174.7 430.378 4.74159 744.32 312.059 57.2017 4.1678 432.261 53.0339 12.4999 10.5917 1.90813 18.5313 413.73
internal_count=44561 15768 55 28793 12002 3974 72 16791 3902 976 932 44 2037 14754
is_linear=0
shrinkage=0.05


Tree=144
num_leaves=15
num_cat=0
split_feature=2 3 2 2 2 5 1 3 2 0 1 2 2 1
split_gain=1.23125 1.33878 8.59352 7.53209 6.82025 5.73497 7.27645 6.29361 8.83635 13.0088 5.54989 5.10965 20.4078 8.55346
threshold=0.98581488933601624 25.500000000000004 0.60749299719887961 0.65214646464646475 0.65811688311688321 1.5000000000000002 10.500000000000002 19.500000000000004 0.61383572567783107 36.500000000000007 30.500000000000004 0.56710977701543752 0.55857142857142872 -7.4999999999999991
decision_type=2 2 2 2 2 2 2 2 2 2 2 2 2 2
left_child=1 3 -3 5 -5 7 11 -1 -9 -10 -4 12 -7 -14
right_child=-2 2 10 4 -6 6 -8 8 9 -11 -12 -13 13 -15
leaf_value=-0.056640839671817558 -0.051662583850184823 -0.00048263692042061613 -0.043213866822147617 -0.054294965780470862 -0.0015118292322270051 -0.0058628226923979456 0.12536132320501506 -0.0052399791440764856 0.096915123721780433 -0.059280767603679244 0.11068397450022092 0.010149828474332752 -0.050721834646676268 0.10278433482813538
leaf_weight=4.7769221290945998 1.1551815032726143 741.69877501908923 15.499400570290163 6.2671131112147114 260.67492525593843 12.582633170066401 1.5707539170980442 41.135386489331722 5.0821309685707083 1.8069943562149999 0.60882407054305154 70.496842251857743 1.0021232920698828 9.6071262471377832
leaf_count=50 650 24683 489 185 14952 642 9 362 32 18 10 2282 108 89
internal_value=-6.79902e-05 -1.71712e-05 -0.00126731 0.00226561 -0.00275104 0.0113102 0.0186365 -0.00190719 0.00353708 0.0559455 -0.0373972 0.0168472 0.0372054 0.0882845
internal_weight=1173.97 1172.81 757.807 415.003 266.942 148.061 95.2595 52.8014 48.0245 6.88913 16.1082 93.6887 23.1919 10.6092
internal_count=44561 43911 25182 18729 15137 3592 3130 462 412 50 499 3121 839 197
is_linear=0
shrinkage=0.05


Tree=145
num_leaves=15
num_cat=0
split_feature=1 4 3 2 2 2 2 0 1 2 2 2 2 5
split_gain=1.21188 1.44411 1.2617 8.05338 6.63152 6.51285 5.27637 22.2403 14.0437 5.19168 5.77957 5.99476 17.8578 11.6638
threshold=34.500000000000007 15.500000000000002 25.500000000000004 0.60749299719887961 0.65214646464646475 0.65811688311688321 0.49647887323943668 9.5000000000000018 -8.4999999999999982 0.64850506548060305 0.64400921658986188 0.61383572567783107 0.61483516483516498 2.5000000000000004
decision_type=2 10 2 2 2 2 2 2 2 2 2 2 2 2
left_child=2 -2 4 -4 6 -6 7 -1 -9 10 11 -8 13 -13
right_child=1 -3 3 -5 5 -7 9 8 -10 -11 -12 12 -14 -15
leaf_value=-0.050726225434592875 -0.051234131943845976 0.05002742770805732 -0.00045869563686399005 -0.036781534914736319 -0.054089654432162841 -0.0013255291315355335 0.0025327549664476458 0.65961508470472441 0.16648045837462702 0.051898993114476336 -0.036042223302473857 0.173427287077799 0.01538054092925833 -0.050699621850406579
leaf_weight=0.99307334143668302 2.129416363255586 0.42183643579483021 741.39861410245067 15.580833612708373 5.9835193282924584 258.89668105513556 89.404752473346889 0.21117162751033902 0.45642143487930298 6.9361940138041964 7.2017074413597575 2.9952350645326073 39.897125852061436 0.72002850845456112
leaf_count=85 224 3 24683 499 185 15375 2127 18 14 149 148 38 942 71
internal_value=-6.78743e-05 -0.0344911 7.14414e-06 -0.00120633 0.00222755 -0.00251745 0.0106733 0.0992989 0.322468 0.0096731 0.00758432 0.00994631 0.025144 0.129991
internal_weight=1173.23 2.55125 1170.68 756.979 413.696 264.88 148.816 1.66067 0.667593 147.155 140.219 133.017 43.6124 3.71526
internal_count=44561 227 44334 25182 19152 15560 3592 117 32 3475 3326 3178 1051 109
is_linear=0
shrinkage=0.05


Tree=146
num_leaves=15
num_cat=0
split_feature=2 3 0 2 0 2 0 5 4 4 6 4 3 4
split_gain=1.21352 4.57195 8.00582 6.83227 13.3628 19.1865 19.898 15.0706 13.9874 12.0997 6.30783 4.41315 4.20784 7.61886
threshold=0.30456349206349215 33.500000000000007 21.500000000000004 0.41801075268817212 17.500000000000004 0.41048534798534803 9.5000000000000018 1.5000000000000002 10.500000000000002 11.500000000000002 1.0000000180025095e-35 4.5000000000000009 34.500000000000007 11.500000000000002
decision_type=2 2 2 2 2 2 2 2 8 10 2 8 2 10
left_child=12 3 -3 4 5 7 -7 8 -2 -8 -5 -4 13 -1
right_child=1 2 11 10 -6 6 9 -9 -10 -11 -12 -13 -14 -15
leaf_value=0.088631386333619444 0.04604572959030484 -0.020790427413618248 0.015065416019798687 0.0012420612557364117 0.0034297044855686586 -0.050907087097147023 0.42979784434152485 -0.036714317448666052 0.32078097815126877 0.17451502997070648 -0.018386289068062923 -0.0060283953679944983 0.0017319305624799105 -0.055740397211960183
leaf_weight=3.3860926148481658 1.5208437163382789 73.86525476758834 35.0337378019467 545.15023806743557 21.79476310685277 0.65678029856644604 0.72301143221557174 3.5954073693137616 0.66623619943857182 1.2964963112026451 44.253643862088211 84.850153861567378 354.7038163387333 1.2516111996956167
leaf_count=51 34 4132 451 21844 382 63 18 463 10 19 2418 1339 13292 45
internal_value=-6.92551e-05 -0.00113829 -0.00784211 0.000957808 0.0241315 0.0774714 0.188161 0.0262415 0.129737 0.26591 -0.000231675 0.000135861 0.00235061 0.0496687
internal_weight=1172.75 813.407 193.749 619.657 30.2535 8.45878 2.67629 5.78249 2.18708 2.01951 589.404 119.884 359.342 4.6377
internal_count=44561 31173 5922 25251 989 607 100 507 44 37 24262 1790 13388 96
is_linear=0
shrinkage=0.05


Tree=147
num_leaves=15
num_cat=0
split_feature=4 2 2 2 0 1 8 2 2 2 2 0 2 3
split_gain=1.22604 2.83647 3.35414 9.73635 4.84288 4.41858 3.44704 4.14652 3.72545 5.50095 6.2769 3.44931 4.16249 2.8153
threshold=18.500000000000004 0.94058823529411772 0.68496240601503777 0.56710977701543752 24.500000000000004 13.500000000000002 1.0000000180025095e-35 0.72653958944281538 0.7685439560439562 0.79277813923227081 0.78679653679653694 30.500000000000004 0.91801075268817212 40.500000000000007
decision_type=10 2 2 2 2 2 2 2 2 2 2 2 2 2
left_child=-1 2 3 4 13 6 8 -8 -4 10 -10 12 -11 -2
right_child=1 -3 5 -5 -6 -7 7 -9 9 11 -12 -13 -14 -15
leaf_value=-0.0004877399455646755 0.02652331244222449 -0.054386060320792386 -0.04071919562001123 -0.049068011185354088 0.10451093332843445 0.20694990236155336 0.10943697412371843 0.016787942159258235 0.055228448161552583 -0.050952294757887921 0.3728457690933677 0.21809080797185976 0.094682225987720067 0.0006978632795740402
leaf_weight=1099.9081531516276 15.059145590290425 1.8806970837758843 2.7709749620407784 7.7799688703380516 1.3464783877134312 0.35275596380233842 2.1959370579570532 2.6833705082535744 0.45832575019449029 1.7727027698419995 0.23546896688640118 0.1767010986804961 0.67841003276407708 35.265154175460339
leaf_count=42252 587 77 96 256 6 2 30 123 20 136 13 1 22 940
internal_value=-7.22015e-05 0.00621845 0.00782888 0.00307823 0.0109298 0.0327683 0.0271682 0.0584847 0.002088 0.0377989 0.163025 0.00473663 -0.0106441 0.00842592
internal_weight=1172.56 72.6561 70.7754 59.4507 51.6708 11.3246 10.9719 4.87931 6.09258 3.32161 0.693795 2.62781 2.45111 50.3243
internal_count=44561 2309 2232 1789 1533 443 441 153 288 192 33 159 158 1527
is_linear=0
shrinkage=0.05


Tree=148
num_leaves=15
num_cat=0
split_feature=4 3 2 4 2 2 3 3 7 3 2 2 8 4
split_gain=1.1885 2.77476 1.3009 3.05752 2.79712 3.96144 2.73402 2.66889 3.77963 2.60655 3.64064 2.59256 2.28658 2.53744
threshold=1.0000000180025095e-35 76.500000000000014 0.017700501253132835 16.500000000000004 0.031024531024531028 0.03883861236802414 56.500000000000007 69.500000000000014 1.0000000180025095e-35 66.500000000000014 0.042555331991951717 0.066348973607038134 1.0000000180025095e-35 13.500000000000002
decision_type=10 2 2 10 2 2 2 2 2 2 2 2 2 10
left_child=-1 2 3 -2 -4 -6 -5 -8 -9 10 12 -12 13 -7
right_child=1 -3 4 6 5 9 7 8 -10 -11 11 -13 -14 -15
leaf_value=-0.058142962349823538 -0.050930007640894295 0.059685666784863034 0.017688491635264644 0.075730283235506679 -0.051243877335957089 -0.050417298508923916 -0.052814115462853799 -0.052613493863771045 0.14572142777180677 -0.050580127673698905 -0.033687523297492639 4.854379060197957e-06 -0.050975049695768042 0.1161024535612782
leaf_weight=0.88038885057903726 4.0158332397695622 1.9422744140028942 21.954909979132935 1.1562607772648337 3.8076446353807105 0.2716380048077548 1.7526684664189818 0.4606441669166087 0.50197088904678822 2.5573893977561957 5.7387072200654066 1125.4233332189033 0.34636975964531291 1.44974466599524
leaf_count=40 352 16 548 18 412 66 39 12 9 479 708 41813 30 19
internal_value=-7.07123e-05 -2.70662e-05 -0.000126241 -0.0203637 1.11795e-05 -0.000329383 0.0113418 -0.0160771 0.0508114 -0.000158696 -4.49089e-05 -0.000166077 0.0662398 0.0898253
internal_weight=1172.26 1171.38 1169.44 7.88738 1161.55 1139.59 3.87154 2.71528 0.962615 1135.79 1133.23 1131.16 2.06775 1.72138
internal_count=44561 44521 44505 430 44075 43527 78 60 21 43115 42636 42521 115 85
is_linear=0
shrinkage=0.05


Tree=149
num_leaves=15
num_cat=0
split_feature=4 1 5 0 1 2 4 2 1 5 2 3 1 3
split_gain=1.17653 2.96227 3.21912 2.66646 4.44976 2.65993 2.47833 6.60867 6.82016 6.87827 6.74168 6.55586 5.99254 7.0429
threshold=12.500000000000002 28.500000000000004 1.5000000000000002 51.500000000000007 30.500000000000004 0.97162977867203237 7.5000000000000009 0.68496240601503777 -7.4999999999999991 4.5000000000000009 0.94058823529411772 52.500000000000007 20.500000000000004 4.5000000000000009
decision_type=10 2 2 2 2 2 8 2 2 2 2 2 2 2
left_child=3 5 -3 4 6 -2 11 -8 9 10 -9 -1 -10 -14
right_child=1 2 -4 -5 -6 -7 7 8 12 -11 -12 -13 13 -15
leaf_value=0.0026074107054912159 0.0018701975928248013 0.11050577598492156 0.01691949539737813 -0.032892774422671425 0.11335668863892141 -0.050784347144882981 -0.0012606478556520702 -0.040662845996555175 -0.037657037435711492 0.092564987777281144 0.055524198906160532 -0.028366183338639356 0.087871815044709076 -0.0266952881450572
leaf_weight=411.91892325901426 422.76394678687211 1.2386474236845959 3.559182217810303 6.6087796080973922 0.84981099341530253 2.4121780112618572 253.45673950185301 5.0953911758260784 35.421914605714846 2.2622965201735497 2.8353971511824057 17.823079259018414 2.1933673644089131 3.4536681370809674
leaf_count=14614 15365 6 49 283 12 348 8016 807 2824 30 43 2037 57 70
internal_value=-6.87331e-05 0.00201233 0.0410805 -0.0012748 -0.000990623 0.00157147 -0.00112293 -0.00457214 -0.0209453 0.0156625 -0.00627428 0.00132281 -0.0300311 0.0178038
internal_weight=1171.89 429.974 4.79783 741.919 735.311 425.176 734.461 304.719 51.262 10.1931 7.93079 429.742 41.069 5.64704
internal_count=44561 15768 55 28793 28510 15713 28498 11847 3831 880 850 16651 2951 127
is_linear=0
shrinkage=0.05


Tree=150
num_leaves=15
num_cat=0
split_feature=2 2 4 2 2 5 3 2 2 2 4 5 0 0
split_gain=1.16516 1.30514 3.87054 3.22092 2.30123 3.70793 3.45763 3.35167 5.9251 4.5468 3.24721 3.04792 3.11098 5.9381
threshold=0.98581488933601624 0.98448773448773463 8.5000000000000018 0.97202660406885777 0.95199692780337952 2.5000000000000004 3.5000000000000004 0.93620268620268632 0.94312668463611871 0.8293800539083559 18.500000000000004 3.5000000000000004 20.500000000000004 46.500000000000007
decision_type=2 2 10 2 2 2 2 2 2 2 8 2 2 2
left_child=1 3 -3 4 6 -6 -1 9 11 -8 -7 12 -9 -14
right_child=-2 2 -4 -5 5 10 7 8 -10 -11 -12 -13 13 -15
leaf_value=-0.037404785351881888 -0.051684157879067896 0.075540637454646023 -0.053051467501934541 -0.043764216469643846 -0.019736558361455228 0.027992316582199209 0.00026555808291306069 0.12423119001160852 -0.050946213470120676 -0.018505910826536628 -0.055613023894363282 -0.053530762656288783 -0.051463924959834699 0.11876551772638333
leaf_weight=6.2430778115522108 1.0923005930962961 1.8426103806123131 0.85748975235037495 4.2081837070872998 6.3677941644564298 21.39694597339258 1088.8192324339761 1.9865179653279472 1.4419395364820955 33.243803752702661 1.2280602883547533 0.48088156711310137 0.99202162260189686 1.059361347928643
leaf_count=506 650 48 56 571 414 503 36784 33 123 4748 32 10 75 8
internal_value=-6.76047e-05 -1.94229e-05 0.0347027 -9.97277e-05 5.8232e-05 0.0139681 -0.000297317 -9.19446e-05 0.0373019 -0.000290592 0.0234543 0.0654618 0.0796329 0.0364448
internal_weight=1171.26 1170.17 2.7001 1167.47 1163.26 28.9928 1134.27 1128.02 5.96072 1122.06 22.625 4.51878 4.0379 2.05138
internal_count=44561 43911 104 43807 43236 949 42287 41781 249 41532 535 126 116 83
is_linear=0
shrinkage=0.05


Tree=151
num_leaves=15
num_cat=0
split_feature=0 4 1 2 2 2 4 1 2 4 4 1 1 4
split_gain=1.15196 2.14316 3.714 2.23175 2.08287 3.3721 6.25531 4.77514 5.3721 5.17262 3.95479 7.60841 4.38175 3.14836
threshold=11.500000000000002 3.5000000000000004 -11.499999999999998 0.65214646464646475 0.16100230414746547 0.21089696071163827 3.5000000000000004 -3.4999999999999996 0.19859154929577469 8.5000000000000018 7.5000000000000009 1.5000000000000002 1.5000000000000002 5.5000000000000009
decision_type=2 10 2 2 2 2 10 2 2 10 8 2 2 10
left_child=1 2 3 -1 -2 6 -6 9 10 -8 11 13 -12 -9
right_child=4 -3 -4 -5 5 -7 7 8 -10 -11 12 -13 -14 -15
leaf_value=0.0097137678402277813 -0.0380998441850256 -0.0014965018595939792 -0.038109743878309177 -0.050372728453349148 -0.040705489283479675 0.00038345329583515527 -0.040059451307423818 0.062824636112874754 0.1017229059624003 0.023824188346814976 -0.014633537693460489 -0.052731040931417318 0.10262336331772565 0.19415360060872372
leaf_weight=11.030322297476234 3.4193218227010211 272.50465899950359 11.201046804140786 1.7971529888454814 4.1499406608054406 837.77627099084202 4.2189044981496435 0.84063397347927205 3.4594048131257287 12.728196638636289 4.8402759758755574 0.77417095284908999 0.95371434837579716 0.99830432794988155
leaf_count=1430 141 17099 789 383 178 23791 208 13 33 366 78 23 14 15
internal_value=-6.57879e-05 -0.00275873 -0.0170735 0.00129554 0.000847714 0.00100066 0.0166871 0.0249531 0.049278 0.00792064 0.0276977 0.0787621 0.00466742 0.134119
internal_weight=1170.69 296.533 24.0285 12.8275 874.159 870.74 32.9635 28.8136 11.8665 16.9471 8.4071 2.61311 5.79399 1.83894
internal_count=44561 19701 2602 1813 24860 24719 928 750 176 574 143 51 92 28
is_linear=0
shrinkage=0.05


Tree=152
num_leaves=15
num_cat=0
split_feature=8 3 0 3 2 5 1 4 3 2 4 5 2 2
split_gain=1.14469 3.73529 3.6871 2.55698 3.40252 4.38871 6.51321 5.89872 3.38968 3.40623 2.97203 2.64097 2.39958 7.50228
threshold=1.0000000180025095e-35 42.500000000000007 8.5000000000000018 40.500000000000007 0.42179392142327654 2.5000000000000004 -6.4999999999999991 6.5000000000000009 34.500000000000007 0.12880184331797237 11.500000000000002 1.5000000000000002 0.12095088819226753 0.12588028169014087
decision_type=2 2 2 2 2 2 2 10 2 2 10 2 2 2
left_child=-1 3 12 8 5 6 -5 -8 -2 -10 -11 -9 -3 -14
right_child=1 2 -4 4 -6 -7 7 11 9 10 -12 -13 13 -15
leaf_value=0.0010784930726295816 5.8421389830417663e-05 -0.017309497067278867 -0.034980398031566481 -0.014991682057931522 -0.052044074132308694 0.20122101799456213 0.23080563415555841 0.025005054563979424 0.18312716751678948 -0.041204859705054636 -0.0071633130138345647 0.12770660675540876 0.14504208181242795 -2.0095388897218455e-05
leaf_weight=762.67687511647819 331.96425946842646 12.979086104489399 16.4159846198163 4.1913482310483205 1.2586029270896677 0.38401204673573452 0.52474574558436815 2.5193112958222632 0.20871111541055398 10.114967108471321 17.512916781823151 0.83291746210306872 1.0054367147386054 7.8516414944315329
leaf_count=22128 16171 909 1367 475 79 16 11 49 4 1090 1202 23 22 1015
internal_value=-6.48426e-05 -0.00220332 -0.0170769 -0.000663605 0.0246538 0.0360746 0.0282145 0.0749241 -0.00134692 -0.0181062 -0.0196264 0.050523 -0.00361733 0.0164471
internal_weight=1170.44 407.764 38.2521 369.512 9.71094 8.45233 8.06832 3.87697 359.801 27.8366 27.6279 3.35223 21.8362 8.85708
internal_count=44561 22433 3313 19120 653 574 558 83 18467 2296 2292 72 1946 1037
is_linear=0
shrinkage=0.05


Tree=153
num_leaves=15
num_cat=0
split_feature=4 3 0 4 3 2 2 2 1 2 3 0 2 2
split_gain=1.11696 2.6722 1.21079 2.10183 4.13689 5.18598 3.09218 3.63207 3.37704 5.86038 4.22805 3.76839 4.04031 3.68129
threshold=1.0000000180025095e-35 76.500000000000014 11.500000000000002 9.5000000000000018 52.500000000000007 0.01941930618401207 0.12095088819226753 0.14017543859649126 -19.499999999999996 0.62782805429864263 19.500000000000004 8.5000000000000018 0.19526143790849676 0.15601757944557135
decision_type=10 2 2 10 2 2 2 2 2 2 2 2 2 2
left_child=-1 2 3 4 5 -2 -7 -8 9 -9 -11 -10 13 -13
right_child=1 -3 -4 -5 -6 6 7 8 11 10 -12 12 -14 -15
leaf_value=-0.057775009864517682 0.047395359597444196 0.059360276882038598 0.00081337982796424982 -0.00019104392547721532 -0.044027596898195361 -0.050537655041401168 0.022810434998325958 -0.050467369405770152 -0.034554233531044636 -0.051283954788110798 0.061928533488755003 0.039317009539554339 0.0065005207654437597 -0.041599465003644892
leaf_weight=0.83782415138557453 4.2950690127909175 1.8913894742727269 874.36887255334295 208.02119292266434 7.8800418152241027 4.2481681372737503 9.116890433477236 2.2594806090928525 17.699348910246052 0.98237712355330575 5.1377883339300752 1.6393389721633855 22.034076835145243 9.858848099363966
leaf_count=40 45 16 24849 11225 1791 845 213 532 2753 108 77 49 1673 345
internal_value=-6.41238e-05 -2.27776e-05 -0.000118977 -0.00289967 -0.00951673 -0.00599735 -0.00913982 -0.00658097 -0.0110761 0.0183499 0.0437563 -0.0158891 -0.00603705 -0.0300629
internal_weight=1170.27 1169.43 1167.54 293.173 85.1514 77.2714 72.9763 68.7281 59.6113 8.37965 6.12017 51.2316 33.5323 11.4982
internal_count=44561 44521 44505 19656 8431 6640 6595 5750 5537 717 185 4820 2067 394
is_linear=0
shrinkage=0.05


Tree=154
num_leaves=15
num_cat=0
split_feature=2 3 0 2 0 0 2 5 4 6 4 6 4 1
split_gain=1.15868 4.2011 7.39641 5.8363 10.7725 14.263 14.329 9.52436 8.78158 5.52825 5.1453 3.96343 4.31525 4.92354
threshold=0.30456349206349215 33.500000000000007 21.500000000000004 0.41801075268817212 17.500000000000004 9.5000000000000018 0.41048534798534803 1.5000000000000002 11.500000000000002 1.0000000180025095e-35 14.500000000000002 1.0000000180025095e-35 2.5000000000000004 3.5000000000000004
decision_type=2 2 2 2 2 2 2 2 8 2 10 2 8 2
left_child=-1 3 -3 4 5 -2 7 8 -7 -5 -8 12 13 -4
right_child=1 2 11 9 -6 6 10 -9 -10 -11 -12 -13 -14 -15
leaf_value=0.002303651501740318 -0.031263698844480381 -0.020169226219487635 -0.037478744571029392 0.0011461439965165154 0.0030834483737977362 0.054930855673543659 0.2549776648302774 -0.050798102018734984 0.27442479700987432 -0.017463444705039546 0.10642443337629609 0.02896031476841552 -0.0070812984001502426 0.032784104481837092
leaf_weight=358.66451859421795 2.5910867801867443 72.500220895395614 3.0321112833917168 544.52151153393788 21.916866105049849 1.8515564110130078 1.5993874873965981 1.504667160566896 0.60444949567317952 43.063523663266096 0.91713569685816754 10.796565547585486 91.999239853583276 14.029215839691458
leaf_count=13388 403 4132 60 21844 382 37 25 123 7 2418 12 86 1474 170
internal_value=-6.27088e-05 -0.00110932 -0.0075629 0.000897551 0.0220472 0.0678801 0.107541 0.0482618 0.108951 -0.000217734 0.200838 6.25196e-05 -0.00279825 0.0202971
internal_weight=1169.59 810.928 192.357 618.57 30.9851 9.06828 6.4772 3.96067 2.45601 587.585 2.51652 119.857 109.061 17.0613
internal_count=44561 31173 5922 25251 989 607 204 167 44 24262 37 1790 1704 230
is_linear=0
shrinkage=0.05


Tree=155
num_leaves=15
num_cat=0
split_feature=8 3 0 2 0 4 0 3 2 1 5 4 3 4
split_gain=1.1132 3.40388 3.47213 2.38264 3.41168 4.30224 2.45566 2.31515 3.05993 3.5487 5.1633 3.8325 2.92922 3.29129
threshold=1.0000000180025095e-35 42.500000000000007 8.5000000000000018 0.37377450980392163 4.5000000000000009 17.500000000000004 6.5000000000000009 40.500000000000007 0.42179392142327654 -6.4999999999999991 2.5000000000000004 6.5000000000000009 34.500000000000007 11.500000000000002
decision_type=2 2 2 2 2 10 2 2 2 2 2 10 2 10
left_child=-1 7 3 6 5 -5 -3 12 9 10 -9 -11 -2 -14
right_child=1 2 -4 4 -6 -7 -8 8 -10 11 -12 -13 13 -15
leaf_value=0.0010632288460127931 -8.4252407921118426e-05 -0.015489611239778676 -0.034302973128001554 -0.05043576742449174 -0.051355404512706718 0.28249223948652674 0.026244493419780236 -0.014326595908642523 -0.051943274607111158 0.18021280210222967 0.16551118933110678 0.04656713147233655 -0.040656490991786323 -0.004245621168713555
leaf_weight=762.3773861923255 332.4261045891908 16.517508748162079 15.854656576411797 0.14471627783495833 0.27666849980596453 0.29452087730169296 4.4809371739393091 4.1157979636918745 1.1917460486292828 0.6341615617275228 0.44198176078498352 3.4807741260156035 9.6261564940214175 17.470738784060813
leaf_count=22128 16171 1501 1367 29 53 4 359 475 79 11 16 72 1092 1204
internal_value=-6.39057e-05 -0.00217544 -0.0165141 -0.00352565 0.0861742 0.172802 -0.00658381 -0.000717105 0.02318 0.0335029 0.00311282 0.0671636 -0.00137278 -0.0171806
internal_weight=1169.33 406.956 37.569 21.7144 0.715906 0.439237 20.9984 369.387 9.86446 8.67272 4.55778 4.11494 359.523 27.0969
internal_count=44561 22433 3313 1946 86 33 1860 19120 653 574 491 83 18467 2296
is_linear=0
shrinkage=0.05


Tree=156
num_leaves=15
num_cat=0
split_feature=4 1 0 1 3 2 3 5 2 2 4 2 4 3
split_gain=1.11304 2.66874 5.16881 4.80574 3.9627 3.82006 5.91969 3.0306 3.15261 5.6151 5.99768 3.71809 2.82722 2.79979
threshold=13.500000000000002 -13.499999999999998 2.5000000000000004 -17.499999999999996 53.500000000000007 0.62782805429864263 51.500000000000007 4.5000000000000009 0.7685439560439562 0.8293800539083559 7.5000000000000009 0.98448773448773463 12.500000000000002 52.500000000000007
decision_type=10 2 2 2 2 2 2 2 2 2 10 2 10 2
left_child=1 3 4 5 12 6 -1 -4 -9 10 -10 -11 -3 -8
right_child=-2 2 7 -5 -6 -7 13 8 9 11 -12 -13 -14 -15
leaf_value=-0.051049591192212043 0.0021779352332171242 0.060520547130699348 -0.0011224861001468947 -0.039225653156936532 -0.050647654806662092 0.024110157057267857 0.036524780958775864 -0.052830389719257145 0.00229476512491999 -0.049786826351589819 0.1243664839994298 0.040423743553332864 0.18342095639286693 -0.019846042399790681
leaf_weight=6.9134235521196414 375.99236445495626 2.1456237146630883 742.12014780164463 12.652450823807156 0.64221194596029807 9.243803339195436 4.8018655582563934 1.1091113411821414 1.6251729321666042 2.1476973197422922 2.6420179381966591 2.4397286670282483 0.59846340317744751 4.0694262901670299
leaf_count=1519 13383 46 24504 3940 60 520 56 40 21 50 19 29 11 363
internal_value=-6.27455e-05 -0.00112494 -0.000477202 -0.0141115 0.0611578 -0.0014157 -0.0163641 -0.000754717 0.0266375 0.0365915 0.0778751 -0.00181018 0.0873241 0.0106664
internal_weight=1169.14 793.151 755.47 37.681 3.3863 25.0285 15.7847 752.084 9.96373 8.85462 4.26719 4.58743 2.74409 8.87129
internal_count=44561 31178 24780 6398 117 2458 1938 24663 159 119 40 79 57 419
is_linear=0
shrinkage=0.05


Tree=157
num_leaves=15
num_cat=0
split_feature=2 5 1 2 2 5 3 2 2 2 5 4 0 1
split_gain=1.12838 1.14977 3.51152 3.14913 3.40125 3.89826 3.64899 4.66112 5.49584 4.02856 5.15493 5.86708 3.90665 9.0711
threshold=0.98581488933601624 3.5000000000000004 11.500000000000002 0.96327493261455543 0.95199692780337952 2.5000000000000004 3.5000000000000004 0.93620268620268632 0.94312668463611871 0.77888888888888907 1.5000000000000002 12.500000000000002 23.500000000000004 1.5000000000000002
decision_type=2 2 2 2 2 2 2 2 2 2 2 10 2 2
left_child=1 3 -3 4 6 -6 -1 9 -9 -8 -11 -12 -13 -14
right_child=-2 2 -4 -5 5 -7 7 8 -10 10 11 12 13 -15
leaf_value=-0.04354626098215926 -0.051707589851706849 0.0056815958378468373 0.094953585854677044 -0.032644188192570797 -0.015671223254123803 0.04175137655001724 0.0001763768042282996 0.073246383190504485 -0.050813578478181666 0.026944956630822504 -0.042205588585164905 -0.021133417166626672 0.30188719426401645 0.013944878409600837
leaf_weight=4.881793668260797 1.0566346156410862 41.356697582174093 1.1316945459693659 7.4845362271880722 4.237503421492872 9.7700670687481761 1048.8844690992846 4.1548056425526729 1.1370115927420554 6.2427031751722089 18.582404664019123 11.850832495372744 0.28381328075192769 7.5415143116842955
leaf_count=454 650 1540 14 978 236 216 33855 116 112 72 4319 1357 35 607
internal_value=-6.13872e-05 -1.46469e-05 0.00805939 -0.000319569 -0.000103085 0.0243802 -0.000413853 -0.000222201 0.0465906 -0.000448768 -0.0151833 -0.0220574 -0.00302922 0.0243881
internal_weight=1168.6 1167.54 42.4884 1125.05 1117.57 14.0076 1103.56 1098.68 5.29182 1093.39 44.5013 38.2586 19.6762 7.82533
internal_count=44561 43911 1554 42357 41379 452 40927 40473 228 40245 6390 6318 1999 642
is_linear=0
shrinkage=0.05


Tree=158
num_leaves=15
num_cat=0
split_feature=2 3 2 2 2 5 1 3 2 0 0 3 4 2
split_gain=1.07166 1.14712 7.57012 5.55422 6.22244 5.0375 6.21313 5.81668 6.88965 10.3349 4.50291 9.21148 6.85402 4.90215
threshold=0.98581488933601624 25.500000000000004 0.60749299719887961 0.65214646464646475 0.65811688311688321 1.5000000000000002 10.500000000000002 19.500000000000004 0.61383572567783107 36.500000000000007 22.500000000000004 18.500000000000004 6.5000000000000009 0.70438540332906541
decision_type=2 2 2 2 2 2 2 2 2 2 2 2 8 2
left_child=1 3 -3 5 -5 7 -7 -1 -9 -10 11 13 -12 -6
right_child=-2 2 -4 4 10 6 -8 8 9 -11 12 -13 -14 -15
leaf_value=-0.056347774604398063 -0.051629911632520835 -0.00045943940301707703 -0.036204345071578367 -0.053871895045037733 0.026905363703951454 0.014884420098141777 0.11221398129816101 -0.0053647031757526713 0.081779344991816605 -0.058691008167253159 0.022080966255952607 -0.035730352390696753 -0.0025555339706435014 -0.005488283627852697
leaf_weight=4.5995314791798583 1.0065760446013872 739.47375120228389 15.114774629240854 5.7168757438193998 13.391718773404135 95.250765387667343 1.6684073954820622 41.208950195461512 5.4169453084468833 1.7268417999148367 41.937729974975809 23.928432451561093 86.37761491665151 91.319736548583023
leaf_count=50 650 24683 499 185 808 3121 9 362 32 18 1866 1215 3538 7525
internal_value=-6.0875e-05 -1.64e-05 -0.00117543 0.00210359 -0.00227868 0.00978417 0.0165599 -0.00261751 0.00249356 0.047824 -0.0011308 -0.00774138 0.0054965 -0.00134541
internal_weight=1168.14 1167.13 754.589 412.544 262.672 149.871 96.9192 52.9523 48.3527 7.14379 256.955 128.64 128.315 104.711
internal_count=44561 43911 25182 18729 15137 3592 3130 462 412 50 14952 9548 5404 8333
is_linear=0
shrinkage=0.05


Tree=159
num_leaves=15
num_cat=0
split_feature=4 2 2 2 0 1 3 7 3 1 1 2 3 2
split_gain=1.08683 2.47537 3.04555 6.70473 4.50799 3.83797 3.00281 3.96707 3.20194 3.14532 7.97418 9.71643 3.46582 3.62843
threshold=18.500000000000004 0.94058823529411772 0.70087719298245621 0.54870335230866552 24.500000000000004 11.500000000000002 40.500000000000007 1.0000000180025095e-35 45.500000000000007 -17.499999999999996 -18.499999999999996 0.44115384615384617 36.500000000000007 0.27435167615433276
decision_type=10 2 2 2 2 2 2 2 2 2 2 2 2 2
left_child=-1 2 3 4 6 -4 7 9 -8 10 12 -12 -2 -14
right_child=1 -3 5 -5 -6 -7 8 -9 -10 -11 11 -13 13 -15
leaf_value=-0.00045382027799079603 -0.050767477191870816 -0.053970257805188396 0.024762204803450694 -0.033295430395748365 0.10126118005225637 0.14863657235918776 -0.031856544889693771 0.059017031118745733 0.0074401837069868332 -0.013897073016779532 0.079396768447192748 0.53442612909536735 -0.052547338097256646 0.1814640759673212
leaf_weight=1095.0603688310075 1.1162335309199991 1.6884505433845323 8.9872636902146006 10.453263359144328 1.3372396826744068 0.67204306274652559 6.3145278915762892 5.8924028323963276 28.945746979210526 5.9728184258565298 0.37451357394456763 0.17083368450403214 0.26965597085654724 0.42946255626156926
leaf_count=42252 87 77 410 320 6 4 222 153 718 241 16 11 12 32
internal_value=-6.09842e-05 0.00586235 0.00728652 0.00317318 0.010674 0.0333807 0.00822608 0.0276168 0.000402794 0.00541457 0.0542751 0.221938 0.00390776 0.0912039
internal_weight=1167.68 72.6245 70.936 61.2767 50.8234 9.65931 49.4862 14.2259 35.2603 8.33352 2.3607 0.545347 1.81535 0.699119
internal_count=44561 2309 2232 1818 1498 414 1492 552 940 399 158 27 131 44
is_linear=0
shrinkage=0.05


Tree=160
num_leaves=15
num_cat=0
split_feature=2 3 0 6 2 0 1 2 5 4 2 2 3 1
split_gain=1.07908 3.71367 6.88062 5.18017 4.13763 9.51122 11.1428 8.66112 6.38805 5.78517 3.90839 14.7979 4.28867 4.84297
threshold=0.30456349206349215 33.500000000000007 21.500000000000004 1.0000000180025095e-35 0.41801075268817212 17.500000000000004 -13.499999999999998 0.41048534798534803 1.5000000000000002 10.500000000000002 0.32109164420485181 0.31503759398496245 43.500000000000007 12.500000000000002
decision_type=2 2 2 2 2 2 2 2 2 10 2 2 2 2
left_child=-1 3 -3 4 5 6 -2 8 9 -8 11 -4 -12 -14
right_child=1 2 10 -5 -6 -7 7 -9 -10 -11 12 -13 13 -15
leaf_value=0.0022208871385261913 -0.050435476171221676 -0.019498881110768123 -0.010295722121598566 -0.016014597586829393 0.0010391241846513584 0.001494227847908863 0.037049205611386492 0.15275042080174761 -0.024887988073968997 0.18839197453095263 0.0035802859544771942 0.11343991103805406 -0.024741400009883712 0.042395960782702094
leaf_weight=358.95975778647698 1.8010941797401772 71.042513430118561 7.7753779506310803 42.605475778982509 544.22437322721817 21.677998779341578 1.6682707145810129 3.0741523606702685 1.9324947870336471 1.0159964859485624 76.907546542584896 3.5057724071666598 28.325877012684945 2.967510823160409
leaf_count=13388 344 4132 125 2423 21844 380 34 45 171 10 1109 43 482 31
internal_value=-6.0475e-05 -0.00107333 -0.00717634 0.000808181 0.00205384 0.0197706 0.0615104 0.0877264 0.0444289 0.0943325 0.000150491 0.0281568 -0.00276948 -0.0183749
internal_weight=1167.48 808.524 190.525 618 575.394 31.17 9.49201 7.69091 4.61676 2.68427 119.482 11.2812 108.201 31.2934
internal_count=44561 31173 5922 25251 22828 984 604 260 215 44 1790 168 1622 513
is_linear=0
shrinkage=0.05


Tree=161
num_leaves=15
num_cat=0
split_feature=1 4 0 0 1 3 3 4 8 4 1 0 4 1
split_gain=1.07506 1.32324 1.2777 1.1693 1.17108 3.15803 5.44755 3.82421 5.07554 3.54597 4.00191 3.43985 3.36971 8.42866
threshold=34.500000000000007 15.500000000000002 56.500000000000007 54.500000000000007 5.5000000000000009 26.500000000000004 27.500000000000004 15.500000000000002 1.0000000180025095e-35 4.5000000000000009 17.500000000000004 25.500000000000004 8.5000000000000018 8.5000000000000018
decision_type=2 10 2 2 2 2 2 10 2 10 2 2 8 2
left_child=2 -2 3 4 -1 12 -7 8 9 10 -8 -9 13 -6
right_child=1 -3 -4 -5 5 6 7 11 -10 -11 -12 -13 -14 -15
leaf_value=-0.00093837690124507183 -0.051168857654349809 0.045200716787655838 0.049091536765442104 -0.036954917520089815 0.038587348890207158 -0.039335868075615246 0.01103236975707755 0.091129718377927479 -0.026185455569953022 -0.0044996785424929586 0.091499262801986808 0.014320929748142631 0.00084581546704867022 0.0032104416388311742
leaf_weight=851.38194105989533 1.9516080573084758 0.43573342263698567 1.3243234967812885 2.1422012625262132 25.4601125594927 9.4992411695420724 35.175800431519747 1.9747192338109005 18.821310588158667 72.312992878258228 1.6161496937274922 5.5670464783906937 89.849104575929232 49.710043454659171
leaf_count=37987 224 3 13 30 661 124 329 15 476 785 10 47 2527 1330
internal_value=-6.12314e-05 -0.0335797 7.4649e-06 -4.84032e-05 1.96726e-05 0.00265097 -0.00273345 -0.000166829 -0.00220659 0.00192992 0.014567 0.0344324 0.00738111 0.0151926
internal_weight=1167.22 2.38734 1164.83 1163.51 1161.37 309.987 144.967 135.468 127.926 109.105 36.792 7.54177 165.019 75.1702
internal_count=44561 227 44334 44321 44291 6304 1786 1662 1600 1124 339 62 4518 1991
is_linear=0
shrinkage=0.05


Tree=162
num_leaves=15
num_cat=0
split_feature=4 3 2 4 3 3 2 2 3 2 2 3 8 0
split_gain=1.04683 2.5833 1.1456 2.85481 2.31228 2.43614 2.27898 3.72099 2.43649 3.13836 2.36219 1.9861 1.84975 2.14772
threshold=1.0000000180025095e-35 76.500000000000014 0.017700501253132835 16.500000000000004 56.500000000000007 69.500000000000014 0.031024531024531028 0.03883861236802414 66.500000000000014 0.042555331991951717 0.066348973607038134 48.500000000000007 1.0000000180025095e-35 1.5000000000000002
decision_type=10 2 2 10 2 2 2 2 2 2 2 2 2 2
left_child=-1 2 3 -2 -5 -6 11 -8 9 12 -11 -4 13 -9
right_child=1 -3 6 4 5 -7 7 8 -10 10 -12 -13 -14 -15
leaf_value=-0.057201768490494735 -0.050891186724785702 0.059094314347660229 -0.058207654369011964 0.066848913667070436 -0.052700918627348881 0.045589289281511416 -0.051212972920579108 0.17923449431165081 -0.050561584454076505 -0.032874073981462873 1.4134011219165788e-05 0.018828303618905029 -0.050909818411853415 0.050218570740408447
leaf_weight=0.80096041405340557 3.7066659152042112 1.8451501727104176 0.87059049308300274 1.237556014209986 1.6768473684787752 1.0101836547255514 3.5772028753999612 0.41690959036350195 2.390602965373545 5.4865012590307733 1120.5506311231002 21.472649995237589 0.319502364960499 1.4256211858009917
leaf_count=40 352 16 20 18 39 21 412 3 479 708 41813 528 30 82
internal_value=-5.99349e-05 -2.0682e-05 -0.000114379 -0.0194234 0.010297 -0.0157489 1.30326e-05 -0.000298498 -0.000137404 -3.0557e-05 -0.00014611 0.0158266 0.0601524 0.079411
internal_weight=1166.79 1165.99 1164.14 7.63125 3.92459 2.68703 1156.51 1134.17 1130.59 1128.2 1126.04 22.3432 2.16203 1.84253
internal_count=44561 44521 44505 430 78 60 44075 43527 43115 42636 42521 548 115 85
is_linear=0
shrinkage=0.05


Tree=163
num_leaves=15
num_cat=0
split_feature=8 3 0 2 1 3 2 2 0 4 2 4 3 2
split_gain=1.03146 3.06031 3.30246 2.21357 10.0704 3.83129 2.1744 2.9125 2.21893 2.29101 4.2894 5.79753 3.42408 4.86094
threshold=1.0000000180025095e-35 42.500000000000007 8.5000000000000018 0.19526143790849676 -13.499999999999998 39.500000000000007 0.37377450980392163 0.37807318467695833 6.5000000000000009 17.500000000000004 0.12588028169014087 14.500000000000002 43.500000000000007 0.15601757944557135
decision_type=2 2 2 2 2 2 2 2 2 10 2 10 2 2
left_child=-1 3 6 4 5 -2 8 -8 -3 10 11 -10 13 -12
right_child=1 2 -4 -5 -6 -7 7 -9 9 -11 12 -13 -14 -15
leaf_value=0.0010264691322480295 0.19289609572206234 -0.014924844192397547 -0.033680369585735899 -0.00095266068913628279 0.351171020849884 -0.051172384613155431 0.15626027189429259 -0.050821593160334515 -0.050998508552634075 -0.010095345285799931 -0.050740656597375117 0.20412327699604471 -0.050603514280047404 0.40704728010883917
leaf_weight=761.29100213220227 0.19942311663180567 16.201178211660597 15.22188013338018 367.12606140883872 0.24776159226894279 0.83002063119783998 0.46885444363579054 0.26619522948749363 0.3113217918435105 2.3409442394040525 0.12349744141101815 0.78212390281260014 0.91297792340628803 0.10931513656396419
leaf_count=22128 6 1501 1367 19023 7 84 18 68 51 94 9 38 145 22
internal_value=-5.81927e-05 -0.00209635 -0.0158574 -0.00072406 0.064986 -0.00389161 -0.00324845 0.0812664 -0.00623779 0.0244904 0.060647 0.131486 -0.00695573 0.16421
internal_weight=1166.43 405.142 36.7383 368.403 1.27721 1.02944 21.5164 0.73505 20.7814 4.58018 2.23924 1.09345 1.14579 0.232813
internal_count=44561 22433 3313 19120 97 90 1946 86 1860 359 265 89 176 31
is_linear=0
shrinkage=0.05


Tree=164
num_leaves=15
num_cat=0
split_feature=4 2 1 4 5 0 2 0 1 3 2 6 4 3
split_gain=1.03773 2.62585 2.91564 4.59562 4.39999 3.44908 2.83084 2.43675 3.939 2.27818 4.83619 11.7712 6.78897 5.90746
threshold=12.500000000000002 0.97162977867203237 24.500000000000004 13.500000000000002 1.5000000000000002 44.500000000000007 0.68496240601503777 51.500000000000007 30.500000000000004 43.500000000000007 0.30456349206349215 1.0000000180025095e-35 4.5000000000000009 34.500000000000007
decision_type=10 2 2 8 2 2 2 2 2 2 2 2 10 2
left_child=7 2 5 4 -4 -2 -5 8 9 10 11 13 -13 -1
right_child=1 -3 3 6 -6 -7 -8 -9 -10 -11 -12 12 -14 -15
leaf_value=0.066943953384197036 0.0019373740561807473 -0.0511838464605208 0.19655343996743635 0.12027387593967352 0.031169981936515608 -0.056771910318483998 0.0043223316526283546 -0.032045654040789538 0.10434995142481539 -0.0061519818462410988 -0.0012374386130283568 0.040854036037203625 0.17068365070527824 0.0037398579962076711
leaf_weight=3.943453575950115 415.58451930223964 2.3173557709669685 0.74013100564479539 0.57170642167329866 0.88073875801637769 2.5168197415769091 6.6398222865536809 6.3459662832319728 0.8874040829250579 168.65048111375654 493.96026789347525 2.4312849789857855 1.7187457624822853 59.156359623360913
leaf_count=56 15251 352 5 10 23 62 65 283 12 7418 19280 16 15 1713
internal_value=-5.79488e-05 0.00189641 0.00218452 0.0306133 0.106688 0.00158397 0.0135146 -0.00119608 -0.000928177 -0.00105618 0.000475171 0.0130545 0.0946233 0.00768983
internal_weight=1166.35 429.251 426.934 8.8324 1.62087 418.101 7.21153 737.094 730.748 729.861 561.21 67.2498 4.15003 63.0998
internal_count=44561 15768 15416 103 28 15313 75 28793 28510 28498 21080 1800 31 1769
is_linear=0
shrinkage=0.05


Tree=165
num_leaves=15
num_cat=0
split_feature=5 3 1 3 2 2 1 0 4 2 3 3 4 3
split_gain=1.03252 4.30385 4.23524 3.76743 10.5053 8.35566 12.8812 5.80292 7.79041 13.0006 21.2515 4.72574 5.04102 13.0533
threshold=2.5000000000000004 10.500000000000002 26.500000000000004 21.500000000000004 0.5270467836257311 0.65214646464646475 -13.499999999999998 29.500000000000004 14.500000000000002 0.91488933601609668 11.500000000000002 18.500000000000004 16.500000000000004 20.500000000000004
decision_type=2 2 2 2 2 2 2 2 10 2 2 2 10 2
left_child=1 2 -1 5 -5 6 -2 -7 -9 10 -10 -8 13 -13
right_child=3 -3 -4 4 -6 7 11 8 9 -11 -12 12 -14 -15
leaf_value=-0.025683293156413625 0.0091582892807390761 -1.4226522028173739e-05 0.026673225706673388 0.028165455797466793 -0.034488353242999363 9.1403589245914315e-05 -0.052405091755181037 0.018294528315864256 0.63401998042866803 0.013032106024644712 0.066278361203258127 0.18230085980887922 0.29074992509473591 -0.014488439770786713
leaf_weight=28.091578050283715 8.1634131046012026 997.2325791673502 4.4783399412699501 10.45149096788373 18.59162985952571 88.793139273882844 0.38660919852554698 4.3546065453556357 0.29196429532021262 0.77738782641245052 0.37851697951555252 2.3342250091955066 0.43808871880173672 1.3187431129626932
leaf_count=3740 244 30801 154 697 1224 7277 12 211 21 50 3 64 16 47
internal_value=-5.71405e-05 -0.000598386 -0.0184843 0.0040328 -0.0119417 0.0083592 0.0465389 0.00325714 0.0517012 0.152175 0.313504 0.114689 0.130479 0.111259
internal_weight=1166.08 1029.8 32.5699 136.28 29.0431 107.237 12.6411 94.5956 5.80248 1.44787 0.670481 4.47767 4.09106 3.65297
internal_count=44561 34695 3894 9866 1921 7945 383 7562 285 74 24 139 127 111
is_linear=0
shrinkage=0.05


Tree=166
num_leaves=15
num_cat=0
split_feature=1 2 2 4 2 1 4 0 6 4 0 3 2 4
split_gain=1.04019 4.13245 5.53737 3.52257 3.17771 5.55491 3.67868 3.70335 4.21935 5.36991 3.31512 5.91041 10.168 4.83529
threshold=-2.4999999999999996 0.26587828859952173 0.16941270263087962 4.5000000000000009 0.3861642743221691 13.500000000000002 18.500000000000004 23.500000000000004 1.0000000180025095e-35 2.5000000000000004 22.500000000000004 48.500000000000007 0.31881313131313133 1.5000000000000002
decision_type=2 2 2 10 2 2 10 2 2 10 2 2 2 8
left_child=3 2 -2 -1 5 6 7 10 9 -9 -3 13 -13 -12
right_child=1 4 -4 -5 -6 -7 -8 8 -10 -11 11 12 -14 -15
leaf_value=-0.011544738460810269 -0.033635629389540143 -0.0076180366181267181 0.020790847339290586 1.7525248345235939e-05 0.0019437979407397031 0.098175726112586431 0.090600851914947322 0.021258676995539644 0.02058998323505391 -0.042752253506435391 0.09941012531256059 -0.055337800446475065 0.11396757582136902 -0.019745853687593289
leaf_weight=77.97551069536712 5.2202881262637666 82.568146992009133 44.600279950071126 424.45270446955692 487.72280642425176 1.2439388558268536 0.93866922706365485 3.8973615802824559 4.4079536423087111 20.564352610148489 0.96774693764745912 1.2309678723104287 3.1719841463491321 7.0813583349809059
leaf_count=5859 179 1399 649 23198 12631 8 5 57 35 366 12 26 27 110
internal_value=-6.06164e-05 0.0012388 0.0150879 -0.00177691 0.000114691 -0.00696137 -0.00800908 -0.00875622 -0.0244395 -0.0325537 -0.00399122 0.0200578 0.0666335 -0.00541969
internal_weight=1166.04 663.616 49.8206 502.428 613.795 126.072 124.829 123.89 28.8697 24.4617 95.0202 12.4521 4.40295 8.04911
internal_count=44561 15504 828 29057 14676 2045 2037 2032 458 423 1574 175 53 122
is_linear=0
shrinkage=0.05


Tree=167
num_leaves=15
num_cat=0
split_feature=3 0 3 2 2 4 2 1 4 4 1 2 2 2
split_gain=1.02136 1.1319 2.26391 3.28016 3.81037 6.34532 2.3396 5.57479 8.45156 2.91962 3.43514 2.18051 4.44478 7.46413
threshold=76.500000000000014 11.500000000000002 5.5000000000000009 0.82305502846299816 0.82025641025641038 16.500000000000004 0.92031746031746042 -9.4999999999999982 15.500000000000002 17.500000000000004 -6.4999999999999991 0.25176056338028174 0.61383572567783107 0.63714733542319768
decision_type=2 2 2 2 2 10 2 2 10 10 2 2 2 2
left_child=1 2 6 4 11 -6 7 -1 -9 10 -8 -4 -13 -14
right_child=-2 -3 3 -5 5 -7 9 8 -10 -11 -12 12 13 -15
leaf_value=-0.050513389476166286 0.033384297032294064 0.00077560006421263596 -5.9871238767951228e-05 -0.050527836737381288 -0.050565588930375577 0.54405343391522265 0.037143545442355978 -0.050352290021899782 0.46649825147357266 -0.054826882429923278 -0.055367715565579616 -0.020477858926689289 0.042177238714841116 -0.0084103809020144495
leaf_weight=0.27452198090031743 2.2783608697354785 872.16383206631872 184.19230011821492 3.6873716290574512 0.096205520676447942 0.084074244368821383 7.4794120094156797 0.13385970122180779 0.19332720758393407 1.3308089519850899 1.1589346828404821 46.053111105342396 9.0535713271237892 37.470179543830454
leaf_count=51 20 24860 8677 709 13 8 194 25 15 39 54 6128 475 3293
internal_value=-6.00934e-05 -0.000125591 -0.00282465 -0.00368027 -0.00305653 0.226738 0.0198905 0.115637 0.255043 0.0141115 0.0247321 -0.00320621 -0.00946622 0.00143402
internal_weight=1165.65 1163.37 291.208 280.637 276.949 0.18028 10.5709 0.601709 0.327187 9.96916 8.63835 276.769 92.5769 46.5238
internal_count=44561 44541 19681 19303 18594 21 378 91 40 287 248 18573 9896 3768
is_linear=0
shrinkage=0.05


Tree=168
num_leaves=15
num_cat=0
split_feature=2 2 4 2 2 5 5 0 4 0 2 4 0 0
split_gain=1.01378 1.09701 3.44287 2.81531 2.12472 1.84568 1.83827 1.69591 1.68565 3.00287 1.37507 1.23026 2.98199 7.49324
threshold=0.98581488933601624 0.98448773448773463 8.5000000000000018 0.97202660406885777 0.96799795186891979 3.5000000000000004 1.5000000000000002 14.500000000000002 3.5000000000000004 37.500000000000007 0.9652147610405325 17.500000000000004 6.5000000000000009 2.5000000000000004
decision_type=2 2 10 2 2 2 2 2 8 2 2 10 2 2
left_child=1 3 -3 4 10 8 -5 -7 9 -6 11 12 13 -1
right_child=-2 2 -4 6 5 7 -8 -9 -10 -11 -12 -13 -14 -15
leaf_value=0.0040075330742245204 -0.05161329843127526 0.071192931429524708 -0.053153074996896969 0.089356318519896907 -0.0506475463145869 0.012192173993010348 -0.051787536819385062 0.065880614819565739 -0.050870519730314312 0.21505943666892335 -0.051724348499916251 0.0046309229795459921 0.00015604302943959041 -0.026562976026603426
leaf_weight=44.229309898801148 0.95282534719444711 1.7867807717993849 0.80858134082518507 0.24645289778709356 0.24615309992805001 2.8815714493393898 3.6065101530402899 3.0045851394534111 1.2035830696113408 0.18720068782567978 1.2895234911702562 124.44747918704525 943.64210673101479 36.658919443027116
leaf_count=2699 650 48 56 1 23 17 570 18 131 5 92 4076 30018 6157
internal_value=-5.98383e-05 -1.76464e-05 0.0324531 -9.01931e-05 5.18038e-05 0.0265372 -0.0427593 0.0395974 -0.0204251 0.0641329 -0.000121419 -6.35035e-05 -0.000633725 -0.00984716
internal_weight=1165.19 1164.24 2.59536 1161.64 1157.79 7.52309 3.85296 5.88616 1.63694 0.433354 1150.27 1148.98 1024.53 80.8882
internal_count=44561 43911 104 43807 43236 194 571 35 159 28 43042 42950 38874 8856
is_linear=0
shrinkage=0.05


Tree=169
num_leaves=15
num_cat=0
split_feature=1 4 0 0 3 2 2 0 1 2 2 3 1 3
split_gain=0.997679 1.19597 1.17401 1.03788 1.01401 7.05822 4.67265 12.6723 4.23657 3.76604 5.92306 4.89365 6.39023 6.19252
threshold=34.500000000000007 15.500000000000002 56.500000000000007 54.500000000000007 25.500000000000004 0.60749299719887961 0.49647887323943668 9.5000000000000018 30.500000000000004 0.65214646464646475 0.65811688311688321 16.500000000000004 -3.4999999999999996 19.500000000000004
decision_type=2 10 2 2 2 2 2 2 2 2 2 2 2 2
left_child=2 -2 3 4 6 -6 7 -1 -7 11 -11 12 -8 -13
right_child=1 -3 -4 -5 5 8 9 -9 -10 10 -12 13 -14 -15
leaf_value=-0.050690476845384705 -0.051091178122406912 0.039722360798613854 0.046616937472752917 -0.035575156022684878 -0.00039185577420908116 -0.041726518126804515 0.24271176834790312 0.2080427294826056 0.081401191129020653 -0.053669056001421335 -0.00090099411722998279 -0.02243451645350153 0.013243091518104076 0.010670951058960907
leaf_weight=0.93412751704454311 1.8291117210756049 0.45216491818428028 1.3494161595590402 2.0520247733220449 736.87086697621271 13.8503845334053 0.50968682393431664 0.95920616947114468 0.73573425784707147 5.4331299159675828 250.83374205321888 15.814777368912472 0.74960629642009624 132.25225898157805
leaf_count=85 224 3 13 30 24683 489 20 32 10 185 15332 410 18 3027
internal_value=-5.80987e-05 -0.0330913 6.73396e-06 -4.74407e-05 1.54646e-05 -0.00107363 0.00202389 0.0803897 -0.0355159 0.00165807 -0.00201973 0.00796976 0.106118 0.00713501
internal_weight=1164.63 2.28128 1162.34 1161 1158.94 751.457 407.487 1.89333 14.5861 405.593 256.267 149.326 1.25929 148.067
internal_count=44561 227 44334 44321 44291 25182 19109 117 499 18992 15517 3475 38 3437
is_linear=0
shrinkage=0.05


Tree=170
num_leaves=15
num_cat=0
split_feature=4 3 3 4 1 2 2 0 2 3 4 0 1 1
split_gain=0.996714 2.38456 1.1022 1.00137 3.07898 5.30849 5.0631 4.91666 4.05622 3.28527 3.02481 3.89348 11.1149 2.85323
threshold=1.0000000180025095e-35 76.500000000000014 70.500000000000014 13.500000000000002 -13.499999999999998 0.62782805429864263 0.01941930618401207 2.5000000000000004 0.65214646464646475 53.500000000000007 12.500000000000002 4.5000000000000009 -17.499999999999996 -19.499999999999996
decision_type=10 2 2 10 2 2 2 2 2 2 8 2 2 2
left_child=-1 2 3 4 5 6 -2 9 13 -6 -10 -12 -13 -7
right_child=1 -3 -4 -5 7 8 -8 -9 10 -11 11 12 -14 -15
leaf_value=-0.056934559793252619 -3.762718833659988e-05 0.05843137600629237 -0.052054878649695914 0.0020634335904508717 0.082302328388014337 0.04649724915694306 -0.050248040930409493 -0.00068115935940302099 -0.038542955640784637 -0.050609176331756538 -0.050560227583023858 0.88450475149491758 -0.050170623602382308 -0.024016320621410275
leaf_weight=0.76976676867343385 8.1206025277497265 1.7422065064311016 1.0202392711653363 374.97264560550684 2.7835625112056728 6.3771166149526834 13.152734396280719 748.46735608839663 4.2669215297792098 0.55815486144274462 0.13958006491884578 0.053442125674337149 0.078569335746578872 1.8510045555885861
leaf_count=40 302 16 136 13348 56 61 4554 24637 1142 55 25 5 24 160
internal_value=-5.81553e-05 -2.05288e-05 -0.000108179 -6.25231e-05 -0.00107694 -0.0157853 -0.0310814 -0.000410982 0.00970303 0.0601026 -0.0282447 0.133549 0.328213 0.0306345
internal_weight=1164.35 1163.58 1161.84 1160.82 785.849 34.04 21.2733 751.809 12.7666 3.34172 4.53851 0.271592 0.132011 8.22812
internal_count=44561 44521 44505 44369 31021 6273 4856 24748 1417 111 1196 54 29 221
is_linear=0
shrinkage=0.05


Tree=171
num_leaves=15
num_cat=0
split_feature=2 3 0 6 2 0 1 2 5 4 3 0 3 2
split_gain=0.970481 3.1274 6.32396 4.75211 3.80424 8.28116 9.1005 6.30517 5.263 4.09942 3.2581 7.25877 6.38741 6.06254
threshold=0.30456349206349215 33.500000000000007 21.500000000000004 1.0000000180025095e-35 0.41801075268817212 17.500000000000004 -13.499999999999998 0.41048534798534803 1.5000000000000002 11.500000000000002 30.500000000000004 20.500000000000004 31.500000000000004 0.44735221674876852
decision_type=2 2 2 2 2 2 2 2 2 8 2 2 2 2
left_child=-1 3 -3 4 5 6 -2 8 9 -8 -6 -12 -13 -14
right_child=1 2 -4 -5 10 -7 7 -9 -10 -11 11 12 13 -15
leaf_value=0.0021065937777908126 -0.050412155867155133 -0.018663082138448008 0.00033886628315077545 -0.015555404219138862 0.0021452430726687658 0.0015325094252025368 0.045145535965207262 0.13035288902905579 -0.024015179037194793 0.17614949775841138 -0.037427288545297581 -0.028366809178419012 -0.017503050898471931 0.037340324316261823
leaf_weight=358.46336764894659 1.6437513974960918 69.340358936751727 118.80927791725844 41.908848526712973 493.15212828069343 21.662686007097363 2.0266444385051714 3.4146780022419989 1.8707346473820505 0.8466271013021468 17.320373599883169 11.147322528064249 7.7719760984182384 14.329981099814175
leaf_count=13388 344 4132 1790 2423 20449 380 37 45 171 7 953 151 91 200
internal_value=-5.75351e-05 -0.00102092 -0.00666408 0.000699654 0.00188402 0.0187874 0.0569194 0.0785438 0.0412522 0.0837467 0.000905823 -0.0111809 0.00249145 0.0180551
internal_weight=1163.71 805.245 188.15 617.096 575.187 31.4651 9.80244 8.15868 4.74401 2.87327 543.722 50.5697 33.2493 22.102
internal_count=44561 31173 5922 25251 22828 984 604 260 215 44 21844 1395 442 291
is_linear=0
shrinkage=0.05


Tree=172
num_leaves=15
num_cat=0
split_feature=8 3 0 2 2 4 0 2 2 3 3 3 2 4
split_gain=0.976624 2.78109 3.07895 2.23741 5.06283 2.94834 4.21298 18.7171 4.06638 2.74602 2.5636 2.14762 2.74838 3.10442
threshold=1.0000000180025095e-35 42.500000000000007 8.5000000000000018 0.12095088819226753 0.12588028169014087 17.500000000000004 1.5000000000000002 0.15831244778613202 0.37377450980392163 55.500000000000007 49.500000000000007 40.500000000000007 0.42179392142327654 18.500000000000004
decision_type=2 2 2 2 2 10 2 2 2 2 2 2 2 8
left_child=-1 11 3 9 10 -6 7 -7 -8 -3 -5 -2 13 -13
right_child=1 2 -4 4 5 6 8 -9 -10 -11 -12 12 -14 -15
leaf_value=0.00099760312431014801 -0.0013846339973912576 -0.03813461593198441 -0.032984429428775351 0.034354546092059901 -0.035058597190096498 0.44143732709544903 -0.018093632654984905 -0.050668838652036988 0.13258274836502712 0.0089792499758526 0.18041660379712965 0.042050247953988679 -0.051896746015128663 -0.051829525938055711
leaf_weight=759.97841817809967 357.4722576434724 6.8443147281650472 14.6277017602697 0.57049441803246537 3.2564499353175052 0.30422381125390519 3.0459561063908045 0.52958279754966497 0.52494147792458523 5.6424277325277217 0.63455181382596493 7.8385170075343895 1.1122472196584556 0.99204526725225228
leaf_count=22128 18467 498 1367 12 706 11 246 42 10 411 10 513 79 61
internal_value=-5.78504e-05 -0.00204627 -0.0153127 -0.00320687 0.0160006 0.00101572 0.0276859 0.128882 0.00405662 -0.0168451 0.111268 -0.0007471 0.022174 0.0315036
internal_weight=1163.37 403.396 35.9806 21.3529 8.8662 7.66115 4.4047 0.833807 3.5709 12.4867 1.20505 367.415 9.94281 8.83056
internal_count=44561 22433 3313 1946 1037 1015 309 53 256 909 22 19120 653 574
is_linear=0
shrinkage=0.05


Tree=173
num_leaves=15
num_cat=0
split_feature=2 5 1 1 2 0 3 4 4 1 3 2 2 2
split_gain=0.961241 1.06559 2.96672 3.12807 4.40594 3.51808 5.14093 3.8594 4.5802 4.68845 6.40277 4.51823 11.6512 3.14742
threshold=0.98581488933601624 3.5000000000000004 11.500000000000002 -7.4999999999999991 0.96459899749373446 4.5000000000000009 33.500000000000007 7.5000000000000009 16.500000000000004 -17.499999999999996 13.500000000000002 0.65811688311688321 0.64051282051282066 0.82497911445279881
decision_type=2 2 2 2 2 2 2 10 10 2 2 2 2 2
left_child=1 -1 3 5 -5 -3 7 -7 9 -9 13 12 -12 -11
right_child=-2 2 -4 4 -6 6 -8 8 -10 10 11 -13 -14 -15
leaf_value=-0.00031141821131213337 -0.051539401414541067 -0.0099018234808551705 0.088217129227664448 -0.026281361703172246 0.02183507178374066 -0.015126727202064087 0.22654785155246532 0.25171950597290377 -0.0070315834011312299 0.12442302067127678 -0.051269285035063984 -0.052089858832853941 0.39769057998734142 0.032883810629142217
leaf_weight=1120.1923255038564 0.90600631380220775 6.8869083641329807 1.1161542888730753 12.748951663728805 7.5901261316612354 3.620005646022034 0.3376558097079404 0.32891317643224915 2.9388156523928046 2.8766033814754346 0.41694773454219136 1.669217823538929 0.22116053849458694 1.3941295256372539
leaf_count=42357 650 312 14 557 108 219 4 13 106 49 25 85 4 58
internal_value=-5.78967e-05 -1.77685e-05 0.00778718 0.00559918 -0.0083253 0.0192873 0.0338505 0.0290186 0.0452495 0.0674943 0.0582828 -0.00882947 0.104335 0.0945411
internal_weight=1163.24 1162.34 42.1456 41.0294 20.3391 20.6904 13.8034 13.4658 9.84579 6.90697 6.57806 2.30733 0.638108 4.27073
internal_count=44561 43911 1554 1540 665 875 563 559 340 234 221 114 29 107
is_linear=0
shrinkage=0.05


Tree=174
num_leaves=15
num_cat=0
split_feature=4 3 2 4 2 2 3 2 2 3 3 2 4 3
split_gain=0.948462 2.23486 1.05881 2.70471 2.04523 3.51037 2.27646 2.71967 2.10714 1.94071 2.29735 1.90102 5.22361 2.82055
threshold=1.0000000180025095e-35 76.500000000000014 0.017700501253132835 16.500000000000004 0.031024531024531028 0.03883861236802414 66.500000000000014 0.042555331991951717 0.066348973607038134 56.500000000000007 69.500000000000014 0.027973395931142415 14.500000000000002 54.500000000000007
decision_type=10 2 2 10 2 2 2 2 2 2 2 2 10 2
left_child=-1 2 3 -2 11 -6 7 -7 -9 -5 -11 13 -13 -4
right_child=1 -3 4 9 5 6 -8 8 -10 10 -12 12 -14 -15
leaf_value=-0.056623155678202475 -0.050853736931082916 0.057923852949999126 0.017762197180185017 0.058941093285874782 -0.051179436039330742 0.054923878434510166 -0.050542974134705591 -0.031873791078023662 1.1144826838533634e-05 -0.052593500020698895 0.042728349369488376 -0.050449139753426089 0.11170441319960929 -0.035371084677252349
leaf_weight=0.74057932116556813 3.5073307064594692 1.6616441309452046 17.314975502900786 1.3198338747024538 3.3772006884682915 2.247207887703552 2.2346010557957916 5.20573248527944 1117.4112811310624 1.6136555522680285 1.0391436815261839 0.73910238605458234 1.5140860974788664 2.9187349315034217
leaf_count=40 352 16 238 18 412 115 479 708 41813 39 21 126 48 136
internal_value=-5.71001e-05 -2.1052e-05 -0.000104024 -0.0188551 1.76258e-05 -0.000279382 -0.000126867 -2.67123e-05 -0.00013671 0.00939567 -0.0152544 0.014949 0.058514 0.0100977
internal_weight=1162.85 1162.1 1160.44 7.47996 1152.96 1130.48 1127.1 1124.86 1122.62 3.97263 2.6528 22.4869 2.25319 20.2337
internal_count=44561 44521 44505 430 44075 43527 43115 42636 42521 78 60 548 174 374
is_linear=0
shrinkage=0.05


Tree=175
num_leaves=15
num_cat=0
split_feature=1 4 0 8 3 0 1 3 2 4 2 4 3 0
split_gain=0.938815 1.12703 1.02871 1.00825 2.55115 2.8762 2.45331 3.86757 5.50654 3.31874 3.06544 3.71549 3.64225 4.37613
threshold=34.500000000000007 15.500000000000002 56.500000000000007 1.0000000180025095e-35 42.500000000000007 8.5000000000000018 16.500000000000004 37.500000000000007 0.49647887323943668 12.500000000000002 0.58951465201465214 7.5000000000000009 12.500000000000002 40.500000000000007
decision_type=2 10 2 2 2 2 2 2 2 8 2 10 2 2
left_child=2 -2 3 6 -5 -6 -1 8 -8 10 -10 -12 13 -13
right_child=1 -3 -4 4 5 -7 7 -9 9 -11 11 12 -14 -15
leaf_value=0.00048079681925280207 -0.051040706952040951 0.036870510643475282 0.043047374956148431 -0.00083251337273068508 -0.0032416896284310978 -0.032325578567295489 0.1379037891495036 -0.039114811504971092 0.03641249872699772 0.08094999880257378 0.023633837206138295 -0.052445207237898875 -0.041756086493449217 0.20515944278554843
leaf_weight=732.34021112867049 1.7432750037114595 0.4609815478324889 1.3865908384323109 364.33775274918298 21.221989634184865 14.181050378712824 0.98970559239388123 2.8573454432189456 7.8971332907676759 1.8887811907334242 6.5827345837024023 0.31594820873578999 5.9613533280789852 0.34475926298182458
leaf_count=21706 224 3 13 18950 1946 1367 6 38 74 39 92 40 57 6
internal_value=-5.56755e-05 -0.0326556 6.25532e-06 -4.52413e-05 -0.00207765 -0.0148915 0.00102491 0.0158726 0.0224245 0.0174533 0.0117699 -0.00296762 -0.0294111 0.0819737
internal_weight=1162.51 2.20426 1160.31 1158.92 399.741 35.403 759.178 26.8378 23.9804 22.9907 21.1019 13.2048 6.62206 0.660707
internal_count=44561 227 44334 44321 22263 3313 22058 352 314 308 269 195 103 46
is_linear=0
shrinkage=0.05


Tree=176
num_leaves=15
num_cat=0
split_feature=4 5 1 0 1 2 3 3 5 2 2 4 2 4
split_gain=0.913417 2.33432 2.25647 4.0795 4.00917 2.91926 5.32784 2.77926 2.59823 2.72237 4.7084 4.54487 3.36152 2.35786
threshold=13.500000000000002 4.5000000000000009 -13.499999999999998 2.5000000000000004 -17.499999999999996 0.62782805429864263 51.500000000000007 53.500000000000007 4.5000000000000009 0.7685439560439562 0.8293800539083559 7.5000000000000009 0.98448773448773463 9.5000000000000018
decision_type=10 2 2 2 2 2 2 2 2 2 2 10 2 8
left_child=2 -2 4 7 5 6 -1 -4 -5 -10 11 -11 -12 -8
right_child=1 -3 3 8 -6 -7 13 -9 9 10 12 -13 -14 -15
leaf_value=-0.051096464164158334 0.0024657524742782294 -0.029657939797135099 0.072695872544148929 -0.0010317411156732248 -0.038136528986641757 0.020132054804560869 0.028832222677652921 -0.050546455330940515 -0.052543954565872068 0.0037069278007268169 -0.04934628556104869 0.10984670612027728 0.038722907543855954 -0.025779700025173061
leaf_weight=6.1844256471376893 369.80718054476893 5.7430433386471114 2.9424540970940138 738.17300397643703 11.17453866326832 9.2573322613025066 5.6255839052027996 0.5416681459173559 1.0133853228762735 1.5933909118175487 2.0463866353966296 2.7479110471904278 2.3027015540283173 3.0469100723275924
leaf_count=1519 13218 165 57 24504 3940 520 276 60 40 21 50 19 29 143
internal_value=-5.42076e-05 0.00197451 -0.00102272 -0.000442377 -0.0133794 -0.0019069 -0.0156394 0.0535357 -0.000693843 0.0250103 0.0340539 0.0708902 -0.0027165 0.0096454
internal_weight=1162.2 375.55 786.65 751.361 35.2888 24.1143 14.8569 3.48412 747.877 9.70378 8.69039 4.3413 4.34909 8.67249
internal_count=44561 13383 31178 24780 6398 2458 1938 117 24663 159 119 40 79 419
is_linear=0
shrinkage=0.05


Tree=177
num_leaves=15
num_cat=0
split_feature=2 2 5 5 2 3 2 2 2 2 2 5 0 2
split_gain=0.931287 0.96849 3.2365 3.71957 3.40117 2.94679 2.77711 4.36108 4.14341 2.68419 3.94871 7.21304 4.89125 8.7667
threshold=0.98581488933601624 0.95199692780337952 2.5000000000000004 1.5000000000000002 0.95744466800804839 3.5000000000000004 0.93142633228840133 0.94312668463611871 0.8293800539083559 0.89564428312159727 0.90430402930402942 2.5000000000000004 29.500000000000004 0.90070422535211281
decision_type=2 2 2 2 2 2 2 2 2 2 2 2 2 2
left_child=1 5 3 -3 -4 -1 8 -8 -7 -10 11 -11 13 -13
right_child=-2 2 4 -5 -6 6 7 -9 9 10 -12 12 -14 -15
leaf_value=-0.035953828327646278 -0.051548241020947398 0.060534918489469229 0.042633876627481138 -0.035465888690106973 0.0044733718365584227 0.00023998506480029682 0.051592083071896479 -0.050860477057916902 -0.032414239140586158 -0.031968343733352965 -0.019492727170597565 -0.051003342575410483 0.28626531663759947 0.15669462289832678
leaf_weight=5.7556977001950136 0.87732378757209417 1.1948958784341801 8.4268668452277797 6.484814667259343 19.013787569361739 1081.8632157999964 5.4265507524833074 1.2845762241631744 16.127461321419108 2.0574978291988364 10.758003003895281 0.88022465305402953 0.29548168694600452 1.2016149944392962
leaf_count=506 650 5 109 736 774 36784 180 123 2950 224 1298 110 13 99
internal_value=-5.29331e-05 -1.40124e-05 0.00816247 -0.020529 0.0161922 -0.000269119 -8.57176e-05 0.0319816 -0.000279044 -0.0182073 -0.00312643 0.036575 0.0958972 0.0688776
internal_weight=1161.65 1160.77 35.1204 7.67971 27.4407 1125.65 1119.89 6.71113 1113.18 31.3203 15.1928 4.43482 2.37732 2.08184
internal_count=44561 43911 1624 741 883 42287 41781 303 41478 4694 1744 446 222 209
is_linear=0
shrinkage=0.05


Tree=178
num_leaves=15
num_cat=0
split_feature=1 4 1 2 0 5 2 2 0 3 3 0 4 0
split_gain=0.932295 3.68376 5.05448 2.48621 2.58297 2.44091 3.28543 10.32 8.7063 16.4343 7.52384 12.1542 7.46154 10.1099
threshold=-5.4999999999999991 4.5000000000000009 -11.499999999999998 0.96799795186891979 5.5000000000000009 3.5000000000000004 0.50352112676056349 0.49038105808361082 14.500000000000002 27.500000000000004 24.500000000000004 9.5000000000000018 17.500000000000004 4.5000000000000009
decision_type=2 10 2 2 2 2 2 2 2 2 2 2 10 2
left_child=1 2 -1 -4 -5 6 7 10 12 -10 11 -3 -9 -14
right_child=-2 5 3 4 -6 -7 -8 8 9 -11 -12 -13 13 -15
leaf_value=0.0074931736675964457 0.00091054913718280068 -0.050705002950451911 -0.028318191759901658 0.13632863465062603 -0.055833489080730971 0.015977590364316722 -0.01068884532543652 -0.019459890002606582 0.57806000118376433 0.09577246232063294 -0.00030910505043055118 0.28339703973927499 -0.050864756509460131 0.35046572690001304
leaf_weight=16.810082817130024 794.10771660209866 0.50066585722379275 32.08146965270862 0.46498749556485464 0.28028313460526988 21.831661422271281 71.397782820102293 1.6054630946600807 0.2384624583646654 0.68128506327047944 220.06091496726731 0.59656981006264687 0.27048182580620039 0.37376053631305695
leaf_count=2562 20008 41 2192 4 30 845 6458 203 13 41 12100 19 19 26
internal_value=-5.27966e-05 -0.00213617 -0.0148033 -0.0262209 0.0640599 -0.000156194 -0.00134726 0.00162593 0.0912095 0.220815 0.000342099 0.130947 0.0382228 0.181969
internal_weight=1161.3 367.194 49.6368 32.8267 0.745271 317.557 295.725 224.328 3.16945 0.919748 221.158 1.09724 2.24971 0.644242
internal_count=44561 24553 4788 2226 34 19765 18920 12462 302 54 12160 60 248 45
is_linear=0
shrinkage=0.05


Tree=179
num_leaves=15
num_cat=0
split_feature=2 3 4 0 2 1 2 2 2 2 3 1 3 2
split_gain=0.9295 3.16975 6.22329 2.83698 5.38012 3.91138 6.73261 3.35366 8.21442 6.01451 6.18228 4.72924 7.09369 19.4447
threshold=0.30456349206349215 34.500000000000007 11.500000000000002 14.500000000000002 0.36055555555555557 -6.4999999999999991 0.36523199023199027 0.61383572567783107 0.54465709728867628 0.63714733542319768 20.500000000000004 -7.4999999999999991 35.500000000000007 0.43760810476896467
decision_type=2 2 10 2 2 2 2 2 2 2 2 2 2 2
left_child=1 2 -1 4 -2 7 -7 8 11 -9 -11 -6 13 -13
right_child=3 -3 -4 -5 5 6 -8 9 -10 10 -12 12 -14 -15
leaf_value=0.07407877089244598 -0.05060153702023356 0.0015065882094664725 -0.055734227459851127 0.00039048193616461981 -0.0033842702812587676 0.3396090348060119 -0.024893802362398184 0.041569056629532891 -0.046605767303833354 0.0046713586317197577 -0.051969282744646308 0.43221412057511099 -0.050946341360429241 0.0095278567729425653
leaf_weight=3.7154429384972891 6.849113254225812 353.15610222570831 1.2285424778237937 658.83896268103854 29.216745188285131 0.12733022868633526 24.961713105265517 9.9715174019802344 12.337749192374757 53.548192483722232 5.2939006338128811 0.40714126266539341 0.6866697585210203 0.82022610772401094
leaf_count=51 1152 13292 45 17970 3699 3 1480 540 1329 4375 538 11 40 36
internal_value=-5.52815e-05 0.00206318 0.0418212 -0.000999945 -0.00735181 -0.00519544 -0.0230439 -0.00120727 -0.0120796 0.00566064 -0.000424482 0.00160377 0.0777435 0.149741
internal_weight=1161.16 358.1 4.94399 803.059 144.22 137.371 25.089 112.282 43.4685 68.8136 58.8421 31.1308 1.91404 1.22737
internal_count=44561 13388 96 31173 13203 12051 1483 10568 5115 5453 4913 3786 87 47
is_linear=0
shrinkage=0.05


Tree=180
num_leaves=15
num_cat=0
split_feature=2 5 4 2 4 5 5 0 0 2 2 3 2 5
split_gain=0.909303 2.45108 2.23538 1.7638 1.68411 1.78229 1.63736 1.61534 4.21643 1.28629 1.10582 2.74233 2.58576 2.93322
threshold=0.97202660406885777 4.5000000000000009 8.5000000000000018 0.96799795186891979 15.500000000000002 3.5000000000000004 1.5000000000000002 37.500000000000007 38.500000000000007 0.9652147610405325 0.95199692780337952 3.5000000000000004 0.95744466800804839 2.5000000000000004
decision_type=2 2 10 2 10 2 2 2 2 2 2 2 2 2
left_child=3 6 -3 9 5 7 -2 -5 -9 10 11 -1 13 -12
right_child=1 2 -4 4 -6 -7 -8 8 -10 -11 12 -13 -14 -15
leaf_value=-0.035281963068806536 0.083935113749791734 0.044826605443649262 -0.053630839607343488 -0.050622134927444773 -0.019926329035803363 0.052149185402531273 -0.050393797419397146 0.27927934386699671 -0.05128426026942861 -0.05166676998316392 -0.051880752977331461 -8.5290203419334415e-05 -0.0054459533488845635 0.039574492780609816
leaf_weight=5.5617220038548103 0.24084185063838859 2.0762088857591157 0.79809843818657089 0.92089095152914413 1.6746496693231163 4.468844186514616 3.9058205993787851 0.15082016866654158 0.26767231384292245 1.208272456191479 0.97561907954514282 1119.211233095295 10.657644153572617 8.6500789113342744
leaf_count=506 1 18 30 116 29 24 1276 5 20 92 51 41781 503 109
internal_value=-5.62924e-05 -0.0179957 0.0174883 5.28755e-05 0.0242491 0.0369859 -0.0425919 -0.0136062 0.0678473 -0.000105079 -5.06705e-05 -0.000259329 0.0115201 0.030305
internal_weight=1160.77 7.02097 2.87431 1153.75 7.48288 5.80823 4.14666 1.33938 0.418492 1146.26 1145.06 1124.77 20.2833 9.6257
internal_count=44561 1325 48 43236 194 165 1277 141 25 43042 42950 42287 663 160
is_linear=0
shrinkage=0.05


Tree=181
num_leaves=15
num_cat=0
split_feature=4 3 3 4 2 2 2 0 8 2 0 4 2 2
split_gain=0.890908 2.10933 1.04944 0.948781 2.22655 2.80756 8.33288 3.98559 3.35793 2.63966 3.36207 3.68363 2.29431 4.05801
threshold=1.0000000180025095e-35 76.500000000000014 70.500000000000014 18.500000000000004 0.94058823529411772 0.68496240601503777 0.56710977701543752 24.500000000000004 1.0000000180025095e-35 0.72653958944281538 23.500000000000004 19.500000000000004 0.7685439560439562 0.79277813923227081
decision_type=10 2 2 10 2 2 2 2 2 2 2 10 2 2
left_child=-1 2 3 -2 5 6 7 -5 12 -10 11 -11 -7 -14
right_child=1 -3 -4 4 -6 8 -8 -9 9 10 -12 -13 13 -15
leaf_value=-0.056208521987725191 -0.00042573257533695251 0.057547006867467276 -0.05210462340882558 0.0071102331783617191 -0.053704562490958244 -0.027747162315947038 -0.048037871262455394 0.094794996854493344 0.099009963189536865 -0.051036484222072687 0.08762581518360818 0.16392624799831484 0.12978950416230445 0.0024386243920915852
leaf_weight=0.70590668031945725 1084.6614367300353 1.5890458114445198 0.96926032897317682 50.716351507697254 1.5547264865599562 2.9166100583970529 7.2004023054614654 1.3299216777086247 2.3037032894790173 1.3963089836761358 1.2931963019073007 0.23247243929654349 0.81783379614353213 2.6602983106859028
leaf_count=40 42064 16 136 1523 77 97 256 6 30 87 23 14 33 159
internal_value=-5.45234e-05 -2.03408e-05 -9.93331e-05 -5.57695e-05 0.00548517 0.00678371 0.00237622 0.00935081 0.0292553 0.058988 0.0274345 -0.0203553 0.00495814 0.0323834
internal_weight=1160.35 1159.64 1158.05 1157.08 72.4218 70.8671 59.2467 52.0463 11.6204 5.22568 2.92198 1.62878 6.39474 3.47813
internal_count=44561 44521 44505 44369 2305 2228 1785 1529 443 154 124 101 289 192
is_linear=0
shrinkage=0.05


Tree=182
num_leaves=15
num_cat=0
split_feature=2 5 3 1 3 2 2 1 2 1 7 3 3 0
split_gain=0.88066 0.930816 3.50251 3.85353 2.98944 9.32741 6.23415 9.70368 5.53987 5.23784 4.57371 3.94567 3.94719 5.3601
threshold=0.98581488933601624 2.5000000000000004 10.500000000000002 19.500000000000004 21.500000000000004 0.5270467836257311 0.65214646464646475 -14.499999999999998 0.64850506548060305 5.5000000000000009 1.0000000180025095e-35 18.500000000000004 15.500000000000002 7.5000000000000009
decision_type=2 2 2 2 2 2 2 2 2 2 2 2 2 2
left_child=1 2 3 -1 6 -6 7 8 -3 11 -9 12 -8 -14
right_child=-2 4 -4 -5 5 -7 9 10 -10 -11 -12 -13 13 -15
leaf_value=-0.0294820937968454 -0.051616192704007358 -0.033106321067138129 -1.4205856657111469e-05 0.0080870818646947614 0.026244055230433105 -0.033174171452878431 -0.0030322036312611178 0.052621099108777061 0.051858234203586255 0.035572483315343371 0.14479707120985172 -0.037233833810182269 -0.023522317487246355 0.04826516138865846
leaf_weight=20.722417500102896 0.82748518191510712 4.4363455423153937 993.62112248042831 10.177908995770848 10.643309409904761 17.406845769030042 62.498163557029329 3.3248738520778698 3.3803554982878268 10.973823490552602 2.2608958650380373 6.9560568828601381 3.6534555179532608 9.0199905318440852
leaf_count=3223 650 167 30801 358 697 1224 5145 111 54 593 51 513 430 544
internal_value=-5.30751e-05 -1.62632e-05 -0.000529756 -0.0171076 0.00389357 -0.0106286 0.0077183 0.0396015 0.00363685 0.00312854 0.0899302 -0.00120659 0.00212722 0.0275705
internal_weight=1159.9 1159.08 1024.52 30.9003 134.554 28.0502 106.504 13.4025 7.8167 93.1015 5.58577 82.1277 75.1716 12.6734
internal_count=44561 43911 34382 3581 9529 1921 7608 383 221 7225 162 6632 6119 974
is_linear=0
shrinkage=0.05


Tree=183
num_leaves=15
num_cat=0
split_feature=1 5 0 3 4 4 2 3 2 3 2 3 3 3
split_gain=0.880624 3.31722 3.03492 3.93141 3.15109 3.71912 2.84408 3.375 2.83282 4.03963 3.91362 4.62476 6.6757 6.36496
threshold=-7.4999999999999991 3.5000000000000004 4.5000000000000009 33.500000000000007 7.5000000000000009 16.500000000000004 0.77442071785552036 16.500000000000004 0.14093535572408813 42.500000000000007 0.12095088819226753 49.500000000000007 43.500000000000007 61.500000000000007
decision_type=2 2 2 2 10 8 2 2 2 2 2 2 2 2
left_child=1 8 -3 4 -4 -6 7 -7 10 -10 -1 12 -12 -13
right_child=-2 2 3 -5 5 6 -8 -9 9 -11 11 13 -14 -15
leaf_value=-0.0033648401867405185 0.00073639911966852498 -0.010527974578191455 -0.014921642901241417 0.18864133579216111 0.05930013232553194 0.14100414381554119 -0.066600598027147337 -0.011409238015737778 -0.0030143086110507328 -0.020111065290569385 0.039594439395514686 0.056822385694166283 -0.02874818301107912 -0.0513053005386091
leaf_weight=67.798043068585685 872.85620576015208 6.86680559976958 3.5486995147075477 0.38011012598872262 7.1654801638796899 0.51376570668071631 1.2020165612921117 1.2395406104624269 123.69701000337955 47.941225563641638 6.2420524586923447 10.284494064748285 8.3570041207130981 1.5685923132696178
leaf_count=4771 23296 315 220 4 234 16 41 49 11763 3074 90 289 263 136
internal_value=-5.34092e-05 -0.0024571 0.016715 0.0300301 0.0256196 0.0398348 -0.007361 0.033252 -0.00396529 -0.0077897 0.0029993 0.0193109 0.000472762 0.0425132
internal_weight=1159.66 286.805 20.9164 14.0496 13.6695 10.1208 2.95532 1.75331 265.888 171.638 94.2502 26.4521 14.5991 11.8531
internal_count=44561 21265 879 564 560 340 106 65 20386 14837 5549 778 353 425
is_linear=0
shrinkage=0.05


Tree=184
num_leaves=15
num_cat=0
split_feature=2 3 0 6 2 2 0 1 2 5 4 2 2 3
split_gain=0.877434 2.8336 5.72246 4.19029 3.43748 3.31452 7.05026 7.45871 4.49815 4.42284 3.18169 3.17499 10.3107 3.5289
threshold=0.30456349206349215 33.500000000000007 21.500000000000004 1.0000000180025095e-35 0.3861642743221691 0.41801075268817212 17.500000000000004 -13.499999999999998 0.41048534798534803 1.5000000000000002 10.500000000000002 0.32109164420485181 0.31503759398496245 43.500000000000007
decision_type=2 2 2 2 2 2 2 2 2 2 10 2 2 2
left_child=-1 3 -3 5 -5 6 7 -2 9 10 -9 12 -4 -13
right_child=1 2 11 4 -6 -7 -8 8 -10 -11 -12 13 -14 -15
leaf_value=0.0020049066500762579 -0.050391771316952029 -0.017945237758944476 -0.0091623783331472135 0.19616221813822404 -0.015795942375023433 0.00084668585457415939 0.0013585288199580291 0.031595287320118591 0.11084549281156414 -0.023421014587498058 0.13513952015615735 0.003221946559437236 0.089945104468070608 -0.016976288950822777
leaf_weight=358.04383199790027 1.5180275901220763 67.904172210837714 7.591925027780233 0.19218811113387246 40.690009977814043 541.8409725772799 21.724552169442177 1.7715889010578378 3.763754989951849 1.8274114390369502 1.276451990008354 77.167940560728312 4.0106933638453484 30.044144748710096
leaf_count=13388 344 4132 125 2 2421 21844 380 34 45 171 10 1109 43 513
internal_value=-5.28902e-05 -0.000972346 -0.00636669 0.000666473 -0.0147995 0.00176855 0.0174358 0.0518224 0.0697828 0.0380833 0.0749573 0.000250601 0.0250962 -0.00243822
internal_weight=1159.37 801.324 186.719 614.605 40.8822 573.723 31.8818 10.1572 8.63921 4.87545 3.04804 118.815 11.6026 107.212
internal_count=44561 31173 5922 25251 2423 22828 984 604 260 215 44 1790 168 1622
is_linear=0
shrinkage=0.05


Tree=185
num_leaves=15
num_cat=0
split_feature=4 5 3 4 2 5 1 1 1 5 0 3 2 4
split_gain=0.886135 2.18378 2.16706 4.36435 5.02609 6.17238 8.45238 4.38441 7.41593 8.16188 5.12386 5.90199 5.12345 7.26101
threshold=13.500000000000002 4.5000000000000009 43.500000000000007 7.5000000000000009 0.30456349206349215 1.5000000000000002 -9.4999999999999982 5.5000000000000009 8.5000000000000018 1.5000000000000002 25.500000000000004 41.500000000000007 0.61383572567783107 6.5000000000000009
decision_type=10 2 2 8 2 2 2 2 2 2 2 2 2 10
left_child=2 -2 3 4 5 -1 -7 -6 9 -9 11 -10 -11 -14
right_child=1 -3 -4 -5 7 6 -8 8 10 12 -12 -13 13 -15
leaf_value=0.015827132796372753 0.0024177047538605605 -0.028984443124208222 -0.0058703127696205825 -0.0042657159642538805 -0.0032185145119020273 -0.050385422794049464 0.16220107766766945 0.0082431129532660446 0.024564309870364395 0.12321541005215915 -0.0016810787853721435 0.22432169031335858 0.028767232326936471 0.13540829948306113
leaf_weight=39.870060921879485 369.23798981064465 5.6207100085448465 177.36830330002704 273.69546119039296 171.10884110516054 0.65847477456554804 1.6127696577459563 24.710838533937931 1.2294513164088119 2.2809481248259571 76.901644225086784 0.5288194566965102 12.398490019404559 1.8320661281468353
leaf_count=838 13218 165 8040 10659 8989 167 43 251 67 16 1599 4 443 62
internal_value=-5.27614e-05 0.00194685 -0.00100861 0.000412405 0.00425586 0.0203943 0.100568 0.00191869 0.00925106 0.0264296 0.00024852 0.0846436 0.0536472 0.0424964
internal_weight=1159.05 374.859 784.196 606.828 333.132 42.1413 2.27124 290.991 119.882 41.2223 78.6599 1.75827 16.5115 14.2306
internal_count=44561 13383 31178 23138 12479 1048 210 11431 2442 772 1670 71 521 505
is_linear=0
shrinkage=0.05


Tree=186
num_leaves=15
num_cat=0
split_feature=8 3 4 3 2 4 3 3 2 3 2 1 5 3
split_gain=0.861915 2.32656 2.76628 1.95946 3.89382 5.59776 1.9059 1.89056 3.45728 1.83471 2.45595 2.92524 3.28387 3.12764
threshold=1.0000000180025095e-35 42.500000000000007 14.500000000000002 43.500000000000007 0.18719676549865233 12.500000000000002 76.500000000000014 44.500000000000007 0.37377450980392163 40.500000000000007 0.42179392142327654 -6.4999999999999991 2.5000000000000004 41.500000000000007
decision_type=2 2 10 2 2 10 2 2 2 2 2 2 2 2
left_child=-1 9 3 4 5 -3 -5 -4 -9 -2 11 12 -11 -13
right_child=1 2 7 6 -6 -7 -8 8 -10 10 -12 13 -14 -15
leaf_value=0.00093767356589983262 -0.0013537337704518321 -0.050391369182059602 -0.042209325028267637 -0.050625302170312775 -0.010685492042152115 0.52509313427978965 0.02324075443172019 -0.0027238123861547314 0.12494274054014239 -0.014297400430573162 -0.051830790383549888 0.11723797097923716 0.11830340389998613 0.028098624235266097
leaf_weight=758.52879073625081 355.40911441401113 0.082306610653175905 2.9408986200578537 8.6100023454928269 1.2394120128010397 0.086838239338248968 0.97184392064809877 20.21445475239307 0.54458487126976152 4.0980684547103001 1.0587680898024689 1.4713273076340545 0.52694879379123438 2.9713522596284747
leaf_count=22128 18467 12 235 1470 155 8 10 1406 17 475 79 36 16 47
internal_value=-5.28686e-05 -0.0019302 -0.0143049 -0.0350388 0.0200254 0.24506 -0.0431334 -0.00468996 0.000625344 -0.0007558 0.0202299 0.0286439 0.000810399 0.0576198
internal_weight=1158.75 400.226 34.6903 10.9904 1.40856 0.169145 9.58185 23.6999 20.759 365.536 10.1265 9.0677 4.62502 4.44268
internal_count=44561 22433 3313 1655 175 20 1480 1658 1423 19120 653 574 491 83
is_linear=0
shrinkage=0.05


Tree=187
num_leaves=15
num_cat=0
split_feature=1 4 0 0 1 2 2 4 2 2 3 1 3 2
split_gain=0.860232 1.0883 0.905906 0.981767 0.912466 3.36661 4.93524 3.19219 3.78436 13.0244 6.02082 4.05714 2.99103 2.94882
threshold=34.500000000000007 15.500000000000002 56.500000000000007 54.500000000000007 -2.4999999999999996 0.26587828859952173 0.16941270263087962 2.5000000000000004 0.41403940886699514 0.41048534798534803 43.500000000000007 -20.499999999999996 51.500000000000007 0.17694497153700192
decision_type=2 10 2 2 2 2 2 10 2 2 2 2 2 2
left_child=2 -2 3 4 7 6 -6 8 9 10 -1 -10 -7 -8
right_child=1 -3 -4 -5 5 12 13 -9 11 -11 -12 -13 -14 -15
leaf_value=0.016734770337339815 -0.050994501055739938 0.035635034302893727 0.03990861193475171 -0.034918994624026256 -0.0330725900753071 0.00058399673472288804 0.080923755688924515 -0.00046081232864449465 0.061771354834736683 0.36599590316757796 -0.037351490195575453 -0.041006449213810754 -0.032422884303827774 0.016237301651011064
leaf_weight=12.16909449367086 1.647481516527477 0.46483139693737019 1.4206539673032228 2.0143614746630183 5.0889195590279988 599.24008715015952 1.8358207261189807 459.15135841170559 1.0271990034962062 0.2377820962574323 8.9148930271912814 14.721184307156362 6.9431129917502394 43.706759361550212
leaf_count=417 224 3 13 30 179 14244 26 26248 33 9 957 1393 162 623
internal_value=-5.215e-05 -0.031931 6.07715e-06 -4.3001e-05 1.79276e-05 0.0012405 0.0136266 -0.0016003 -0.0157141 -0.00198437 -0.0061344 -0.0343027 0.000205942 0.0188448
internal_weight=1158.58 2.11231 1156.47 1155.05 1153.04 656.815 50.6315 496.222 37.0702 21.3218 21.084 15.7484 606.183 45.5426
internal_count=44561 227 44334 44321 44291 15234 828 29057 2809 1383 1374 1426 14406 649
is_linear=0
shrinkage=0.05


Tree=188
num_leaves=15
num_cat=0
split_feature=2 5 3 1 2 3 2 2 1 2 1 3 2 1
split_gain=0.834184 0.87683 3.21823 3.61432 3.56311 2.78199 8.3882 5.4136 7.67071 4.98461 4.53409 3.68838 4.01578 3.48944
threshold=0.98581488933601624 2.5000000000000004 10.500000000000002 25.500000000000004 0.87119815668202782 21.500000000000004 0.5270467836257311 0.65214646464646475 -14.499999999999998 0.64850506548060305 5.5000000000000009 18.500000000000004 0.73412171140047844 -19.499999999999996
decision_type=2 2 2 2 2 2 2 2 2 2 2 2 2 2
left_child=1 2 3 -1 -5 7 -7 8 9 -3 11 -9 -13 -11
right_child=-2 5 -4 4 -6 6 -8 10 -10 13 -12 12 -14 -15
leaf_value=-0.025075027387185197 -0.051538869486806249 -0.03215892136010863 -2.4984474667261107e-05 0.15040942880314911 0.007024829615900118 0.023847883620098171 -0.032439115220101129 0.0021947337542994045 0.078981592763345293 0.074538347256362436 0.032879899486605926 -0.043811757651782482 0.17104752443517043 -0.051618795396632611
leaf_weight=24.412647663964893 0.78615794246434134 4.2913848967291415 992.68287784504355 0.47028344869613548 5.5058476799167693 10.902742447622588 16.846351365791634 75.038096590898931 6.0307668116874975 2.7028369829058652 11.251544170081614 6.4560620901174834 0.22505172877572466 0.68754481943324197
leaf_count=3425 650 167 30801 3 153 697 1224 6119 162 18 593 496 17 36
internal_value=-5.17646e-05 -1.67954e-05 -0.00051564 -0.0165434 0.0183083 0.00377957 -0.0103237 0.00744793 0.0367757 0.00364089 0.00312229 -0.000974902 -0.0365743 0.0489546
internal_weight=1158.29 1157.5 1023.07 30.3888 5.97613 134.432 27.7491 106.683 13.7125 7.68177 92.9708 81.7192 6.68111 3.39038
internal_count=44561 43911 34382 3581 156 9529 1921 7608 383 221 7225 6632 513 54
is_linear=0
shrinkage=0.05


Tree=189
num_leaves=15
num_cat=0
split_feature=4 3 3 4 3 1 5 2 2 0 1 5 2 2
split_gain=0.822326 1.9987 0.991313 0.877605 2.13027 2.31618 3.49193 4.69902 2.84939 3.40574 2.80875 2.66909 4.80209 4.0482
threshold=1.0000000180025095e-35 76.500000000000014 70.500000000000014 18.500000000000004 68.500000000000014 -6.4999999999999991 2.5000000000000004 0.7076149425287358 0.56710977701543752 8.5000000000000018 -7.4999999999999991 1.5000000000000002 0.28035087719298252 0.36969439728353143
decision_type=10 2 2 10 2 2 2 2 2 2 2 2 2 2
left_child=-1 2 3 -2 5 10 7 8 9 -7 -5 -11 -13 -14
right_child=1 -3 -4 4 -6 6 -8 -9 -10 11 -12 12 13 -15
leaf_value=-0.055686829680117712 -0.00040989943656138223 0.057212932168618946 -0.052018594358366123 0.00043333414083503142 0.072047000484298726 -0.033536450111706126 -0.011431812622571966 0.093698070103779285 -0.021197491639595348 0.06227873204392978 -0.047807972012632358 -0.064693859638495096 0.14834121168583939 0.020436311049983263
leaf_weight=0.66379458314622652 1082.5297873194795 1.5234580561518658 0.91849407798144866 38.812427464377834 1.1752695012837637 1.945502214133749 8.7145313774235529 2.3003651775652534 3.7158061265945426 5.8147094063460809 3.2716121985577038 1.4460792876780031 0.72080310527235258 4.3640539944171906
leaf_count=40 42064 16 136 1744 24 13 270 36 40 30 72 12 12 52
internal_value=-5.14975e-05 -1.95854e-05 -9.50281e-05 -5.373e-05 0.0052805 0.00417695 0.0150437 0.0264052 0.0178086 0.0279505 -0.00331694 0.03764 0.0157033 0.0385674
internal_weight=1157.92 1157.25 1155.73 1154.81 72.2812 71.1059 29.0219 20.3073 18.007 14.2911 42.084 12.3456 6.53094 5.08486
internal_count=44561 44521 44505 44369 2305 2281 465 195 159 119 1816 106 76 64
is_linear=0
shrinkage=0.05


Tree=190
num_leaves=15
num_cat=0
split_feature=3 2 2 1 3 1 3 2 0 2 3 1 0 3
split_gain=0.820523 6.4266 4.06099 3.82244 3.73788 4.00043 3.95811 7.96794 13.1803 9.58699 9.57681 8.3551 9.217 8.56375
threshold=25.500000000000004 0.60749299719887961 0.64400921658986188 30.500000000000004 16.500000000000004 -3.4999999999999996 19.500000000000004 0.61383572567783107 26.500000000000004 0.63269088213491487 22.500000000000004 -10.499999999999998 27.500000000000004 24.500000000000004
decision_type=2 2 2 2 2 2 2 2 2 2 2 2 2 2
left_child=2 -2 4 -3 5 -1 -6 11 9 10 -9 -8 13 -13
right_child=1 3 -4 -5 6 -7 7 8 -10 -11 -12 12 -14 -15
leaf_value=0.18204050586271137 -0.00039605130851408794 -0.041043586581498481 -0.0017845143992414423 0.072578313124024588 -0.017556316629226954 0.012367714193200912 -0.05061673817685626 0.051706539126658603 0.077785769488208145 -0.035494162764098162 -0.057341376715348828 0.0050906152025736876 -0.011607744370029361 0.049102269804441531
leaf_weight=0.64081321656703949 733.78668734242092 13.164911836385723 272.44013146180077 0.78431226685643274 13.702958251582457 0.75869308225810417 6.7089547198265782 12.194338517030703 10.582190461456774 7.6156271446961901 2.4115462894551447 28.648360439110547 35.9916059859097 17.995445275679231
leaf_count=20 24683 489 16084 10 372 18 855 383 82 222 70 714 312 247
internal_value=-4.97401e-05 -0.00103516 0.00174878 -0.0346551 0.00876231 0.0900584 0.00792481 0.0107834 0.0318586 0.00998741 0.0337019 0.00304539 0.00740208 0.0220706
internal_weight=1157.43 747.736 409.691 13.9492 137.251 1.39951 135.851 122.148 32.8037 22.2215 14.6059 89.3444 82.6354 46.6438
internal_count=44561 25182 19379 499 3295 38 3257 2885 757 675 453 2128 1273 961
is_linear=0
shrinkage=0.05


Tree=191
num_leaves=15
num_cat=0
split_feature=1 4 3 2 1 2 5 1 2 1 0 2 0 3
split_gain=0.810058 1.02493 0.829713 6.00993 3.46998 3.46603 3.59022 6.36581 11.8608 4.81819 6.78223 3.9058 5.35085 3.50388
threshold=34.500000000000007 15.500000000000002 25.500000000000004 0.60749299719887961 30.500000000000004 0.64400921658986188 1.5000000000000002 5.5000000000000009 0.64051282051282066 15.500000000000002 36.500000000000007 0.57043650793650802 29.500000000000004 20.500000000000004
decision_type=2 10 2 2 2 2 2 2 2 2 2 2 2 2
left_child=2 -2 5 -4 -5 6 9 -8 11 -1 -11 -9 -13 -7
right_child=1 -3 3 4 -6 13 7 8 -10 10 -12 12 -14 -15
leaf_value=-0.0075458304307904848 -0.050946409794972461 0.033000184757136258 -0.00037637573114352075 -0.040515670532099306 0.064883360797885398 0.0010936240001545318 0.0092058241080148224 0.072730577655516007 0.18437583189403098 0.093852347215940657 -0.014847088077716225 -0.026532659664432398 0.067959321610349455 -0.014116294284495923
leaf_weight=45.898690488189459 1.5700455827463877 0.47318936884403218 733.54550258273957 12.681927873520177 0.83213522657752115 224.45527074139682 74.53811919526197 3.4953624308109248 1.4223230406641967 2.9528314918279639 2.7917648404836655 4.192975252866745 2.3311741873621941 45.548710664035752
leaf_count=410 224 3 24683 489 10 14692 2775 15 12 13 19 30 21 1165
internal_value=-5.06932e-05 -0.0315054 4.96627e-06 -0.00098508 -0.0340257 0.00181943 0.00827736 0.0145362 0.049261 -0.00214284 0.0410265 0.0300807 0.00723071 -0.00147224
internal_weight=1156.73 2.04323 1154.69 747.06 13.5141 407.627 137.623 85.98 11.4418 51.6433 5.7446 10.0195 6.52415 270.004
internal_count=44561 227 44334 25182 499 19152 3295 2853 78 442 32 66 51 15857
is_linear=0
shrinkage=0.05


Tree=192
num_leaves=15
num_cat=0
split_feature=4 1 0 1 3 2 3 3 2 2 1 4 5 2
split_gain=0.792631 2.07951 3.73706 3.64849 2.46004 2.33244 5.02484 2.34498 2.24266 3.81671 11.2586 14.9406 2.15056 2.56274
threshold=13.500000000000002 -13.499999999999998 2.5000000000000004 -17.499999999999996 53.500000000000007 0.62782805429864263 51.500000000000007 52.500000000000007 0.083920187793427234 0.086963097398669101 -7.4999999999999991 10.500000000000002 4.5000000000000009 0.7685439560439562
decision_type=10 2 2 2 2 2 2 2 2 2 2 10 2 2
left_child=1 3 4 5 -3 6 -1 -8 -4 10 -10 -12 -11 -14
right_child=-2 2 8 -5 -6 -7 7 -9 9 12 11 -13 13 -15
leaf_value=-0.051057024317346371 0.0018404864756240487 0.068525412335709524 -0.050407150036999915 -0.037525897700614964 -0.050514722701720284 0.017870446599800163 0.031397926373362472 -0.022126752055355626 -0.050378504758396371 -0.00090558512799066276 -0.050347388099901857 0.78665213079102536 -0.052614123622797396 0.03177131545804035
leaf_weight=5.6826674443436813 374.76934199180687 2.9827761325286697 2.2578264254843807 10.520645386743125 0.5079076102701946 9.0084433704614622 5.046146701090036 3.4421715846692678 0.33485653589013964 731.86024812146206 0.096352762775494649 0.11936591565608978 1.0050606769509602 8.5845345328561944
leaf_count=1519 13383 57 379 3940 60 520 56 363 83 24018 18 6 40 119
internal_value=-4.99147e-05 -0.000956518 -0.000408951 -0.0131061 0.0512046 -0.00202251 -0.0146684 0.00969267 -0.000651027 -0.000499624 0.131097 0.412798 -0.000597343 0.0229271
internal_weight=1156.22 781.449 747.749 33.7001 3.49068 23.1794 14.171 8.48832 744.258 742 0.550575 0.215719 741.45 9.5896
internal_count=44561 31178 24780 6398 117 2458 1938 419 24663 24284 107 24 24177 159
is_linear=0
shrinkage=0.05


Tree=193
num_leaves=15
num_cat=0
split_feature=2 5 4 2 3 2 2 5 2 2 2 5 3 4
split_gain=0.845331 2.23921 2.06546 1.60757 2.47202 2.63866 4.60147 3.40932 3.20514 2.95967 3.06847 5.62551 3.02535 12.8512
threshold=0.97202660406885777 4.5000000000000009 8.5000000000000018 0.95199692780337952 3.5000000000000004 0.94058823529411772 0.94312668463611871 2.5000000000000004 0.8293800539083559 0.89564428312159727 0.90430402930402942 2.5000000000000004 5.5000000000000009 15.500000000000002
decision_type=2 2 10 2 2 2 2 2 2 2 2 2 2 10
left_child=3 -2 -3 4 -1 8 7 -7 -6 -10 11 -11 13 -13
right_child=1 2 -4 -5 5 6 -8 -9 9 10 -12 12 -14 -15
leaf_value=-0.034362730258038834 -0.042384707592454079 0.042863205923968015 -0.05364651679017917 0.011709853816278447 0.0002079435855988829 0.098118285703955352 -0.050817998755195652 0.0055969992374671406 -0.031637186147534267 -0.031019759617242383 -0.014504055661245591 -0.050317638588997737 0.059193562214784029 0.53345340943360997
leaf_weight=5.2849961374886325 3.875998478208202 2.0209977440536027 0.7639521057717501 28.831349049462005 1077.8316248914925 2.429595118854194 1.2069855327717958 1.687091735191643 15.400896126637237 1.9367133175255755 11.935078457463531 0.21019611996598575 2.2532615980599076 0.1709476076066494
leaf_count=506 1277 18 30 949 36784 25 123 62 2950 224 1391 47 166 9
internal_value=-5.0564e-05 -0.0178113 0.0163892 5.23818e-05 -0.000247615 -8.59216e-05 0.035031 0.0602014 -0.000254386 -0.015872 -0.00116252 0.0336719 0.0812307 0.211511
internal_weight=1155.84 6.66095 2.78495 1149.18 1120.35 1115.06 5.32367 4.11669 1109.74 31.9071 16.5062 4.57112 2.63441 0.381144
internal_count=44561 1325 48 43236 42287 41781 210 87 41571 4787 1837 446 222 56
is_linear=0
shrinkage=0.05


Tree=194
num_leaves=15
num_cat=0
split_feature=1 2 2 4 2 2 3 1 3 4 4 3 4 2
split_gain=0.807396 3.07091 4.46839 2.92646 3.7168 8.71047 5.56167 3.54469 2.74627 2.6717 4.62908 4.16458 4.7683 5.97814
threshold=-2.4999999999999996 0.26587828859952173 0.16941270263087962 2.5000000000000004 0.41403940886699514 0.41048534798534803 43.500000000000007 -20.499999999999996 51.500000000000007 16.500000000000004 9.5000000000000018 52.500000000000007 8.5000000000000018 0.24217986314760512
decision_type=2 2 2 10 2 2 2 2 2 10 10 2 10 2
left_child=3 2 -2 4 5 6 -1 -6 -3 10 11 -4 -13 -14
right_child=1 8 9 -5 7 -7 -8 -9 -10 -11 -12 12 13 -15
leaf_value=0.015827338354549959 -0.032356869526737296 0.00046206138072133076 0.024665978485975511 -0.00049519971455370504 0.057293424525687878 0.25801294786065659 -0.036636408675640435 -0.040574724460607281 -0.031634464161070776 -0.01501797000156059 0.045845463085552818 -0.029318028496511068 0.18012550734718963 -0.054639338765279669
leaf_weight=12.320991913235053 4.9316371870227149 603.0560854174546 17.399149224162105 458.31925171986222 0.98998342489357938 0.31793456454761226 8.5619454866391589 14.138415991241343 6.7389579988084725 5.4898584634065619 13.667314800433813 8.4137088367715442 0.64147457759827442 0.46974142640829086
leaf_count=417 179 14514 170 26248 33 9 957 1393 162 34 194 228 14 9
internal_value=-5.03153e-05 0.00109321 0.0128779 -0.00157797 -0.0152379 -0.00172819 -0.00568265 -0.0341704 0.000107357 0.0177189 0.0221465 0.0101163 -0.0164614 0.080884
internal_weight=1155.46 660.808 51.0129 494.649 36.3293 21.2009 20.8829 15.1284 609.795 46.0812 40.5914 26.9241 9.52492 1.11122
internal_count=44561 15504 828 29057 2809 1383 1374 1426 14676 649 615 421 251 23
is_linear=0
shrinkage=0.05


Tree=195
num_leaves=15
num_cat=0
split_feature=3 2 4 2 2 3 2 2 3 3 3 2 4 3
split_gain=0.830425 0.936467 2.52314 1.71302 3.29572 2.11541 2.36088 1.90708 1.77435 1.65521 2.18652 1.43165 3.88377 2.84019
threshold=76.500000000000014 0.017700501253132835 16.500000000000004 0.031024531024531028 0.03883861236802414 66.500000000000014 0.042555331991951717 0.066348973607038134 48.500000000000007 56.500000000000007 69.500000000000014 0.027973395931142415 14.500000000000002 54.500000000000007
decision_type=2 2 10 2 2 2 2 2 2 2 2 2 10 2
left_child=1 2 -1 8 -5 6 -6 -8 -3 -4 -11 13 -13 -10
right_child=-2 3 9 4 5 -7 7 -9 11 10 -12 12 -14 -15
leaf_value=-0.050809183275638714 0.033085806619579855 -0.0581253855243275 0.052476893725018271 -0.051153261589695381 0.050166590781638577 -0.050531853194106927 -0.031001592636403036 5.0702319201878481e-06 0.019701811329079399 -0.052508604800734694 0.04041958249090543 -0.050411324287178538 0.092992455339615143 -0.034663601455513234
leaf_weight=3.2436341162538147 1.8876657597720612 0.83056637691334145 1.3950494751334188 3.1728060219611498 2.3376940189627922 2.0772829477500627 4.9812832142924881 1110.7906311579573 16.714559279149405 1.5645093377679589 1.0631307922303674 0.65368004946503733 1.7000860897824166 2.8056357101304448
leaf_count=360 20 20 18 413 115 479 708 41835 223 39 21 126 48 136
internal_value=-5.03744e-05 -0.000104609 -0.0179977 8.8381e-06 -0.000265979 -0.000121846 -2.81919e-05 -0.000133357 0.0136061 0.00845926 -0.0149103 0.0163297 0.0531668 0.0118879
internal_weight=1155.22 1153.33 7.26632 1146.06 1123.36 1120.19 1118.11 1115.77 22.7045 4.02269 2.62764 21.874 2.35377 19.5202
internal_count=44561 44541 438 44103 43550 43137 42658 42543 553 78 60 533 174 359
is_linear=0
shrinkage=0.05


Tree=196
num_leaves=15
num_cat=0
split_feature=2 5 3 2 3 1 2 2 0 4 2 2 3 2
split_gain=0.806946 0.790233 3.00236 5.81938 3.71716 3.84316 2.93362 2.78127 5.08717 8.34971 2.64452 2.34924 3.87581 8.14944
threshold=0.98581488933601624 2.5000000000000004 3.5000000000000004 0.94058823529411772 10.500000000000002 25.500000000000004 0.94312668463611871 0.81280323450134784 26.500000000000004 15.500000000000002 0.87119815668202782 0.8293800539083559 11.500000000000002 0.82497911445279881
decision_type=2 2 2 2 2 2 2 2 2 10 2 2 2 2
left_child=1 2 -1 4 5 -4 -5 -6 -9 11 -7 12 13 -10
right_child=-2 -3 3 6 7 10 -8 8 9 -11 -12 -13 -14 -15
leaf_value=-0.028352244760885111 -0.051660975203022055 0.0035928894587081111 -0.033771085510901043 0.09124907973067109 -0.00015582621407816239 0.13470990999878507 -0.050663022377400668 -0.050440586227847452 -0.050301980630422433 0.3945101334215988 0.0075385178706427122 -0.050212765767717694 0.061978147475755974 0.7753407493358635
leaf_weight=9.5777905844151956 0.75683661183575068 134.11003342573531 14.40597255760804 2.480368461925536 988.31781412739656 0.50389748811721746 0.42683942057192314 0.74304726743139271 0.059011704754084127 0.2195154447108506 2.166069369064644 0.34804769977927208 0.77380496938712895 0.060556584037840366
leaf_count=1010 650 9529 2398 25 30493 3 54 128 10 6 91 99 55 10
internal_value=-4.9194e-05 -1.53507e-05 -0.000489725 -0.000225638 -0.000429452 -0.0235593 0.0704134 -3.07094e-05 0.0560746 0.110249 0.0315393 0.0599846 0.102916 0.367853
internal_weight=1154.95 1154.19 1020.08 1010.5 1007.6 17.0759 2.90721 990.522 2.20398 1.46094 2.66997 1.24142 0.893373 0.119568
internal_count=44561 43911 34382 33372 33293 2492 79 30801 308 180 94 174 75 20
is_linear=0
shrinkage=0.05


Tree=197
num_leaves=15
num_cat=0
split_feature=2 1 4 1 0 0 2 4 2 2 2 2 3 4
split_gain=0.76639 0.777286 3.25053 4.58359 2.3655 4.02732 12.0505 41.8945 6.41742 3.41091 2.35172 3.16106 6.52919 6.07834
threshold=0.98581488933601624 -5.4999999999999991 4.5000000000000009 -11.499999999999998 10.500000000000002 8.5000000000000018 0.7685439560439562 3.5000000000000004 0.41403940886699514 0.41048534798534803 0.12588028169014087 0.21498599439775914 54.500000000000007 3.5000000000000004
decision_type=2 2 10 2 2 2 2 10 2 2 2 2 2 10
left_child=1 2 3 4 5 -1 8 -8 9 -7 -3 13 -13 -12
right_child=-2 10 -4 -5 -6 6 7 -9 -10 -11 11 12 -14 -15
leaf_value=0.0052220790489507386 -0.051583701429255981 -0.039065213518523795 -9.1053364708147333e-05 -0.02525968853845123 -0.052220150807479451 -0.050131006578739493 -0.05022996911513742 1.5045538014566364 -0.050256137207027089 0.28679515912977993 -0.041621634289823711 0.00069667655357688455 -0.053967838979316111 0.020754211422565075
leaf_weight=13.461639845598254 0.72097654466051508 3.6708773553837082 315.09057819267036 31.414557725773193 1.5096826517255983 0.10156805629958465 0.13277938135433931 0.064312424743548036 0.7633044651011005 0.28844433650374413 4.3533523418009272 739.62302364280913 5.5031071896664789 37.976387885399163
leaf_count=2088 650 185 19726 2211 162 55 44 14 195 4 156 18212 210 649
internal_value=-4.91193e-05 -1.69211e-05 -0.00193312 -0.0140919 0.00740276 0.0134797 0.0957962 0.457107 0.0340514 0.199052 0.000861885 0.00104801 0.000292953 0.0143392
internal_weight=1154.67 1153.95 362.827 47.7363 16.3217 14.812 1.35041 0.197092 1.15332 0.390012 791.127 787.456 745.126 42.3297
internal_count=44561 43911 24499 4773 2562 2400 312 58 254 59 19412 19227 18422 805
is_linear=0
shrinkage=0.05


Tree=198
num_leaves=15
num_cat=0
split_feature=4 3 3 0 3 2 2 6 2 2 2 1 2 2
split_gain=0.767682 1.88138 0.932027 0.780704 1.8932 3.01218 2.65775 3.89536 2.01979 5.96584 4.5127 4.48957 2.99678 7.13781
threshold=1.0000000180025095e-35 76.500000000000014 70.500000000000014 11.500000000000002 5.5000000000000009 0.82305502846299816 0.82025641025641038 1.0000000180025095e-35 0.28035087719298252 0.27435167615433276 0.36523199023199027 -8.4999999999999982 0.7685439560439562 0.7723285486443382
decision_type=10 2 2 2 2 2 2 2 2 2 2 2 2 2
left_child=-1 2 3 4 -2 6 8 -8 9 -6 -10 -12 -13 -14
right_child=1 -3 -4 -5 5 -7 7 -9 10 -11 11 12 13 -15
leaf_value=-0.055328424725398388 0.018757818850931141 0.056866795222358525 -0.052064142487808454 0.00068836830613687363 -0.00033515499450261616 -0.05055315703888711 0.36294221632467411 -0.050611340413296062 -0.044349677391675314 0.13714617839774085 -7.4321352210308454e-05 -0.046012207942784517 0.1178023486040837 -0.051225231235609049
leaf_weight=0.62781587525387195 10.256813008832976 1.4514127746224392 0.86209957912797008 867.63192250707652 183.89229637960671 3.3068967578001311 0.12073870678432186 0.10776164149865508 8.1829997618915495 0.79248684621415932 65.050969774893019 9.6163786272518319 1.0189496283419424 1.6137726705055682
leaf_count=40 378 16 136 24849 8840 709 11 10 1579 77 7156 583 10 167
internal_value=-5.37364e-05 -2.36626e-05 -9.5311e-05 -5.64063e-05 -0.00233204 -0.00312237 -0.0025423 0.167909 -0.00268646 0.000254781 -0.00904097 -0.00530319 -0.033072 0.014194
internal_weight=1154.53 1153.91 1152.45 1151.59 283.96 273.703 270.396 0.2285 270.168 184.685 85.4831 77.3001 12.2491 2.63272
internal_count=44561 44521 44505 44369 19520 19142 18433 21 18412 8917 9495 7916 760 177
is_linear=0
shrinkage=0.05


Tree=199
num_leaves=15
num_cat=0
split_feature=2 4 2 1 3 2 2 3 5 3 2 1 4 4
split_gain=0.763468 3.36623 4.16579 3.69914 7.09845 2.90173 9.77325 2.81368 5.95421 6.82781 9.83035 4.57873 3.69368 3.60971
threshold=0.25176056338028174 2.5000000000000004 0.23971830985915496 1.0000000180025095e-35 53.500000000000007 0.21089696071163827 0.19859154929577469 42.500000000000007 1.5000000000000002 48.500000000000007 0.31881313131313133 8.5000000000000018 14.500000000000002 3.5000000000000004
decision_type=2 10 2 2 2 2 2 2 2 2 2 2 8 10
left_child=1 2 -1 -3 -5 6 -6 -2 9 11 12 -9 -11 -13
right_child=7 3 -4 4 5 -7 -8 8 -10 10 -12 13 -14 -15
leaf_value=-0.030150080700673543 0.00022138950887314586 0.0020093285473239885 0.030883041900622549 0.053837881478242547 -0.018291245171841778 -0.029913970942877507 0.17519770777854468 -0.025129372920039583 -0.03827791735989574 -0.0017762716311664182 0.090914293830160489 -0.023112924793136091 0.05318369676166651 0.03642619190254625
leaf_weight=14.722513543092647 781.15484612419095 238.9795897777949 3.4511792074190444 10.04245598614216 2.7380569893866764 5.5116349812597036 0.85686855576932419 35.155571488663554 14.56978723692009 29.34351896867156 3.6074208365753284 4.268731623888014 3.4126118905842295 6.3068509623408318
leaf_count=1095 30868 9595 64 78 67 70 10 619 1422 499 27 36 57 54
internal_value=-5.29173e-05 0.00223927 -0.0185599 0.00370365 0.0248487 -0.0071197 0.0278278 -0.000774405 -0.00882152 -0.00359373 0.0125769 -0.0164519 0.00394959 0.0123938
internal_weight=1154.12 276.302 18.1737 258.129 19.149 9.10656 3.59493 877.819 96.6645 82.0947 36.3636 45.7312 32.7561 10.5756
internal_count=44561 10979 1159 9820 225 147 77 33582 2714 1292 583 709 556 90
is_linear=0
shrinkage=0.05


end of trees

feature_importances:
race_frac=832
laps_left=543
position=446
age_vs_typical=330
tire_age=312
stint=221
comp_hard=76
comp_soft=25
comp_medium=15

parameters:
[boosting: gbdt]
[objective: binary]
[metric: binary_logloss]
[tree_learner: serial]
[device_type: cpu]
[data_sample_strategy: bagging]
[data: ]
[valid: ]
[num_iterations: 200]
[learning_rate: 0.05]
[num_leaves: 15]
[num_threads: 14]
[seed: 0]
[deterministic: 0]
[force_col_wise: 0]
[force_row_wise: 0]
[histogram_pool_size: -1]
[max_depth: -1]
[min_data_in_leaf: 10]
[min_sum_hessian_in_leaf: 0.001]
[bagging_fraction: 1]
[pos_bagging_fraction: 1]
[neg_bagging_fraction: 1]
[bagging_freq: 0]
[bagging_seed: 3]
[bagging_by_query: 0]
[feature_fraction: 1]
[feature_fraction_bynode: 1]
[feature_fraction_seed: 2]
[extra_trees: 0]
[extra_seed: 6]
[early_stopping_round: 0]
[early_stopping_min_delta: 0]
[first_metric_only: 0]
[max_delta_step: 0]
[lambda_l1: 0]
[lambda_l2: 0]
[linear_lambda: 0]
[min_gain_to_split: 0]
[drop_rate: 0.1]
[max_drop: 50]
[skip_drop: 0.5]
[xgboost_dart_mode: 0]
[uniform_drop: 0]
[drop_seed: 4]
[top_rate: 0.2]
[other_rate: 0.1]
[min_data_per_group: 100]
[max_cat_threshold: 32]
[cat_l2: 10]
[cat_smooth: 10]
[max_cat_to_onehot: 4]
[top_k: 20]
[monotone_constraints: ]
[monotone_constraints_method: basic]
[monotone_penalty: 0]
[feature_contri: ]
[forcedsplits_filename: ]
[refit_decay_rate: 0.9]
[cegb_tradeoff: 1]
[cegb_penalty_split: 0]
[cegb_penalty_feature_lazy: ]
[cegb_penalty_feature_coupled: ]
[path_smooth: 0]
[interaction_constraints: ]
[verbosity: -1]
[saved_feature_importance_type: 0]
[use_quantized_grad: 0]
[num_grad_quant_bins: 4]
[quant_train_renew_leaf: 0]
[stochastic_rounding: 1]
[linear_tree: 0]
[max_bin: 255]
[max_bin_by_feature: ]
[min_data_in_bin: 3]
[bin_construct_sample_cnt: 200000]
[data_random_seed: 1]
[is_enable_sparse: 1]
[enable_bundle: 1]
[use_missing: 1]
[zero_as_missing: 0]
[feature_pre_filter: 1]
[pre_partition: 0]
[two_round: 0]
[header: 0]
[label_column: ]
[weight_column: ]
[group_column: ]
[ignore_column: ]
[categorical_feature: ]
[forcedbins_filename: ]
[precise_float_parser: 0]
[parser_config_file: ]
[objective_seed: 5]
[num_class: 1]
[is_unbalance: 0]
[scale_pos_weight: 1]
[sigmoid: 1]
[boost_from_average: 1]
[reg_sqrt: 0]
[alpha: 0.9]
[fair_c: 1]
[poisson_max_delta_step: 0.7]
[tweedie_variance_power: 1.5]
[lambdarank_truncation_level: 30]
[lambdarank_norm: 1]
[label_gain: ]
[lambdarank_position_bias_regularization: 0]
[eval_at: ]
[multi_error_top_k: 1]
[auc_mu_weights: ]
[num_machines: 1]
[local_listen_port: 12400]
[time_out: 120]
[machine_list_filename: ]
[machines: ]
[gpu_platform_id: -1]
[gpu_device_id: -1]
[gpu_use_dp: 0]
[num_gpu: 1]

end of parameters

pandas_categorical:[]
