tree
version=v4
num_class=3
num_tree_per_iteration=3
label_index=0
max_feature_idx=8
objective=multiclass num_class:3
feature_names=tire_age age_vs_typical race_frac laps_left position stint comp_soft comp_medium comp_hard
feature_infos=[1:69] [-22:46] [0.01282051282051282:0.98571428571428577] [1:77] [1:20] [1:6] [0:1] [0:1] [0:1]
tree_sizes=1651 1653 1681 1686 1700 1714 1686 1705 1711 1693 1705 1706 1691 1714 1714 1693 1708 1721 1704 1708 1709 1692 1714 1709 1690 1701 1709 1697 1700 1715 1698 1705 1711 1698 1701 1716 1697 1702 1716 1704 1698 1706 1697 1710 1717 1690 1703 1710 1699 1707 1715 1697 1709 1717 1694 1714 1719 1696 1700 1715 1690 1714 1710 1695 1711 1720 1704 1713 1715 1701 1710 1719 1701 1706 1716 1707 1714 1723 1705 1710 1713 1695 1706 1719 1703 1714 1723 1700 1708 1692 1714 1712 1695 1708 1700 1710 1693 1707 1715 1700 1717 1711 1701 1715 1719 1703 1718 1711 1705 1720 1716 1687 1717 1721 1707 1721 1700 1704 1712 1700 1700 1719 1714 1691 1728 1705 1693 1710 1717 1698 1704 1705 1694 1708 1701 1700 1710 1704 1703 1705 1700 1705 1711 1702 1692 1714 1715 1704 1709 1720 1705 1693 1701 1716 1707 1713 1703 1707 1706 1709 1724 1720 1702 1698 1713 1708 1714 1703 1716 1717 1716 1701 1722 1715 1710 1703 1721 1700 1710 1716 1715 1715 1708 1701 1699 1712 1726 1705 1706 1718 1699 1720 1723 1716 1705 1728 1709 1720 1703 1698 1706 1714 1707 1723 1725 1702 1729 1707 1707 1717 1712 1712 1707 1719 1704 1728 1718 1718 1722 1724 1719 1715 1725 1715 1709 1709 1721 1717 1726 1707 1707 1725 1710 1718 1716 1703 1711 1703 1703 1702 1717 1712 1715 1718 1720 1726 1727 1708 1732 1724 1699 1720 1708 1714 1711 1723 1713 1703 1732 1708 1704 1715 1720 1715 1695 1707 1709 1729 1711 1718 1714 1715 1699 1725 1716 1710 1713 1710 1712 1729 1715 1709 1717 1714 1717 1724 1723 1716 1716 1719 1706 1723 1707 1715 1719 1707 1711 1712 1709 1712

Tree=0
num_leaves=15
num_cat=0
split_feature=2 4 2 8 0 5 2 5 2 3 1 3 7 2
split_gain=100.793 32.8648 28.8782 23.3204 12.7311 13.6242 18.7174 11.5889 11.3211 10.714 10.4615 9.5168 8.81643 14.8677
threshold=0.7076149425287358 15.500000000000002 0.47156334231805935 1.0000000180025095e-35 8.5000000000000018 3.5000000000000004 0.95744466800804839 1.5000000000000002 0.64218328840970362 32.500000000000007 14.500000000000002 15.500000000000002 1.0000000180025095e-35 0.93968253968253979
decision_type=2 2 2 2 2 2 2 2 2 2 2 2 2 2
left_child=2 4 -1 7 -2 6 12 9 -9 10 -4 -3 -6 -14
right_child=1 11 3 -5 5 -7 -8 8 -10 -11 -12 -13 13 -15
leaf_value=-2.0106717212634986 -1.7396353025062377 -1.7612065838052702 -1.8970678116360244 -1.9980930507895864 -1.9519583427210085 -2.0092763187441545 -1.7396353025062368 -1.9920192937049279 -1.9095908521349849 -1.7957206338837235 -1.9877050374451211 -1.8925952971721101 -1.8293718327102158 -1.994568626949359
leaf_weight=117.14292915165424 0.89149869978428142 4.6357932388782492 10.163085177540781 38.691043570637703 12.480981796979913 4.6357932388782492 1.4263979196548451 14.263979196548464 5.8838914185762397 1.7829973995685566 4.6357932388782492 1.9612971395254133 4.4574934989213935 1.9612971395254133
leaf_count=657 5 26 57 217 70 26 8 80 33 10 26 11 25 11
internal_value=-1.9814 -1.89988 -1.99514 -1.971 -1.9253 -1.93193 -1.91429 -1.94247 -1.96795 -1.91151 -1.92546 -1.80027 -1.92747 -1.87985
internal_weight=225.014 32.4506 192.564 75.4208 25.8535 24.962 20.3262 36.7297 20.1479 16.5819 14.7989 6.59709 18.8998 6.41879
internal_count=1262 182 1080 423 145 140 114 206 113 93 83 37 106 36
is_linear=0
shrinkage=1


Tree=1
num_leaves=15
num_cat=0
split_feature=7 5 2 0 3 0 2 2 6 5 4 0 3 3
split_gain=77.4429 83.2668 35.3476 24.1531 16.5735 15.8589 11.995 12.1451 10.7159 9.41539 7.50502 7.50385 7.41559 6.93336
threshold=1.0000000180025095e-35 1.5000000000000002 0.93968253968253979 23.500000000000004 10.500000000000002 7.5000000000000009 0.88268021286889231 0.66904761904761911 1.0000000180025095e-35 1.5000000000000002 16.500000000000004 7.5000000000000009 46.500000000000007 53.500000000000007
decision_type=2 2 2 2 2 2 2 2 2 2 2 2 2 2
left_child=1 3 5 8 -5 13 7 10 -1 -7 -3 -10 -13 -2
right_child=2 6 -4 4 -6 9 -8 -9 11 -11 -12 12 -14 -15
leaf_value=-1.1853560022266834 -1.2419027585310198 -1.2899581702418006 -1.1759182126313343 -1.3174850565615683 -1.161499367416218 -1.3075677487881647 -1.3174850565615683 -1.2413995056103002 -1.2857232646541441 -1.281149566619475 -1.2424117302349291 -1.2624312839220329 -1.2093794666512079 -1.3077696849192975
leaf_weight=10.595701038837431 17.861324608325962 49.042959094047546 6.3574206233024588 1.8164058923721338 27.24608838558197 131.08395856618881 15.136715769767759 26.943354070186615 7.871092200279235 45.410147309303284 9.9902324080467206 10.89843535423279 16.650387346744537 5.1464833617210379
leaf_count=35 59 162 21 6 90 433 50 89 26 150 33 36 55 17
internal_value=-1.27116 -1.24682 -1.29198 -1.20693 -1.17125 -1.29568 -1.27644 -1.26922 -1.22947 -1.30077 -1.28191 -1.24267 -1.23037 -1.25664
internal_weight=382.051 176.191 205.859 75.0781 29.0625 199.502 101.113 85.9765 46.0156 176.494 59.0332 35.4199 27.5488 23.0078
internal_count=1262 582 680 248 96 659 334 284 152 583 195 117 91 76
is_linear=0
shrinkage=1


Tree=2
num_leaves=15
num_cat=0
split_feature=2 7 5 2 0 2 2 4 5 8 5 6 3 4
split_gain=92.797 53.3883 41.4636 21.4783 19.1242 12.6982 11.9063 10.1923 8.11383 10.0935 6.61192 6.45488 6.19352 7.88794
threshold=0.66134305835010065 1.0000000180025095e-35 1.5000000000000002 0.47156334231805935 23.500000000000004 0.12390350877192984 0.12174833635813674 9.5000000000000018 3.5000000000000004 1.0000000180025095e-35 2.5000000000000004 1.0000000180025095e-35 46.500000000000007 10.500000000000002
decision_type=2 2 2 2 2 2 2 2 2 2 2 2 2 2
left_child=1 2 4 5 11 6 -3 8 -2 -10 -7 -1 -13 -14
right_child=7 3 -4 -5 -6 10 -8 -9 9 -11 -12 12 13 -15
leaf_value=-0.59421908054018457 -0.57936855982037372 -0.52116134642433321 -0.52601283658046394 -0.53974068397965747 -0.61726705618387578 -0.49840525193240526 -0.61107855764384267 -0.60394047257979389 -0.62161573083362887 -0.48463247936640746 -0.59421908054018457 -0.52678117212555253 -0.60916270797297234 -0.55067797560953213
leaf_weight=12.77528405189514 39.05586838722229 16.425365209579471 70.081558227539062 63.511412143707275 22.995511293411255 134.3229866027832 4.7451055049896231 45.261006355285645 1.825040578842162 5.1101136207580566 1.825040578842162 14.23531651496887 8.0301785469055194 20.440454483032227
leaf_count=35 107 45 192 174 63 368 13 124 5 14 5 39 22 56
internal_value=-0.541944 -0.53079 -0.553966 -0.515199 -0.578928 -0.505291 -0.541315 -0.587096 -0.570519 -0.520681 -0.49969 -0.563037 -0.55371 -0.567174
internal_weight=460.64 369.388 148.558 220.83 78.4767 157.318 21.1705 91.252 45.991 6.93515 136.148 55.4812 42.7059 28.4706
internal_count=1262 1012 407 605 215 431 58 250 126 19 373 152 117 78
is_linear=0
shrinkage=1


Tree=3
num_leaves=15
num_cat=0
split_feature=2 2 4 8 0 5 2 4 5 3 7 2 2 2
split_gain=86.2482 25.8223 24.614 23.38 12.4485 9.25359 11.0656 8.86957 8.21113 13.7518 8.56715 10.8387 8.71329 6.4866
threshold=0.70087719298245621 0.47156334231805935 14.500000000000002 1.0000000180025095e-35 8.5000000000000018 1.5000000000000002 0.64218328840970362 8.5000000000000018 3.5000000000000004 2.5000000000000004 1.0000000180025095e-35 0.93968253968253979 0.77388922702373719 0.53708791208791218
decision_type=2 2 2 2 2 2 2 2 2 2 2 2 2 2
left_child=1 -1 4 5 -2 7 -7 -3 9 -6 -11 12 -12 -9
right_child=2 3 -4 -5 8 6 -8 13 -10 10 11 -13 -14 -15
leaf_value=-0.028783277068278476 0.1956247656667576 0.035079659911501228 0.13201462268491848 -0.019381840752075136 0.19483585587922292 -0.010368563498849777 0.071174782968399977 0.15850910333561455 -0.027049247590003146 0.012906191550970539 0.068385580442505714 -0.038616548848850116 0.20462502251482828 0.060758604654471832
leaf_weight=113.74215319752693 1.2718718349933649 10.778819113969805 11.062622800469397 36.466766223311424 1.4888268411159575 14.162543535232546 5.8909411132335654 3.2856479287147513 4.3617687970399848 12.540940731763841 3.2375673800706855 1.4170868098735807 1.8409014344215391 3.5103679299354553
leaf_count=657 6 57 55 207 7 80 31 17 25 68 16 8 9 19
internal_value=-4.20076e-05 -0.0138206 0.0694909 0.00914846 0.0430496 0.036798 0.0135857 0.0632841 0.0352522 0.0484917 0.0370462 0.0836533 0.117771 0.108018
internal_weight=225.059 187.837 37.2216 74.0951 26.159 37.6283 20.0535 17.5748 24.8871 20.5253 19.0365 6.49556 5.07847 6.79602
internal_count=1262 1068 194 411 139 204 111 93 133 108 101 33 25 36
is_linear=0
shrinkage=0.05


Tree=4
num_leaves=15
num_cat=0
split_feature=7 5 2 0 0 3 2 2 5 6 4 0 3 3
split_gain=68.7135 71.3868 30.8907 19.0466 14.8323 13.7799 11.3829 10.4001 8.76899 8.66713 7.92105 6.78938 6.38626 11.1887
threshold=1.0000000180025095e-35 1.5000000000000002 0.93968253968253979 23.500000000000004 7.5000000000000009 10.500000000000002 0.88268021286889231 0.66018867924528313 1.5000000000000002 1.0000000180025095e-35 16.500000000000004 7.5000000000000009 53.500000000000007 49.500000000000007
decision_type=2 2 2 2 2 2 2 2 2 2 2 2 2 2
left_child=1 3 4 9 12 -5 7 10 -6 -1 -3 -11 13 -2
right_child=2 6 -4 5 8 -7 -8 -9 -10 11 -12 -13 -14 -15
leaf_value=0.076872960767061405 -0.012455700915875804 -0.019329490114365619 0.085303893953715987 -0.045870667346276955 -0.035344706433135836 0.097170519435424693 -0.04572751186647328 0.025809901787481288 -0.0097153028197765213 -0.014554427995950588 0.03015036834010857 0.037968621861199515 -0.03579309960314106 0.06620319883144303
leaf_weight=11.194643527269362 8.8199795186519676 46.931235074996948 6.7360026538372031 1.7869426608085657 127.4464750289917 29.139472216367722 14.811572849750517 29.482298165559769 45.21468061208725 7.8690388500690451 9.7727704048156721 28.210165858268738 5.036858230829238 9.2750813663005811
leaf_count=35 29 157 21 6 433 90 50 95 150 26 32 91 17 30
internal_value=-1.97205e-05 0.0225326 -0.0199741 0.0583971 -0.023596 0.0889055 -0.0052364 0.00172221 -0.0286331 0.0384385 -0.0108018 0.0265131 0.0140021 0.0278629
internal_weight=381.727 179.198 202.529 78.2003 195.793 30.9264 100.998 86.1863 172.661 47.2738 56.704 36.0792 23.1319 18.0951
internal_count=1262 582 680 248 659 96 334 284 583 152 189 117 76 59
is_linear=0
shrinkage=0.05


Tree=5
num_leaves=15
num_cat=0
split_feature=2 7 5 2 0 2 2 4 5 8 5 0 4 6
split_gain=81.7608 47.5003 36.0848 19.4794 16.1888 11.6395 10.8728 8.88829 7.12623 9.01483 6.18378 5.92793 5.61414 5.49956
threshold=0.66134305835010065 1.0000000180025095e-35 1.5000000000000002 0.47156334231805935 23.500000000000004 0.12390350877192984 0.12174833635813674 9.5000000000000018 3.5000000000000004 1.0000000180025095e-35 2.5000000000000004 7.5000000000000009 8.5000000000000018 1.0000000180025095e-35
decision_type=2 2 2 2 2 2 2 2 2 2 2 2 2 2
left_child=1 2 4 5 13 6 -3 8 -2 -10 -7 -5 -4 -1
right_child=7 3 12 11 -6 10 -8 -9 9 -11 -12 -13 -14 -15
leaf_value=-0.048180989529870669 -0.034797097484213488 0.019883658994593684 0.034208750132171777 -0.078614008194211341 -0.069167693804261896 0.041624962687942829 -0.065714038088734092 -0.057651238029841456 -0.073751811132802894 0.055166142474808694 -0.050789742443006082 0.0049587669299222962 0.0045385149492170188 -0.011003378865789995
leaf_weight=12.956164777278898 39.440715938806534 16.339098602533344 24.674185246229172 2.1979682445526114 23.423847317695618 132.51198315620422 4.7996525764465323 45.90592023730278 1.8576954603195179 5.02151158452034 1.8352085351943959 61.265272229909897 45.057943403720856 42.833062767982483
leaf_count=35 107 45 68 6 63 368 13 124 5 14 5 168 124 117
internal_value=3.69079e-05 0.0105898 -0.0111931 0.0254081 -0.0342838 0.0349361 0.0004483 -0.0420592 -0.0266066 0.0203525 0.0403626 0.00206433 0.0150371 -0.0196373
internal_weight=460.12 367.894 148.945 218.949 79.2131 155.486 21.1388 92.2258 46.3199 6.87921 134.347 63.4632 69.7321 55.7892
internal_count=1262 1012 407 605 215 431 58 250 126 19 373 174 192 152
is_linear=0
shrinkage=0.05


Tree=6
num_leaves=15
num_cat=0
split_feature=2 2 8 4 0 5 2 3 1 5 3 7 2 2
split_gain=74.5966 24.3109 21.0444 18.6377 9.24993 7.92255 9.50919 7.23534 8.2707 7.07299 10.2861 7.0544 8.68556 6.76931
threshold=0.70087719298245621 0.47156334231805935 1.0000000180025095e-35 14.500000000000002 8.5000000000000018 1.5000000000000002 0.64218328840970362 32.500000000000007 14.500000000000002 3.5000000000000004 2.5000000000000004 1.0000000180025095e-35 0.93968253968253979 0.5147186147186148
decision_type=2 2 2 2 2 2 2 2 2 2 2 2 2 2
left_child=1 -1 5 4 -2 7 -7 8 13 10 -6 -12 -13 -3
right_child=3 2 -4 -5 9 6 -8 -9 -10 -11 11 12 -14 -15
leaf_value=-0.028290554931087043 0.16081205675599985 0.019434811772869657 -0.018961310414004184 0.11325423553491459 0.16101163805759613 -0.010172082229790703 0.063822549818150651 0.14354835766318902 -0.008189521818926928 -0.02664089568704249 0.011614701361342919 0.10167238432680017 -0.038419074708671515 0.099126051972983659
leaf_weight=110.40318088233471 1.4780441671609903 4.2282113581895882 35.88868111371994 12.325145587325094 1.723335474729544 14.084305346012117 6.277024880051612 2.1736684888601294 4.8625030517578116 4.2635851800441733 12.81575156748295 5.6125570535659781 1.3780641853809354 7.206842377781868
leaf_count=657 6 21 207 55 7 80 31 10 26 25 68 25 8 36
internal_value=-6.11716e-05 -0.0133842 0.00864035 0.0622278 0.0391667 0.0341496 0.0126391 0.0578611 0.0464326 0.032196 0.0438476 0.0336533 0.0740561 0.0696595
internal_weight=224.721 185.124 74.7212 39.5965 27.2713 38.8326 20.3613 18.4712 16.2976 25.7933 21.5297 19.8064 6.99062 11.4351
internal_count=1262 1068 411 194 139 204 111 93 83 133 108 101 33 57
is_linear=0
shrinkage=0.05


Tree=7
num_leaves=15
num_cat=0
split_feature=7 5 2 0 0 2 2 2 6 5 3 3 2 4
split_gain=61.1316 61.8608 27.301 15.627 13.7637 10.8258 10.2099 8.96413 8.76449 7.99936 7.46958 8.4231 13.0325 7.31008
threshold=1.0000000180025095e-35 1.5000000000000002 0.93968253968253979 16.500000000000004 8.5000000000000018 0.88268021286889231 0.92001062981663584 0.66018867924528313 1.0000000180025095e-35 1.5000000000000002 53.500000000000007 49.500000000000007 0.18090909090909094 16.500000000000004
decision_type=2 2 2 2 2 2 2 2 2 2 2 2 2 2
left_child=1 3 4 8 10 7 -5 13 -1 -6 11 12 -2 -3
right_child=2 5 -4 6 9 -7 -8 -9 -10 -11 -12 -13 -14 -15
leaf_value=0.078211508454733708 -0.045778034370201885 -0.018596890612607133 0.077546136841624522 0.0773878704150468 -0.034853321217071846 -0.045179287954175196 -0.045466019323848514 0.023553137582303832 0.015658902493168949 -0.010018101375895235 -0.037263222439158965 0.058143425912830893 0.067489926975783515 0.028736034611671121
leaf_weight=7.0141049623489371 7.1196280717849785 46.297971904277802 7.0388760864734641 44.212740153074265 120.36015033721924 14.482457458972929 1.7584217488765705 30.105485469102859 27.772719174623489 44.378426134586334 6.3672078549861899 9.8769718110561353 3.9476369619369507 9.9016289710998517
leaf_count=21 24 157 21 132 421 50 6 95 89 148 22 31 13 32
internal_value=-3.36735e-05 0.0209499 -0.0191682 0.0535558 -0.0227129 -0.00517617 0.0726886 0.00153657 0.0282715 -0.028163 0.0101614 0.0245788 -0.00537593 -0.0102575
internal_weight=380.634 181.546 199.089 80.758 192.05 100.788 45.9712 86.3051 34.7868 164.739 27.3114 20.9442 11.0673 56.1996
internal_count=1262 582 680 248 659 334 138 284 110 569 90 68 37 189
is_linear=0
shrinkage=0.05


Tree=8
num_leaves=15
num_cat=0
split_feature=2 7 5 2 0 2 2 4 5 8 2 5 4 0
split_gain=72.3549 42.3466 31.4974 17.7894 13.9991 10.3073 9.7606 7.76268 6.30454 8.09702 6.09049 5.73672 5.22399 4.80211
threshold=0.66134305835010065 1.0000000180025095e-35 1.5000000000000002 0.47493734335839605 23.500000000000004 0.12390350877192984 0.12174833635813674 9.5000000000000018 3.5000000000000004 1.0000000180025095e-35 0.53708791208791218 2.5000000000000004 8.5000000000000018 25.500000000000004
decision_type=2 2 2 2 2 2 2 2 2 2 2 2 2 2
left_child=1 2 4 5 -1 6 -3 8 -2 -10 13 -7 -4 -5
right_child=7 3 12 10 -6 11 -8 -9 9 -11 -12 -13 -14 -15
leaf_value=-0.018307727189090805 -0.032566563857470726 0.019190413284747299 0.032785054752683306 0.016641075318539807 -0.064211709783794729 0.039413270578641996 -0.061638549332442873 -0.053879738548843675 -0.068893430766477887 0.053271940854845795 0.012796678898363023 -0.049386191083214313 0.0040552551673721923 -0.035703777525224342
leaf_weight=56.020520210266113 39.696746855974197 16.259612888097767 24.423379331827164 6.1902843415737179 23.608029723167419 132.97601565718651 4.848708599805831 46.274128615856171 1.8730372786521901 4.9167752861976624 39.662778675556183 1.8440149724483479 44.930791169404984 14.995112538337706
leaf_count=152 107 45 68 17 63 375 13 124 5 14 109 5 124 41
internal_value=5.79336e-05 0.0100604 -0.0104616 0.0241645 -0.0319172 0.0331121 0.000623514 -0.0393824 -0.0249513 0.0195714 0.00123558 0.0381987 0.0141726 -0.0204088
internal_weight=458.52 365.759 148.983 216.777 79.6285 155.928 21.1083 92.7607 46.4866 6.78981 60.8482 134.82 69.3542 21.1854
internal_count=1262 1012 407 605 215 438 58 250 126 19 167 380 192 58
is_linear=0
shrinkage=0.05


Tree=9
num_leaves=15
num_cat=0
split_feature=2 2 8 4 5 5 2 4 8 0 6 3 2 0
split_gain=65.3623 23.8285 16.9809 14.5924 8.7887 6.94712 7.17926 6.69505 4.88225 5.22511 6.45801 4.85417 5.81563 5.02386
threshold=0.7076149425287358 0.47156334231805935 1.0000000180025095e-35 14.500000000000002 3.5000000000000004 1.5000000000000002 0.64218328840970362 8.5000000000000018 1.0000000180025095e-35 22.500000000000004 1.0000000180025095e-35 22.500000000000004 0.5147186147186148 33.500000000000007
decision_type=2 2 2 2 2 2 2 2 2 2 2 2 2 2
left_child=1 -1 5 8 -4 7 -7 11 9 10 -2 -3 -13 -14
right_child=3 2 4 -5 -6 6 -8 -9 -10 -11 -12 12 13 -15
leaf_value=-0.027796561190724184 0.003325325282954452 -0.039405711242182812 -0.019284450153598722 0.10355801720706376 0.14872835557503869 -0.009720784942544438 0.052291719838079766 0.088665325912959045 0.02015970000665589 0.10947499660040527 0.10461926347593475 -0.0022767185590972833 0.11178247780173661 0.012052593767768157
leaf_weight=107.13987550139427 4.6454685628414154 2.1374022662639645 36.581491231918335 12.347063183784483 0.79528068006038566 13.907405674457552 7.0246981531381598 7.742469683289527 15.87975487112999 3.9567299485206604 2.379510834813118 3.9666264057159406 3.6183336526155472 1.9397309720516203
leaf_count=657 24 11 213 50 4 80 33 36 82 16 10 19 17 10
internal_value=-7.03013e-05 -0.0125076 0.00857054 0.0585669 -0.0157096 0.031069 0.0110903 0.0526205 0.0378864 0.0635196 0.0376357 0.0286902 0.0439714 0.0769774
internal_weight=224.062 184.853 77.7134 39.2085 37.3768 40.3367 20.9321 19.4046 26.8615 10.9817 7.02498 11.6621 9.52469 5.55806
internal_count=1262 1080 423 182 217 206 113 93 132 50 34 57 46 27
is_linear=0
shrinkage=0.05


Tree=10
num_leaves=15
num_cat=0
split_feature=7 5 2 0 0 2 2 2 5 3 3 2 6 4
split_gain=54.4828 54.0095 24.2995 13.6445 12.9259 10.3429 10.2931 7.7679 7.59196 6.94737 7.26995 12.1518 6.36759 5.89708
threshold=1.0000000180025095e-35 1.5000000000000002 0.93968253968253979 23.500000000000004 8.5000000000000018 0.92001062981663584 0.88268021286889231 0.66904761904761911 1.5000000000000002 53.500000000000007 49.500000000000007 0.18090909090909094 1.0000000180025095e-35 16.500000000000004
decision_type=2 2 2 2 2 2 2 2 2 2 2 2 2 2
left_child=1 3 4 12 9 -5 7 13 -6 10 11 -2 -1 -3
right_child=2 6 -4 5 8 -7 -8 -9 -10 -11 -12 -13 -14 -15
leaf_value=0.064355044251426199 -0.044963704303276897 -0.016723486441268656 0.071230957729703462 0.080595608900693963 -0.033922121449701373 -0.045054696530588703 -0.044654028477912847 0.022583471963037258 -0.0095673706687156457 -0.036499493236436302 0.054149292992568925 0.064277348174902826 0.022561974359077499 0.024942134701246486
leaf_weight=12.04965704679489 6.8947595357894951 47.22289901971817 7.2804426550865164 31.690392851829529 116.94051292538643 1.7270369827747334 14.13649934530258 28.776135295629501 44.052248001098633 6.2145662009716025 10.141210615634916 4.0358197689056396 37.408340066671371 10.354251384735106
leaf_count=35 24 162 21 90 421 6 50 89 148 22 31 13 117 33
internal_value=-3.99452e-05 0.0195397 -0.0183987 0.0494207 -0.0218645 0.0741019 -0.00510361 0.001371 -0.027258 0.00995768 0.023659 -0.00462941 0.0327442 -0.00923065
internal_weight=378.925 183.365 195.56 82.8754 188.279 33.4174 100.49 86.3533 160.993 27.2864 21.0718 10.9306 49.458 57.5772
internal_count=1262 582 680 248 659 96 334 284 569 90 68 37 152 195
is_linear=0
shrinkage=0.05


Tree=11
num_leaves=15
num_cat=0
split_feature=2 7 5 2 0 2 3 3 4 5 8 5 0 3
split_gain=64.3864 37.7632 27.5121 16.1499 12.5617 9.55318 9.01938 8.65733 6.90039 5.58912 7.31015 5.43089 5.28073 4.97769
threshold=0.66134305835010065 1.0000000180025095e-35 1.5000000000000002 0.47156334231805935 23.500000000000004 0.12390350877192984 53.500000000000007 49.500000000000007 9.5000000000000018 3.5000000000000004 1.0000000180025095e-35 2.5000000000000004 7.5000000000000009 32.500000000000007
decision_type=2 2 2 2 2 2 2 2 2 2 2 2 2 2
left_child=1 2 4 5 -1 6 7 -3 9 -2 -11 -7 -5 -14
right_child=8 3 -4 12 -6 11 -8 -9 -10 10 -12 -13 13 -15
leaf_value=-0.016914599201570416 -0.030555193877292261 0.054870154732107379 0.013353191039526674 -0.073793403582315606 -0.060379326823276395 0.038178981249793492 0.046654358624969153 -0.042671502543691842 -0.050715870671269106 -0.064869282080219554 0.051590364230952583 -0.048071672279410248 0.009064652091132162 -0.040731900509842663
leaf_weight=56.23521214723587 39.863791465759277 2.861338376998904 68.955867260694504 2.228355109691619 23.599073082208633 128.14082315564156 7.0653153955936423 11.097308814525602 46.392260551452637 1.8735476136207569 4.7986612915992737 1.8514691293239582 55.578999251127243 5.5165632069110861
leaf_count=152 107 8 192 6 63 368 20 30 124 5 14 5 153 15
internal_value=6.77282e-05 0.00957157 -0.00978097 0.0230057 -0.0297628 0.0318931 0.00062267 -0.0226768 -0.0370699 -0.0234661 0.0188886 0.0369505 0.00181079 0.00456832
internal_weight=456.059 363.13 148.79 214.34 79.8343 151.016 21.024 13.9586 92.9283 46.536 6.67221 129.992 63.3239 61.0956
internal_count=1262 1012 407 605 215 431 58 38 250 126 19 373 174 168
is_linear=0
shrinkage=0.05


Tree=12
num_leaves=15
num_cat=0
split_feature=2 2 8 4 5 1 2 4 2 0 5 6 3 0
split_gain=57.985 24.4187 16.0727 10.8413 7.20248 5.51744 7.49275 6.17995 5.44077 5.35777 5.34783 10.0642 5.85022 4.86033
threshold=0.47493734335839605 0.73330914368650224 1.0000000180025095e-35 15.500000000000002 3.5000000000000004 6.5000000000000009 0.53708791208791218 14.500000000000002 0.64218328840970362 21.500000000000004 3.5000000000000004 1.0000000180025095e-35 2.5000000000000004 33.500000000000007
decision_type=2 2 2 2 2 2 2 2 2 2 2 2 2 2
left_child=-1 2 5 10 -4 8 -7 13 -2 -10 12 -12 -3 -8
right_child=1 3 4 -5 -6 6 7 -9 9 -11 11 -13 -14 -15
leaf_value=-0.026990933950780671 -0.0091967733390502845 0.1314666507954346 -0.015335155338280863 0.11082162220974008 0.12911326815832969 0.080248322057648397 0.041927542973728076 0.13762695334182659 -0.014965625404884962 0.088503415038207814 -0.038328107565597638 0.1301260608252737 0.046234707086478671 -0.016618363340057046
leaf_weight=105.43046678602695 11.957238778471948 2.2703338563442292 40.882563263177872 8.0593593716621381 0.88158015906810661 9.8738193213939685 7.8967109769582731 1.1194474101066578 1.9572531878948201 3.4679413884878159 4.0221854150295249 1.137376934289932 17.782811433076859 6.432734802365303
leaf_count=665 69 8 236 29 4 43 37 5 9 15 24 4 82 32
internal_value=-5.76215e-05 0.0240596 0.00976876 0.0603403 -0.0122861 0.0313376 0.0462277 0.0244842 0.00964566 0.0511748 0.0442037 -0.00119397 0.0558843 0.0156453
internal_weight=223.172 117.741 84.4693 33.2721 41.7641 42.7051 25.3227 15.4489 17.3824 5.42519 25.2127 5.15956 20.0531 14.3294
internal_count=1262 597 450 147 240 210 117 74 93 24 118 28 90 69
is_linear=0
shrinkage=0.05


Tree=13
num_leaves=15
num_cat=0
split_feature=7 5 2 0 0 2 2 0 6 5 3 3 2 0
split_gain=48.6716 47.4351 21.8665 12.0011 11.9018 9.80567 8.05347 7.33989 7.27454 7.12657 6.22951 6.10855 11.0044 5.21923
threshold=1.0000000180025095e-35 1.5000000000000002 0.93968253968253979 8.5000000000000018 16.500000000000004 0.88268021286889231 0.92001062981663584 8.5000000000000018 1.0000000180025095e-35 1.5000000000000002 53.500000000000007 49.500000000000007 0.18090909090909094 16.500000000000004
decision_type=2 2 2 2 2 2 2 2 2 2 2 2 2 2
left_child=1 4 3 10 8 7 -6 -3 -1 -5 11 12 -2 -9
right_child=2 5 -4 9 6 -7 -8 13 -10 -11 -12 -13 -14 -15
leaf_value=0.068287773103972479 -0.044094820136783279 -0.031665668562696009 0.066249227848791989 -0.032994043553854047 0.065890417696002096 -0.044164456605495866 -0.044759045274478021 0.033227907374333197 0.012653501287209643 -0.0092517139169679199 -0.035444542110357524 0.04951033881002221 0.059608890482301259 0.00061854416441965525
leaf_weight=7.3931627869606009 6.6348234415054375 14.164481967687605 7.4594461321830741 113.43757554888725 46.842438697814941 13.788721382617949 1.7042951583862294 15.674856603145598 28.627159744501114 43.813892424106598 5.9958734512329093 10.452762126922606 4.1633067429065704 56.497526228427887
leaf_count=21 24 48 21 421 132 50 6 52 89 148 22 31 13 184
internal_value=-4.7143e-05 0.0182767 -0.0176775 -0.0210707 0.0458486 -0.00501081 0.0620059 0.00124236 0.0240724 -0.0263789 0.00956472 0.0222639 -0.00411101 0.00770085
internal_weight=376.65 184.693 191.958 184.498 84.5671 100.126 48.5467 86.3369 36.0203 157.251 27.2468 21.2509 10.7981 72.1724
internal_count=1262 582 680 659 248 334 138 284 110 569 90 68 37 236
is_linear=0
shrinkage=0.05


Tree=14
num_leaves=15
num_cat=0
split_feature=2 7 5 2 0 2 3 3 4 5 8 6 4 3
split_gain=57.4066 33.7343 24.1283 14.6907 11.2037 8.86704 8.12489 7.7183 6.14139 5.06597 6.68085 4.9562 7.57563 4.78148
threshold=0.66134305835010065 1.0000000180025095e-35 1.5000000000000002 0.46453722334004027 23.500000000000004 0.12390350877192984 53.500000000000007 49.500000000000007 9.5000000000000018 3.5000000000000004 1.0000000180025095e-35 1.0000000180025095e-35 15.500000000000002 46.500000000000007
decision_type=2 2 2 2 2 2 2 2 2 2 2 2 2 2
left_child=1 2 4 5 13 6 7 -3 9 -2 -11 12 -4 -1
right_child=8 3 11 -5 -6 -7 -8 -9 -10 10 -12 -13 -14 -15
leaf_value=0.0033045132082930718 -0.028842988143061715 0.052930873183840446 0.027540423364550339 0.0023513225707963666 -0.056919196515280115 0.035834742713528552 0.044932821076023657 -0.039939375208427393 -0.047879663774874855 -0.061562024369624359 0.050363293352890595 -0.031911372208334114 -0.011013627524996435 -0.026891277669529801
leaf_weight=20.739075928926468 39.951371014118195 2.7979724407196072 45.071645200252533 65.993746191263199 23.432484686374664 124.7788197696209 6.9197261035442343 11.16296339035034 46.316641300916672 1.8620954155921925 4.6945915222167969 5.7358495295047751 17.762881994247437 35.640052676200867
leaf_count=56 107 8 127 182 63 365 20 30 124 5 14 16 49 96
internal_value=6.76051e-05 0.00910677 -0.00917236 0.0219216 -0.027861 0.0307882 0.000631214 -0.0213268 -0.0349922 -0.0221578 0.0185766 0.0125801 0.0166415 -0.0157837
internal_weight=452.86 360.035 148.382 211.653 79.8116 145.659 20.8807 13.9609 92.8247 46.5081 6.55669 68.5704 62.8345 56.3791
internal_count=1262 1012 407 605 215 423 58 38 250 126 19 192 176 152
is_linear=0
shrinkage=0.05


Tree=15
num_leaves=15
num_cat=0
split_feature=2 2 8 4 5 5 2 2 2 4 0 3 7 4
split_gain=53.092 20.7628 14.4156 8.79183 6.2314 4.83773 8.20828 5.83889 4.75428 6.45379 4.4862 6.15791 5.30836 6.06432
threshold=0.47493734335839605 0.73330914368650224 1.0000000180025095e-35 15.500000000000002 3.5000000000000004 1.5000000000000002 0.64218328840970362 0.53708791208791218 0.5147186147186148 8.5000000000000018 4.5000000000000009 52.500000000000007 1.0000000180025095e-35 13.500000000000002
decision_type=2 2 2 2 2 2 2 2 2 2 2 2 2 2
left_child=10 2 5 -3 -4 7 -7 8 9 -2 11 12 13 -1
right_child=1 3 4 -5 -6 6 -8 -9 -10 -11 -12 -13 -14 -15
leaf_value=0.20158851993823076 0.0012181485316744929 0.040674649254835618 -0.014935027597289572 0.098905428173681725 0.11397471758236027 -0.012077594908867145 0.049005864362281923 0.020475635373845575 0.11149714806529597 0.1084740910462334 -0.030076443452298353 -0.037792489035198391 -0.005946227229444101 0.040128720391292692
leaf_weight=0.83403946459293221 3.5658448934555071 26.071472480893135 40.319828629493713 8.6269801855087263 0.95977877080440421 13.280523657798769 9.3872608691453916 10.66151203215122 4.546175628900528 2.3118233233690262 91.580812960863113 4.8347056955099106 3.1603809297084808 1.9211088865995405
leaf_count=5 16 118 236 29 4 77 40 50 18 9 596 31 21 12
internal_value=-4.43801e-05 0.0225576 0.00925703 0.0551524 -0.0119378 0.0292536 0.0132185 0.0464921 0.0731019 0.0434044 -0.0264896 0.00406656 0.0382776 0.0890059
internal_weight=222.062 119.731 85.0327 34.6985 41.2796 43.7531 22.6678 21.0854 10.4238 5.87767 102.331 10.7502 5.91553 2.75515
internal_count=1262 597 450 147 240 210 117 93 43 25 665 69 38 17
is_linear=0
shrinkage=0.05


Tree=16
num_leaves=15
num_cat=0
split_feature=7 5 2 0 0 2 2 0 5 3 6 0 3 3
split_gain=43.5893 41.9197 19.7156 11.2183 10.6687 9.28227 8.20245 6.88119 6.74952 5.63213 5.26803 5.63789 5.41695 5.08336
threshold=1.0000000180025095e-35 1.5000000000000002 0.93968253968253979 8.5000000000000018 23.500000000000004 0.88268021286889231 0.92001062981663584 8.5000000000000018 1.5000000000000002 53.500000000000007 1.0000000180025095e-35 7.5000000000000009 46.500000000000007 49.500000000000007
decision_type=2 2 2 2 2 2 2 2 2 2 2 2 2 2
left_child=1 4 3 9 10 7 -6 -3 -5 13 -1 -12 -13 -2
right_child=2 5 -4 8 6 -7 -8 -9 -10 -11 11 12 -14 -15
leaf_value=0.056347522243266168 -0.0033153373259230848 -0.031064317073475775 0.061891263142225074 -0.032136013548767974 0.06955917624933193 -0.043633639485691315 -0.044255559793450687 0.0072941522834369058 -0.0088823488475353474 -0.034439957161245392 -0.017589214153266974 0.0023744371807874493 0.045788358465479101 0.045503909342321153
leaf_weight=12.554153442382811 10.616882532835012 13.942550927400587 7.6002415716648093 110.11968317627907 33.103677242994308 13.393674448132513 1.6625234782695759 72.425728261470795 43.545148015022278 5.779926359653472 8.2500410974025709 11.702413320541384 18.613902181386948 10.712447851896284
leaf_count=35 37 48 21 421 90 50 6 236 148 22 26 36 55 31
internal_value=-5.2912e-05 0.017141 -0.0169981 -0.0203148 0.0427477 -0.00490414 0.0641165 0.00110189 -0.0255464 0.00933996 0.0282151 0.0190574 0.0290301 0.0212037
internal_weight=374.023 185.649 188.374 180.774 85.8867 99.762 34.7662 86.3683 153.665 27.1093 51.1205 38.5664 30.3163 21.3293
internal_count=1262 582 680 659 248 334 96 284 569 90 152 117 91 68
is_linear=0
shrinkage=0.05


Tree=17
num_leaves=15
num_cat=0
split_feature=2 7 5 2 0 2 2 4 8 4 0 5 8 3
split_gain=51.8921 29.8963 21.3943 13.4088 10.2648 8.06084 7.44151 5.55233 4.63417 7.18481 4.58033 4.52657 6.07026 4.49675
threshold=0.66134305835010065 1.0000000180025095e-35 1.5000000000000002 0.46453722334004027 23.500000000000004 0.12390350877192984 0.12174833635813674 9.5000000000000018 1.0000000180025095e-35 15.500000000000002 7.5000000000000009 3.5000000000000004 1.0000000180025095e-35 46.500000000000007
decision_type=2 2 2 2 2 2 2 2 2 2 2 2 2 2
left_child=1 2 4 5 13 6 -3 11 -4 -10 -5 -2 -13 -1
right_child=7 3 8 10 -6 -7 -8 -9 9 -11 -12 12 -14 -15
leaf_value=0.0039165602359535192 -0.027344023592182295 0.017262933970802165 -0.030836447098877846 -0.067900806043653186 -0.054128148873567254 0.034383340301304834 -0.053448493442024896 -0.045601578251706493 0.026697624041707675 -0.010881259091771773 0.0047156164811439456 -0.058667521495619414 0.048944755111981444 -0.02534898607935468
leaf_weight=20.749432742595673 39.980784952640533 15.822143167257311 5.7655820250511161 2.2482379078865042 23.153167545795441 122.26914685964584 4.8646250069141379 46.096862494945526 44.730808645486832 17.773383319377899 63.649621486663818 1.8401415944099415 4.5526010990142822 35.724821954965591
leaf_count=56 107 45 16 6 63 365 13 124 127 49 176 5 14 96
internal_value=6.59928e-05 0.00871785 -0.00848252 0.0208981 -0.026091 0.0294997 0.000634692 -0.0333129 0.0120554 0.0160119 0.00223816 -0.0210975 0.0179687 -0.0145964
internal_weight=449.221 356.751 147.897 208.854 79.6274 142.956 20.6868 92.4704 68.2698 62.5042 65.8979 46.3735 6.39274 56.4743
internal_count=1262 1012 407 605 215 423 58 250 192 176 182 126 19 152
is_linear=0
shrinkage=0.05


Tree=18
num_leaves=15
num_cat=0
split_feature=2 2 8 4 5 0 3 5 6 2 2 7 4 4
split_gain=48.7213 17.7162 12.9119 7.30549 5.45311 4.33794 5.74543 4.30114 7.4065 5.37985 5.0748 4.27619 4.28882 4.25698
threshold=0.47493734335839605 0.73330914368650224 1.0000000180025095e-35 15.500000000000002 3.5000000000000004 4.5000000000000009 52.500000000000007 1.5000000000000002 1.0000000180025095e-35 0.64218328840970362 0.53708791208791218 1.0000000180025095e-35 13.500000000000002 14.500000000000002
decision_type=2 2 2 2 2 2 2 2 2 2 2 2 2 2
left_child=5 2 7 -3 13 6 11 10 9 -9 -2 12 -1 -4
right_child=1 3 4 -5 -6 -7 -8 8 -10 -11 -12 -13 -14 -15
leaf_value=0.16445169994902586 0.067427148734956838 0.037507929205124607 -0.025424976913009434 0.089291348585463615 0.10206219301562816 -0.029639535178206635 -0.037617080611335167 -0.01835490255215665 0.0909185330915534 0.034508119263543323 0.019120667390687657 -0.0051187497214661478 0.036808043030667294 0.010022430625280774
leaf_weight=0.98090492188930367 10.884493559598925 26.919259548187256 27.469924628734589 9.1179086565971357 1.0294763147830952 88.596402511000633 4.6845853626728058 12.486940234899526 2.6483618617057791 7.8313723355531684 10.862947151064871 3.0912139266729355 1.9995877742767332 12.245393708348272
leaf_count=5 43 118 167 29 4 596 31 73 12 32 50 21 12 69
internal_value=-2.90815e-05 0.0212078 0.00880925 0.0506099 -0.0115505 -0.0259992 0.00398546 0.0273616 0.0122715 0.00202031 0.0432978 0.0360836 0.0788166 -0.0144955
internal_weight=220.849 121.496 85.4589 36.0372 40.7448 99.3527 10.7563 44.7141 22.9667 20.3183 21.7474 6.07171 2.98049 39.7153
internal_count=1262 597 450 147 240 665 69 210 117 105 93 38 17 236
is_linear=0
shrinkage=0.05


Tree=19
num_leaves=15
num_cat=0
split_feature=7 5 2 0 0 2 3 0 5 6 3 3 0 2
split_gain=39.0733 37.2706 17.9389 10.4449 9.59575 8.81331 6.51766 6.43574 6.40095 6.09681 5.22151 5.0119 4.88779 5.81018
threshold=1.0000000180025095e-35 1.5000000000000002 0.93968253968253979 8.5000000000000018 16.500000000000004 0.88268021286889231 10.500000000000002 8.5000000000000018 1.5000000000000002 1.0000000180025095e-35 53.500000000000007 32.500000000000007 16.500000000000004 0.66904761904761911
decision_type=2 2 2 2 2 2 2 2 2 2 2 2 2 2
left_child=1 4 3 10 9 7 -6 -3 -5 -1 -2 -10 -9 -14
right_child=2 5 -4 8 6 -7 -8 12 11 -11 -12 -13 13 -15
leaf_value=0.060442869553576001 0.020304800085665847 -0.03043907936992853 0.058388348420410512 -0.031304012381107547 -0.043903716858811427 -0.043160492719255573 0.057668186955173978 0.031405414245037254 -0.016914057068924158 0.010318911614540623 -0.033788237786120216 0.025944181602469141 -0.013566921833804275 0.018854928132522476
leaf_weight=7.6547086834907523 21.39831763505936 13.706849128007887 7.6974584758281699 106.85650351643562 1.632789909839629 13.009165242314337 48.275226473808289 15.910572469234465 34.789068102836609 29.243310004472733 5.6362940371036521 8.485155910253523 32.910669177770615 23.819366663694382
leaf_count=21 68 48 21 421 6 50 132 52 118 89 22 30 113 71
internal_value=-5.26972e-05 0.0161164 -0.0163355 -0.0195821 0.0400513 -0.00479497 0.0543452 0.000985208 -0.0247339 0.0207174 0.00902725 -0.00851047 0.00691478 4.61126e-05
internal_weight=371.025 186.163 184.863 177.165 86.806 99.3566 49.908 86.3475 150.131 36.898 27.0346 43.2742 72.6406 56.73
internal_count=1262 582 680 659 248 334 138 284 569 110 90 148 236 184
is_linear=0
shrinkage=0.05


Tree=20
num_leaves=15
num_cat=0
split_feature=2 7 5 2 0 2 3 3 4 4 3 0 5 0
split_gain=46.8706 26.4545 18.9968 12.3017 9.36213 7.29009 6.80422 6.59103 5.08864 4.4591 4.28474 5.64829 4.49551 5.54053
threshold=0.66134305835010065 1.0000000180025095e-35 1.5000000000000002 0.46453722334004027 23.500000000000004 0.12390350877192984 53.500000000000007 49.500000000000007 9.5000000000000018 8.5000000000000018 18.500000000000004 30.500000000000004 1.5000000000000002 16.500000000000004
decision_type=2 2 2 2 2 2 2 2 2 2 2 2 2 2
left_child=1 2 4 5 -1 6 7 -3 10 -4 12 -12 -2 -14
right_child=8 3 9 -5 -6 -7 -8 -9 -10 -11 11 -13 13 -15
leaf_value=-0.013573487607850265 -0.043192316629562071 0.050821093974599101 0.029109258910309705 0.0020649526291129454 -0.051558882685389801 0.033001297825818357 0.042348591749007562 -0.036116183239924146 -0.043548659613851126 0.0022078732907466294 -0.052905272559934685 0.039903324118487217 -0.044372903162657851 0.014330588219072167
leaf_weight=56.504311263561249 7.4295271635055569 2.708350837230685 23.600791037082672 65.749445766210556 22.753035426139832 119.65816923975945 6.6489934325218192 11.178067922592161 45.765349626541138 44.353538125753403 13.482941925525664 1.8663066029548634 5.1505378484725979 18.302438497543335
leaf_count=152 20 8 68 182 63 365 20 30 124 124 36 5 14 51
internal_value=5.83494e-05 0.00833912 -0.00784689 0.0199092 -0.0244783 0.0282779 0.000755169 -0.0191603 -0.0317295 0.0115508 -0.0200296 -0.0416207 -0.00929841 0.00143864
internal_weight=445.152 353.155 147.212 205.943 79.2573 140.194 20.5354 13.8864 91.9971 67.9543 46.2318 15.3492 30.8825 23.453
internal_count=1262 1012 407 605 215 423 58 38 250 192 126 41 85 65
is_linear=0
shrinkage=0.05


Tree=21
num_leaves=15
num_cat=0
split_feature=2 2 8 4 5 4 0 3 5 6 2 0 2 4
split_gain=44.6614 15.3914 11.598 6.1931 4.98686 5.41929 4.22542 5.32936 4.06833 7.8314 4.5693 3.85398 4.92224 4.04059
threshold=0.47493734335839605 0.73330914368650224 1.0000000180025095e-35 15.500000000000002 2.5000000000000004 10.500000000000002 4.5000000000000009 52.500000000000007 3.5000000000000004 1.0000000180025095e-35 0.95744466800804839 3.5000000000000004 0.019237883832778396 9.5000000000000018
decision_type=2 2 2 2 2 2 2 2 2 2 2 2 2 2
left_child=6 2 -2 8 -4 -6 7 11 10 -10 -3 12 13 -1
right_child=1 3 4 -5 5 -7 -8 -9 9 -11 -12 -13 -14 -15
leaf_value=-0.0026029901762357225 0.025577437718176263 0.036090982065179564 -0.018986249347645753 0.081605183520892591 -0.038083869066159674 0.059652582152231529 -0.029198835504543125 -0.037392763299502127 -0.038466518627337479 0.10227826289530295 0.10697445300258222 0.13070095811664401 -0.037680929694941946 0.11269319953109561
leaf_weight=1.4112969934940323 45.642000466585159 19.717641562223442 33.73274502158165 9.5220011174678785 2.0761860758066168 4.4759799987077713 85.67613510787487 4.4891806691884995 4.0621919780969611 1.3061551749706266 2.5698372423648825 0.88543802499771107 2.2724412083625793 1.6463644206523893
leaf_count=9 210 82 205 29 13 22 596 31 24 4 8 5 15 9
internal_value=-7.97616e-06 0.0199488 0.00831965 0.0468267 -0.0112331 0.0286828 -0.0254983 0.00411945 0.0348523 -0.00422236 0.0442641 0.0341017 0.0180546 0.059477
internal_weight=219.486 123.105 85.9269 37.1778 40.2849 6.55217 96.3809 10.7047 27.6558 5.36835 22.2875 6.21554 5.3301 3.05766
internal_count=1262 597 450 147 240 35 665 69 118 28 90 38 33 18
is_linear=0
shrinkage=0.05


Tree=22
num_leaves=15
num_cat=0
split_feature=7 5 2 0 0 2 2 5 0 3 3 0 2 6
split_gain=35.1323 33.1322 16.3763 9.7936 8.75382 8.37761 6.77597 6.04879 5.97359 4.84872 4.73132 4.52789 5.17192 4.44634
threshold=1.0000000180025095e-35 1.5000000000000002 0.93968253968253979 8.5000000000000018 23.500000000000004 0.88268021286889231 0.92001062981663584 1.5000000000000002 8.5000000000000018 32.500000000000007 53.500000000000007 16.500000000000004 0.66904761904761911 1.0000000180025095e-35
decision_type=2 2 2 2 2 2 2 2 2 2 2 2 2 2
left_child=1 4 3 10 13 8 -6 -5 -3 -9 -2 -10 -13 -1
right_child=2 5 -4 7 6 -7 -8 9 11 -11 -12 12 -14 -15
leaf_value=0.050125216819553835 0.019362539467936455 -0.029704497532959812 0.055325056023731348 -0.030511187332804807 0.061643612978490636 -0.042676536273430682 -0.043565444526204977 -0.016548694737358836 0.029982798599498491 0.025572745351722749 -0.032868238821673175 -0.013043791397771924 0.017515758053366179 0.016278557686960109
leaf_weight=12.874528050422667 21.50140064954758 13.433017909526823 7.7664004266262046 103.71738004684448 33.647002160549164 12.627713888883589 1.6033265739679325 34.549127280712128 16.102157205343246 8.5163279473781568 5.4309718608856192 32.595047891139984 24.06859877705574 39.390174478292465
leaf_count=35 68 48 21 421 90 50 6 118 52 30 22 113 71 117
internal_value=-5.13901e-05 0.0151985 -0.0157096 -0.0188854 0.037603 -0.00464171 0.0568583 -0.0239708 0.000930215 -0.00821905 0.00883009 0.00658557 -6.32372e-05 0.0246161
internal_weight=367.823 186.342 181.482 173.715 87.515 98.8265 35.2503 146.783 86.1988 43.0655 26.9324 72.7658 56.6636 52.2647
internal_count=1262 582 680 659 248 334 96 569 284 148 90 236 184 152
is_linear=0
shrinkage=0.05


Tree=23
num_leaves=15
num_cat=0
split_feature=2 7 5 2 0 2 2 4 0 4 3 4 3 5
split_gain=42.2188 23.4773 16.7182 11.3687 8.73147 6.70672 6.41279 4.66875 4.18454 4.17885 4.05431 5.7166 4.03735 4.55446
threshold=0.66134305835010065 1.0000000180025095e-35 1.5000000000000002 0.46453722334004027 23.500000000000004 0.12390350877192984 0.12174833635813674 9.5000000000000018 7.5000000000000009 8.5000000000000018 46.500000000000007 10.500000000000002 17.500000000000004 1.5000000000000002
decision_type=2 2 2 2 2 2 2 2 2 2 2 2 2 2
left_child=1 2 4 5 10 6 -3 12 -5 -4 -1 -12 13 -2
right_child=7 3 9 8 -6 -7 -8 -9 -10 -11 11 -13 -14 -15
leaf_value=0.0050931537920129184 -0.041192501430578107 0.016285808141467378 0.028075865169888106 -0.065213462501573852 -0.049440749534109811 0.031746161314242051 -0.04975884556816626 -0.041600153008458991 0.0042222305205577388 0.0019217295306433629 -0.055391194894240742 -0.01047550041023255 -0.037837039365307391 0.0044410275678186976
leaf_weight=20.744782477617264 7.3778333365917232 15.503878504037859 23.3212830722332 2.2467554807662955 22.298126995563507 117.07879227399826 4.8175375163555136 45.324060529470444 63.359597027301788 44.253792941570282 9.7298699021339399 26.051279962062836 17.588610380887985 21.11963227391243
leaf_count=56 20 45 68 6 63 365 13 124 176 124 26 70 47 59
internal_value=4.68519e-05 0.00796141 -0.00730073 0.0189678 -0.0229451 0.0271439 0.000628799 -0.0302057 0.00184434 0.010948 -0.0124933 -0.0226893 -0.0189997 -0.00737324
internal_weight=440.816 349.406 146.399 203.007 78.8241 137.4 20.3214 91.4101 65.6064 67.5751 56.5259 35.7811 46.0861 28.4975
internal_count=1262 1012 407 605 215 423 58 250 182 192 152 96 126 79
is_linear=0
shrinkage=0.05


Tree=24
num_leaves=15
num_cat=0
split_feature=2 2 8 4 5 4 0 3 5 6 2 0 1 2
split_gain=41.0728 13.7305 10.2889 5.30487 4.63474 4.79364 4.20123 5.00821 3.58168 7.0925 3.96779 3.31119 5.0099 3.38896
threshold=0.47156334231805935 0.73330914368650224 1.0000000180025095e-35 15.500000000000002 2.5000000000000004 10.500000000000002 4.5000000000000009 52.500000000000007 3.5000000000000004 1.0000000180025095e-35 0.95744466800804839 50.500000000000007 25.500000000000004 0.7439775910364147
decision_type=2 2 2 2 2 2 2 2 2 2 2 2 2 2
left_child=6 2 -2 8 -4 -6 7 -1 10 -10 11 12 13 -3
right_child=1 3 4 -5 5 -7 -8 -9 9 -11 -12 -13 -14 -15
leaf_value=0.032519527367870844 0.023363770928303874 0.07124423168861492 -0.018631817092756364 0.07525662349455392 -0.037848115473478619 0.054691703674505793 -0.029207530249068477 -0.037222080023935789 -0.038283790852609696 0.094199262080747498 0.098358732973742813 -0.041416236360280301 0.11796546577593475 0.018406862859833714
leaf_weight=6.3303598165512067 47.822535589337349 3.9516073018312623 33.294163167476654 9.8527026772499067 1.9965266585350026 4.6791948676109314 81.482889875769615 4.3383068144321442 3.9474780708551398 1.3576806783676145 2.6819868981838217 1.3700432628393162 1.8189326524734486 13.079694822430609
leaf_count=38 217 16 206 29 13 22 588 31 24 4 8 6 6 54
internal_value=1.81581e-05 0.0185892 0.00771516 0.043672 -0.0110078 0.0270156 -0.0253445 0.0041598 0.0326396 -0.00437912 0.0412148 0.0336353 0.03909 0.0306662
internal_weight=218.004 125.853 87.7924 38.0601 39.9699 6.67572 92.1516 10.6687 28.2074 5.30516 22.9023 20.2203 18.8502 17.0313
internal_count=1262 605 458 147 241 35 657 69 118 28 90 82 76 70
is_linear=0
shrinkage=0.05


Tree=25
num_leaves=15
num_cat=0
split_feature=7 5 5 0 2 2 2 2 2 0 0 4 0 2
split_gain=31.5139 29.6073 15.2651 7.95103 7.9498 7.77945 7.39521 7.01556 6.12491 5.53313 4.81787 4.40565 4.2591 4.74536
threshold=1.0000000180025095e-35 1.5000000000000002 2.5000000000000004 23.500000000000004 0.88268021286889231 0.12390350877192984 0.12174833635813674 0.93968253968253979 0.92001062981663584 8.5000000000000018 19.500000000000004 18.500000000000004 16.500000000000004 0.71764549561520075
decision_type=2 2 2 2 2 2 2 2 2 2 2 2 2 2
left_child=1 3 5 -1 9 6 -2 -7 -5 11 -4 -3 -11 -14
right_child=2 4 10 8 -6 7 -8 -9 -10 12 -12 -13 13 -15
leaf_value=0.02312259531785581 -0.0081368551109496489 -0.03950961822027857 0.044267254286854324 0.058295056363395083 -0.04221004686663566 -0.024745291175343798 0.06449014284190456 0.073147707088061217 -0.043097926376889473 0.028785108702267345 -0.028803007791740838 0.050525070747530543 -0.0081059133247200193 0.026408252296418629
leaf_weight=52.696858793497086 12.87315906584263 11.627150222659109 13.142758101224898 33.659695506095886 12.248301580548285 142.72480510175228 4.8164596855640402 1.8539764583110798 1.5584029257297505 16.262612640857697 2.7233083844184867 1.5385064482688893 43.728916585445404 12.895940661430357
leaf_count=152 45 43 39 90 50 569 13 5 6 52 9 5 146 38
internal_value=-4.89862e-05 0.0143332 -0.0150837 0.0354151 -0.00452114 -0.0196605 0.0116377 -0.02349 0.0538084 0.000843274 0.0317252 -0.0289884 0.00623176 -0.000245538
internal_weight=364.351 186.216 178.134 87.915 98.3014 162.268 17.6896 144.579 35.2181 86.0531 15.8661 13.1657 72.8875 56.6249
internal_count=1262 582 680 248 334 632 58 574 96 284 48 48 236 184
is_linear=0
shrinkage=0.05


Tree=26
num_leaves=15
num_cat=0
split_feature=2 7 5 2 0 2 2 4 6 4 2 3 0 3
split_gain=38.056 20.9176 14.7432 10.4512 8.06788 6.18599 5.94342 4.28828 4.10293 6.46387 3.98108 4.66129 3.83 3.99092
threshold=0.66134305835010065 1.0000000180025095e-35 1.5000000000000002 0.46453722334004027 23.500000000000004 0.12390350877192984 0.12174833635813674 9.5000000000000018 1.0000000180025095e-35 15.500000000000002 0.019803921568627456 54.500000000000007 7.5000000000000009 33.500000000000007
decision_type=2 2 2 2 2 2 2 2 2 2 2 2 2 2
left_child=1 2 4 5 -1 6 10 -2 9 -4 11 -3 -5 -14
right_child=7 3 8 12 -6 -7 -8 -9 -10 -11 -12 -13 13 -15
leaf_value=-0.011621465310058358 -0.018053614676334342 -0.039141762365057835 0.024474040124164376 -0.06257927210203118 -0.047457008085197108 0.030551801684771552 -0.048164122989427988 -0.039801592780048453 -0.029910487263399285 -0.011327332507446997 0.04460884754579425 0.034733332086796423 0.0079649987652946827 -0.03557167731821597
leaf_weight=56.493615329265594 45.885214358568192 4.8638861775398272 43.677364677190781 2.238084912300109 21.754291385412216 114.46850693225861 4.7830810248851767 44.794185101985931 5.7840640544891349 17.723587691783905 6.6988388895988455 3.8061686754226685 57.450505524873734 5.7947759330272666
leaf_count=152 126 13 127 6 63 365 13 124 16 49 20 12 160 16
internal_value=3.18408e-05 0.00759735 -0.00683295 0.0180851 -0.0215844 0.0260547 0.000509847 -0.0287968 0.0103475 0.0141399 0.0156581 -0.00671047 0.00170128 0.003976
internal_weight=436.216 345.537 145.433 200.104 78.2479 134.62 20.152 90.6794 67.185 61.401 15.3689 8.67005 65.4834 63.2453
internal_count=1262 1012 407 605 215 423 58 250 192 176 45 25 182 176
is_linear=0
shrinkage=0.05


Tree=27
num_leaves=15
num_cat=0
split_feature=2 2 8 4 5 0 3 4 2 5 6 3 1 2
split_gain=37.7878 12.0753 9.2459 4.66401 4.30942 4.06375 4.61558 3.7477 3.4079 3.22841 6.45708 3.43446 3.14113 4.03107
threshold=0.47156334231805935 0.73330914368650224 1.0000000180025095e-35 15.500000000000002 3.5000000000000004 4.5000000000000009 52.500000000000007 14.500000000000002 0.66431924882629112 3.5000000000000004 1.0000000180025095e-35 2.5000000000000004 6.5000000000000009 0.53708791208791218
decision_type=2 2 2 2 2 2 2 2 2 2 2 2 2 2
left_child=5 2 12 9 7 6 -1 -4 -9 11 -11 -3 -2 -14
right_child=1 3 4 -5 -6 -7 -8 8 -10 10 -12 -13 13 -15
leaf_value=0.030421264001569338 0.0062641885615778437 0.090637067305111049 -0.024303246376817796 0.070020115041391412 0.085488645596429602 -0.02877424883675397 -0.037024201467266038 -0.011718361093663809 0.042084960115088707 -0.038147985367950936 0.087169081333361639 0.031456518792123203 0.054147255609756841 0.016577059730621832
leaf_weight=6.5040043145418149 19.321421712636948 2.781741648912436 25.912827908992767 10.111626416444777 1.1323246359825123 78.755344368517399 4.1585388034582138 7.5997701287269575 4.8032693266868591 3.8673108965158454 1.4000323712825773 20.653186038136482 12.233089983463289 17.147228822112083
leaf_count=38 97 8 168 29 4 588 31 47 22 24 4 82 46 74
internal_value=4.5734e-05 0.0175808 0.00734879 0.0408187 -0.0106437 -0.0248522 0.0041166 -0.0134847 0.00911781 0.0305312 -0.00483936 0.0384813 0.0219227 0.0322202
internal_weight=216.382 126.964 88.1499 38.8139 39.4482 89.4179 10.6625 38.3159 12.403 28.7023 5.26734 23.4349 48.7017 29.3803
internal_count=1262 605 458 147 241 657 69 237 69 118 28 90 217 120
is_linear=0
shrinkage=0.05


Tree=28
num_leaves=15
num_cat=0
split_feature=7 5 5 2 0 2 2 2 6 0 3 4 4 0
split_gain=28.2409 26.5598 13.9682 7.63314 7.50733 7.19837 6.47855 6.47675 5.24 5.20129 4.86304 4.42545 4.12586 3.96491
threshold=1.0000000180025095e-35 1.5000000000000002 2.5000000000000004 0.88268021286889231 16.500000000000004 0.12390350877192984 0.12174833635813674 0.93968253968253979 1.0000000180025095e-35 8.5000000000000018 10.500000000000002 4.5000000000000009 18.500000000000004 16.500000000000004
decision_type=2 2 2 2 2 2 2 2 2 2 2 2 2 2
left_child=1 4 5 9 8 6 -2 -7 -1 12 -6 -4 -3 -11
right_child=2 3 11 -5 10 7 -8 -9 -10 13 -12 -13 -14 -15
leaf_value=0.053055832859592381 -0.0075569460997204439 -0.038972707473878147 -0.045183507566665573 -0.04186480891389957 -0.042510358022199671 -0.023959151340655183 0.060315374996769013 0.069907358101159139 0.0071282758885545337 0.027595957790110107 0.04881006192775645 0.039283311499580802 0.047355199427584226 -0.00031676573549146493
leaf_weight=7.8264437913894644 12.71342481672764 11.350753828883169 1.7402458190917958 11.950738877058027 1.5027655065059651 139.322181224823 4.8598410189151755 1.8622691929340351 30.078529268503189 16.417198240756989 48.77409765124321 14.236478060483931 1.5762515664100636 56.529873311519623
leaf_count=21 45 43 6 50 6 569 13 5 89 52 132 42 5 184
internal_value=-4.61561e-05 0.0135131 -0.0144801 -0.00442525 0.0334131 -0.0189648 0.011213 -0.022721 0.0166112 0.000785053 0.0460805 0.0300829 -0.0284463 0.00596517
internal_weight=360.741 186.007 174.734 97.8248 88.1818 158.758 17.5733 141.184 37.905 85.8741 50.2769 15.9767 12.927 72.9471
internal_count=1262 582 680 334 248 632 58 574 110 284 138 48 48 236
is_linear=0
shrinkage=0.05


Tree=29
num_leaves=15
num_cat=0
split_feature=2 7 5 2 0 2 2 4 3 0 6 4 3 4
split_gain=34.3776 18.6463 13.0426 9.62811 7.48849 5.57186 5.32397 3.95594 3.84961 5.31249 3.83255 6.03046 3.79595 5.38974
threshold=0.66134305835010065 1.0000000180025095e-35 1.5000000000000002 0.46453722334004027 23.500000000000004 0.12390350877192984 0.12174833635813674 9.5000000000000018 18.500000000000004 30.500000000000004 1.0000000180025095e-35 15.500000000000002 46.500000000000007 10.500000000000002
decision_type=2 2 2 2 2 2 2 2 2 2 2 2 2 2
left_child=1 2 4 5 12 6 -3 8 -2 -10 11 -4 -1 -14
right_child=7 3 10 -5 -6 -7 -8 -9 9 -11 -12 -13 13 -15
leaf_value=0.0061886892755881927 -0.0068889534049763213 0.015072604095571332 0.023588435053634491 0.001567805868230535 -0.045689569529915847 0.029382218526481225 -0.045760818500999778 -0.038155467636738306 -0.048599183865540678 0.041614495883713798 -0.029005102851794241 -0.011029179117768056 -0.052526804917774096 -0.0088551527929460038
leaf_weight=20.758119195699692 30.417786449193954 15.189633131027223 43.222660392522812 65.336428701877594 21.160500466823578 111.82560527324677 4.7123862504959098 44.206069737672806 13.435200452804564 1.8575235903263081 5.8047826290130606 17.745483726263046 9.691741079092024 26.066546618938446
leaf_count=56 85 45 127 182 63 365 13 124 36 5 16 49 26 70
internal_value=1.5656e-05 0.00725781 -0.00638824 0.0172605 -0.0203181 0.025044 0.000668509 -0.0274909 -0.0171774 -0.0376414 0.00981638 0.0135126 -0.0108187 -0.0206917
internal_weight=431.43 341.514 144.45 197.064 77.6769 131.728 19.902 89.9166 45.7105 15.2927 66.7729 60.9681 56.5164 35.7583
internal_count=1262 1012 407 605 215 423 58 250 126 41 192 176 152 96
is_linear=0
shrinkage=0.05


Tree=30
num_leaves=15
num_cat=0
split_feature=2 2 8 2 6 5 2 0 3 5 2 4 5 4
split_gain=34.7369 10.5536 9.56454 6.80609 4.80606 4.78366 5.95332 3.82948 4.30384 3.69528 6.62646 4.41597 3.48585 5.15207
threshold=0.47493734335839605 0.82200460829493094 1.0000000180025095e-35 0.93968253968253979 1.0000000180025095e-35 3.5000000000000004 0.95744466800804839 4.5000000000000009 52.500000000000007 1.5000000000000002 0.64218328840970362 8.5000000000000018 2.5000000000000004 10.500000000000002
decision_type=2 2 2 2 2 2 2 2 2 2 2 2 2 2
left_child=7 2 9 -3 5 6 -5 8 -1 11 -11 -2 -4 -14
right_child=1 3 12 4 -6 -7 -8 -9 -10 10 -12 -13 13 -15
leaf_value=0.028765301331128104 0.020050553842412184 0.085627263745181814 -0.012973377098603946 0.0030340827571475656 0.079639428623413069 -0.03790205618466095 0.083495614237011184 -0.027888586836754492 -0.036857878131001408 -0.013281968197147748 0.034175019398921806 0.062505652832905531 -0.038206863374185308 0.047530873169257526
leaf_weight=6.6442977190017682 14.342402040958406 7.5990900099277523 38.94332629442215 6.4209483712911624 3.6284505128860465 3.2599073350429526 3.5810519456863403 77.536717586219311 4.0042703226208687 13.766628444194795 15.79516778886318 10.690409824252127 2.4774232208728773 5.9853996634483337
leaf_count=38 58 23 235 26 10 21 10 596 31 77 57 39 16 25
internal_value=6.09157e-05 0.0168545 0.00977784 0.0463295 0.0286491 0.0146982 0.031842 -0.0240273 0.00408847 0.0240452 0.0120748 0.0381813 -0.00665293 0.0224318
internal_weight=214.675 126.49 102.001 24.4894 16.8904 13.2619 10.002 88.1853 10.6486 54.5946 29.5618 25.0328 47.4061 8.46282
internal_count=1262 597 507 90 67 57 36 665 69 231 134 97 276 41
is_linear=0
shrinkage=0.05


Tree=31
num_leaves=15
num_cat=0
split_feature=7 5 5 2 0 2 2 2 3 0 0 6 0 3
split_gain=25.358 23.9603 12.9126 7.27256 7.04614 6.68582 6.01446 5.69621 5.05374 4.89191 4.27307 3.90228 4.63313 3.92795
threshold=1.0000000180025095e-35 1.5000000000000002 2.5000000000000004 0.88268021286889231 23.500000000000004 0.12390350877192984 0.93968253968253979 0.12174833635813674 10.500000000000002 8.5000000000000018 19.500000000000004 1.0000000180025095e-35 4.5000000000000009 46.500000000000007
decision_type=2 2 2 2 2 2 2 2 2 2 2 2 2 2
left_child=1 4 5 9 11 7 -7 -2 -6 -3 -4 -1 -13 -14
right_child=2 3 10 -5 8 6 -8 -9 -10 -11 -12 12 13 -15
leaf_value=0.044010437617711978 -0.006924217110654116 -0.027950252761449607 0.040416149305054896 -0.041478848946663871 -0.042066352043234979 -0.02321713150568458 0.067221596630774788 0.056725770582326987 0.053177341021814845 0.0056772185746301052 -0.028532141947611556 -0.037003272988718576 -0.0039026950623995147 0.03054876868256632
leaf_weight=13.071575194597242 12.600830063223841 12.694497957825659 13.344402968883516 11.603391394019125 1.4536343663930882 136.10501988232136 1.8635175228118885 4.8748915195465079 33.265929579734802 73.050390303134918 2.7021979987621298 4.2190964519977561 12.801797091960905 23.389952450990677
leaf_count=35 45 48 39 50 6 569 5 13 90 236 9 13 38 66
internal_value=-3.63895e-05 0.0127739 -0.0138969 -0.00432865 0.0316499 -0.0183051 -0.0219956 0.0108311 0.0491897 0.000698684 0.0288055 0.0202634 0.0125821 0.0183625
internal_weight=357.041 185.55 171.491 97.3483 88.202 155.444 137.969 17.4757 34.7196 85.7449 16.0466 53.4824 40.4108 36.1917
internal_count=1262 582 680 334 248 632 574 58 96 284 48 152 117 104
is_linear=0
shrinkage=0.05


Tree=32
num_leaves=15
num_cat=0
split_feature=2 7 1 2 5 2 3 3 6 0 4 1 2 3
split_gain=31.2668 16.5596 11.6906 8.84123 7.13057 5.0336 5.05315 5.49365 4.9348 4.50305 5.69428 4.75886 5.1854 4.36163
threshold=0.66134305835010065 1.0000000180025095e-35 7.5000000000000009 0.46453722334004027 1.5000000000000002 0.12390350877192984 53.500000000000007 49.500000000000007 1.0000000180025095e-35 18.500000000000004 3.5000000000000004 -15.499999999999998 0.56100478468899528 44.500000000000007
decision_type=2 2 2 2 2 2 2 2 2 2 2 2 2 2
left_child=1 2 4 5 8 6 7 -3 -1 10 -6 13 -13 -12
right_child=-2 3 -4 -5 9 -7 -8 -9 -10 -11 11 12 -14 -15
leaf_value=-0.033071375669272846 -0.026350157557433571 0.049014796182866915 -0.043431790447313316 0.0014716566290302715 0.049818616900797669 0.028259985022103608 0.038517238100223262 -0.031679412920022999 -0.0027682085096758604 0.024732767198343233 0.032804456542789774 -0.0058511994048407248 -0.061399294004750117 -0.05261332741910342
leaf_weight=20.094139456748962 89.072309643030167 2.6105955839157131 18.154308378696442 65.231891691684723 4.6223124861717215 109.19246116280556 6.1250919699668875 10.981724739074705 40.539319306612015 31.172355383634567 8.3534990549087542 12.179167836904528 6.4137984216213217 1.8201184272766102
leaf_count=57 250 8 54 182 14 365 20 30 109 91 25 34 18 5
internal_value=-1.98395e-07 0.00695422 -0.005935 0.0164713 -0.000497643 0.0240615 0.000810697 -0.016181 -0.0128108 0.0110664 -0.00169274 -0.00996976 -0.025013 0.0175227
internal_weight=426.563 337.491 143.349 194.142 125.195 128.91 19.7174 13.5923 60.6335 64.5613 33.3889 28.7666 18.593 10.1736
internal_count=1262 1012 407 605 353 423 58 38 166 187 96 82 52 30
is_linear=0
shrinkage=0.05


Tree=33
num_leaves=15
num_cat=0
split_feature=2 2 8 4 0 3 5 4 7 5 6 2 0 1
split_gain=31.9935 9.69068 7.46696 3.78305 3.76564 3.96589 3.74071 3.59638 2.80419 2.72929 5.48733 2.73909 2.79526 3.57198
threshold=0.47156334231805935 0.73330914368650224 1.0000000180025095e-35 15.500000000000002 4.5000000000000009 52.500000000000007 2.5000000000000004 10.500000000000002 1.0000000180025095e-35 3.5000000000000004 1.0000000180025095e-35 0.95744466800804839 50.500000000000007 25.500000000000004
decision_type=2 2 2 2 2 2 2 2 2 2 2 2 2 2
left_child=4 2 -2 9 5 8 -4 -8 -1 11 -11 12 13 -3
right_child=1 3 6 -5 -6 -7 7 -9 -10 10 -12 -13 -14 -15
leaf_value=0.057288820759894887 0.019262069829466492 0.025509094644824107 -0.017311613789616171 0.06213148095942192 -0.027899287239680028 -0.036697820667879827 -0.037377576189256793 0.044691769772506496 -0.0069171289502839078 -0.037951444197692134 0.076617666145557428 0.079686441292881646 -0.041628229975835707 0.095352174946961132
leaf_weight=3.5800643116235715 50.257736682891846 17.950842946767821 31.54481440782547 10.427085578441618 73.55513297021389 3.8476736396551132 1.8061656281352032 5.1158791482448578 3.2392800897359848 3.7303850650787345 1.4518868029117582 2.9034250080585471 1.3529957681894291 2.038529932498931
leaf_count=17 217 70 206 29 588 31 13 22 21 24 4 8 6 6
internal_value=8.13144e-05 0.0157719 0.00657207 0.0362524 -0.0238731 0.00388955 -0.0100077 0.0232775 0.0267901 0.0270828 -0.00585329 0.0341226 0.027924 0.0326317
internal_weight=212.802 128.58 88.7246 39.8552 84.2222 10.667 38.4669 6.92204 6.81934 29.4281 5.18227 24.2458 21.3424 19.9894
internal_count=1262 605 458 147 657 69 241 35 38 118 28 90 82 76
is_linear=0
shrinkage=0.05


Tree=34
num_leaves=15
num_cat=0
split_feature=7 5 5 2 0 2 3 2 3 0 4 4 5 4
split_gain=22.719 21.6607 11.9619 6.96498 6.63664 6.18741 5.56245 5.10724 4.57654 4.53098 3.99727 3.84513 3.71937 3.63924
threshold=1.0000000180025095e-35 1.5000000000000002 2.5000000000000004 0.88268021286889231 23.500000000000004 0.12390350877192984 5.5000000000000009 0.12174833635813674 10.500000000000002 8.5000000000000018 4.5000000000000009 18.500000000000004 1.5000000000000002 6.5000000000000009
decision_type=2 2 2 2 2 2 2 2 2 2 2 2 2 2
left_child=1 4 5 9 -1 7 -7 13 -6 11 -4 -3 -8 -2
right_child=2 3 10 -5 8 6 12 -9 -10 -11 -12 -13 -14 -15
leaf_value=0.019041661135002871 0.045379908747561121 -0.038011068411222433 -0.044717285242960869 -0.041149298293543135 -0.041513676847631298 0.064580792798929698 -0.027478777178439502 0.05389006348410233 0.050955492641293648 0.0053622435147710626 0.03625829254507508 0.044899202098027773 -0.0084868119218491061 -0.020581343735798022
leaf_weight=53.669799149036407 2.6582569181919125 10.818837344646452 1.7047250866889978 11.295654729008673 1.3947814404964436 1.8602493405342091 97.989191994071007 4.8675718009471884 32.916779786348343 73.186746627092361 14.378554075956343 1.6059972047805775 34.982470780611038 9.8007386326789838
leaf_count=152 9 43 6 50 6 5 442 13 90 236 42 5 127 36
internal_value=-3.73029e-05 0.0120606 -0.0133322 -0.00424623 0.0300217 -0.0176667 -0.0212811 0.0104598 0.0471966 0.000622785 0.0276754 -0.0272943 -0.0224823 -0.00650782
internal_weight=353.13 184.889 168.242 96.9072 87.9814 152.158 134.832 17.3266 34.3116 85.6116 16.0833 12.4248 132.972 12.459
internal_count=1262 582 680 334 248 632 574 58 96 284 48 48 569 45
is_linear=0
shrinkage=0.05


Tree=35
num_leaves=15
num_cat=0
split_feature=2 7 1 2 3 4 2 3 4 4 2 4 2 4
split_gain=28.3505 14.6679 10.7279 8.16657 6.65316 4.74349 4.52586 4.64098 5.18659 3.61785 3.78132 3.59015 4.1041 3.53487
threshold=0.66134305835010065 1.0000000180025095e-35 7.5000000000000009 0.46453722334004027 48.500000000000007 10.500000000000002 0.12390350877192984 53.500000000000007 14.500000000000002 7.5000000000000009 0.53708791208791218 8.5000000000000018 0.14185110663983905 12.500000000000002
decision_type=2 2 2 2 2 2 2 2 2 2 2 2 2 2
left_child=1 2 4 6 11 -6 7 8 -3 -5 -11 -1 -13 -2
right_child=13 3 -4 9 5 -7 -8 -9 -10 10 -12 12 -14 -15
leaf_value=0.019139877569486523 -0.017239969505993352 -0.045720428651139976 -0.041894417402360731 0.014382345959244792 -0.059588964584914396 -0.010630165069023185 0.027184093717636495 0.03761414516597239 0.016336194604901697 -0.029530805282689518 0.003724904969930885 0.056947922875249551 -0.0040693356137166499 -0.037772964495876415
leaf_weight=34.179476380348206 54.05432915687561 6.8712313175201434 17.72223562002182 29.237666487693787 6.2522807121276882 23.705075770616531 106.59201318025589 5.9806316494941703 6.6022248864173889 14.061324030160902 21.79927122592926 2.8947092294692984 57.441133767366409 34.237090796232224
leaf_count=101 151 19 54 82 17 64 365 20 19 39 61 8 163 99
internal_value=-9.79787e-06 0.00666288 -0.00549757 0.0157092 -0.000315446 -0.0208482 0.0231365 0.000958973 -0.0153116 0.00132821 -0.00931502 0.00619256 -0.00114193 -0.0252021
internal_weight=421.631 333.339 142.195 191.144 124.473 29.9574 126.046 19.4541 13.4735 65.0983 35.8606 94.5153 60.3358 88.2914
internal_count=1262 1012 407 605 353 81 423 58 38 182 100 272 171 250
is_linear=0
shrinkage=0.05


Tree=36
num_leaves=15
num_cat=0
split_feature=2 2 8 0 3 5 4 4 2 3 0 2 4 5
split_gain=29.431 8.63904 6.77484 3.63065 3.69211 3.46068 3.42084 3.29138 2.76736 2.68458 2.58316 3.79406 2.97221 2.49469
threshold=0.47156334231805935 0.73330914368650224 1.0000000180025095e-35 4.5000000000000009 52.500000000000007 3.5000000000000004 15.500000000000002 14.500000000000002 0.69905660377358492 18.500000000000004 3.5000000000000004 0.019237883832778396 9.5000000000000018 3.5000000000000004
decision_type=2 2 2 2 2 2 2 2 2 2 2 2 2 2
left_child=3 2 9 4 10 7 13 -4 -9 -2 11 12 -1 -3
right_child=1 6 5 -5 -6 -7 -8 8 -10 -11 -12 -13 -14 -15
leaf_value=-0.0069022028532765914 -0.027989362870696779 0.032095321963162407 -0.023145708225671566 -0.027460689138038348 -0.036539323573516601 0.073679152957795188 0.05864838792814997 -0.0056596849666588917 0.047783571266664687 0.021025939976460961 0.095631544206275676 -0.037852512057269201 0.08532831747473428 -0.0062687912921995451
leaf_weight=1.5646070837974533 2.9662462174892417 24.609983339905742 24.349031813442707 71.106821365654469 3.6925114318728447 1.2045055180788029 10.534275203943251 9.1801777482032758 3.2904647141695014 47.976730316877365 1.0999549180269239 2.3027878999710083 1.9776085764169691 5.1188639849424353
leaf_count=9 11 90 168 588 31 4 29 56 13 206 5 15 9 28
internal_value=9.56432e-05 0.0149483 0.00625149 -0.023385 0.00385891 -0.00971896 0.0341651 -0.0124472 0.00844169 0.0181719 0.0253379 0.0121096 0.0445898 0.0254896
internal_weight=210.975 129.23 88.9672 81.7443 10.6375 38.0242 40.2631 36.8197 12.4706 50.943 6.94496 5.845 3.54222 29.7288
internal_count=1262 605 458 657 69 241 147 237 69 217 38 33 18 118
is_linear=0
shrinkage=0.05


Tree=37
num_leaves=15
num_cat=0
split_feature=7 5 5 2 0 2 5 2 0 3 0 0 2 4
split_gain=20.3871 19.8086 11.0838 6.65788 6.33431 5.70283 5.24093 4.60138 4.19394 4.1673 3.78112 3.64088 4.14582 3.62442
threshold=1.0000000180025095e-35 1.5000000000000002 2.5000000000000004 0.88268021286889231 23.500000000000004 0.12390350877192984 1.5000000000000002 0.12174833635813674 8.5000000000000018 10.500000000000002 19.500000000000004 16.500000000000004 0.7421798631476052 18.500000000000004
decision_type=2 2 2 2 2 2 2 2 2 2 2 2 2 2
left_child=1 4 5 8 -1 7 -7 -2 13 -6 -4 -10 -13 -3
right_child=2 3 10 -5 9 6 -8 -9 11 -11 -12 12 -14 -15
leaf_value=0.017952322437341645 -0.006170777842356763 -0.037458737994502098 0.037372312019569469 -0.040852585891892064 -0.040986552151941365 -0.026767114484372096 -0.0044958560030247865 0.051347615161715668 0.025528086531367712 0.04910428961367394 -0.027853811296065845 -0.0054498529023865559 0.040458304502544097 0.042587518790117317
leaf_weight=53.907021224498749 12.331864520907404 10.530254527926443 13.453511267900469 10.99269178509712 1.3363638222217549 95.172486990690231 36.563934355974197 4.8424591124057761 16.676067620515823 32.517884492874146 2.6613936126232138 51.28757980465889 5.4393607079982749 1.6335266232490528
leaf_count=152 45 43 39 50 6 442 132 13 52 90 9 168 16 5
internal_value=-2.4658e-05 0.0114043 -0.0127899 -0.00422223 0.0285975 -0.0170527 -0.0205856 0.0100471 0.000483639 0.045548 0.0266001 0.00498979 -0.00104787 -0.026709
internal_weight=349.346 184.321 165.026 96.5595 87.7613 148.911 131.736 17.1743 85.5668 33.8542 16.1149 73.403 56.7269 12.1638
internal_count=1262 582 680 334 248 632 574 58 284 96 48 236 184 48
is_linear=0
shrinkage=0.05


Tree=38
num_leaves=15
num_cat=0
split_feature=2 7 1 2 3 4 2 3 3 8 4 3 4 2
split_gain=25.6653 12.9616 9.87029 7.43208 6.12946 5.14577 4.08627 4.29289 4.88256 3.81602 3.50355 3.85847 3.33858 3.5498
threshold=0.66134305835010065 1.0000000180025095e-35 7.5000000000000009 0.46453722334004027 46.500000000000007 10.500000000000002 0.12390350877192984 53.500000000000007 49.500000000000007 1.0000000180025095e-35 8.5000000000000018 45.500000000000007 7.5000000000000009 0.53708791208791218
decision_type=2 2 2 2 2 2 2 2 2 2 2 2 2 2
left_child=1 2 4 6 10 -6 7 8 -3 -7 -1 -12 -5 -14
right_child=-2 3 -4 12 5 9 -8 -9 -10 -11 11 -13 13 -15
leaf_value=0.019921074719229215 -0.024120170376931076 0.047818018930652191 -0.040481128269643445 0.013861329319502192 -0.052703623852430603 0.0031086328477304445 0.026097299372193947 0.036751600213425294 -0.029303002440411147 -0.039723767697137667 -0.0033759288899652207 0.065333289994807794 -0.028469480452448723 0.0037288870254461939
leaf_weight=32.802197903394699 87.367856651544571 2.5331667959690121 17.28199890255928 29.1234150826931 8.054509222507475 21.242008775472645 103.89775946736336 5.835033267736434 10.811523407697676 6.8856330811977378 52.912422955036163 2.1253386735916129 14.101607054471968 21.782744199037552
leaf_count=98 250 8 54 82 22 57 365 20 30 19 151 6 39 61
internal_value=-2.77481e-05 0.00636257 -0.00508056 0.0149595 -0.000147632 -0.0174669 0.0221829 0.000978519 -0.0146634 -0.00737672 0.00698636 -0.000722653 0.00128368 -0.00892423
internal_weight=416.757 329.389 141.304 188.085 124.022 36.1822 123.077 19.1797 13.3447 28.1276 87.84 55.0378 65.0078 35.8844
internal_count=1262 1012 407 605 353 98 423 58 38 76 255 157 182 100
is_linear=0
shrinkage=0.05


Tree=39
num_leaves=15
num_cat=0
split_feature=2 2 8 2 6 5 2 0 3 5 2 4 6 4
split_gain=27.0968 7.63753 7.09156 5.47413 3.96411 3.84624 4.89042 3.39698 3.45415 3.29751 5.52565 3.47322 3.0126 2.96274
threshold=0.47493734335839605 0.82200460829493094 1.0000000180025095e-35 0.93968253968253979 1.0000000180025095e-35 3.5000000000000004 0.95744466800804839 4.5000000000000009 52.500000000000007 1.5000000000000002 0.64218328840970362 8.5000000000000018 1.0000000180025095e-35 19.500000000000004
decision_type=2 2 2 2 2 2 2 2 2 2 2 2 2 2
left_child=7 2 9 -3 5 6 -5 8 -1 11 12 -2 -11 -4
right_child=1 3 13 4 -6 -7 -8 -9 -10 10 -12 -13 -14 -15
leaf_value=0.024078898873170128 0.017258760315172851 0.0732490466727546 -0.0089300893449202352 -0.00017638013246253363 0.068975458926790342 -0.037717412124344124 0.071416978811981821 -0.026557632979548149 -0.036397042910335846 -0.019889004750578879 0.028547855832779592 0.053970367917431629 0.077117976741665095 0.052168375693768448
leaf_weight=7.0458546355366689 14.851161733269693 7.9887667298316982 44.199231021106243 6.6977154761552828 3.7117375731468192 3.1532643884420386 3.7046359181404114 70.200763233006001 3.5511015802621841 13.220647141337395 16.641775608062744 11.379082739353178 0.851914122700692 2.0774002224206916
leaf_count=38 58 23 267 26 10 21 10 596 31 73 57 39 4 9
internal_value=0.000112988 0.0143808 0.00835058 0.0390261 0.0231928 0.0106568 0.0253205 -0.0225744 0.00381306 0.020165 0.00904592 0.0331848 -0.0140165 -0.00618732
internal_weight=209.275 128.477 103.221 25.2561 17.2674 13.5556 10.4024 80.7977 10.597 56.9446 30.7143 26.2302 14.0726 46.2766
internal_count=1262 597 507 90 67 57 36 665 69 231 134 97 77 276
is_linear=0
shrinkage=0.05


Tree=40
num_leaves=15
num_cat=0
split_feature=7 5 5 2 0 2 3 2 0 3 4 0 2 4
split_gain=18.2957 18.1748 10.321 6.38081 6.06828 5.25545 5.1392 4.15901 3.90825 3.86699 3.62553 3.41489 3.85839 3.39114
threshold=1.0000000180025095e-35 1.5000000000000002 2.5000000000000004 0.88268021286889231 23.500000000000004 0.12390350877192984 5.5000000000000009 0.12174833635813674 8.5000000000000018 10.500000000000002 4.5000000000000009 16.500000000000004 0.7421798631476052 18.500000000000004
decision_type=2 2 2 2 2 2 2 2 2 2 2 2 2 2
left_child=1 4 5 8 -1 7 -7 -2 13 -6 -4 -10 -13 -3
right_child=2 3 10 -5 9 6 -8 -9 11 -11 -12 12 -14 -15
leaf_value=0.016946340560581072 -0.0058435136731997787 -0.036953653208759214 -0.044217081643278908 -0.040572305684256488 -0.040639535898461254 0.06281793498342729 -0.021108931485377957 0.049079315834815888 0.02445256560450252 0.047484091757990142 0.033734969163914046 -0.005477347931096721 0.038576701595748941 0.039993380657294325
leaf_weight=54.057754904031754 12.205052420496942 10.251711025834082 1.6631159782409692 10.71614135801792 1.2951567322015751 1.8506164252758015 127.00330245494843 4.8034048378467551 16.812942653894424 32.069704502820969 14.464586824178694 51.234214216470718 5.5041634440422049 1.664323329925536
leaf_count=152 45 43 6 50 6 5 569 13 52 90 42 168 16 5
internal_value=-1.09476e-05 0.0107949 -0.0122588 -0.0042027 0.0272955 -0.0164554 -0.0199036 0.00966739 0.000357425 0.0440633 0.0256964 0.00466102 -0.00120369 -0.0262064
internal_weight=345.596 183.606 161.99 96.1835 87.4226 145.862 128.854 17.0085 85.4674 33.3649 16.1277 73.5513 56.7384 11.916
internal_count=1262 582 680 334 248 632 574 58 284 96 48 236 184 48
is_linear=0
shrinkage=0.05


Tree=41
num_leaves=15
num_cat=0
split_feature=2 7 1 2 3 4 2 5 2 3 3 0 4 0
split_gain=23.2836 11.5122 9.08658 6.71862 5.605 4.29007 4.09082 3.88847 3.90715 3.97627 4.51747 3.83631 3.25536 3.12929
threshold=0.66134305835010065 1.0000000180025095e-35 7.5000000000000009 0.47493734335839605 48.500000000000007 10.500000000000002 0.53708791208791218 2.5000000000000004 0.12390350877192984 53.500000000000007 49.500000000000007 25.500000000000004 12.500000000000002 16.500000000000004
decision_type=2 2 2 2 2 2 2 2 2 2 2 2 2 2
left_child=1 2 4 7 -1 -6 11 8 9 10 -3 -5 13 -2
right_child=12 3 -4 6 5 -7 -8 -9 -10 -11 -12 -13 -14 -15
leaf_value=0.0059840166773920435 -0.042513032276379342 0.046920796252205653 -0.03918411423320884 0.016417820043635817 -0.056229688465084617 -0.0092645951110351659 0.010187220885645264 -0.051664695733245829 0.025721396257137447 0.035933350337685972 -0.028108142160506246 -0.030574315320482 -0.03540737953295145 -0.010046491593127529
leaf_weight=93.696599185466766 8.9066909253597242 2.4680603742599514 16.830086022615433 6.0861016511917141 6.1207616627216366 23.651906400918961 38.701519966125488 1.8210121393203724 104.42471805214882 5.691954940557479 10.721078962087629 15.165413498878477 33.134770721197128 44.52043879032135
leaf_count=272 26 8 54 17 17 64 109 5 375 20 30 41 99 125
internal_value=-4.82164e-05 0.00608299 -0.00471908 0.0142715 -2.11538e-05 -0.0189198 0.000508887 0.0208656 0.0219368 0.00100549 -0.0140681 -0.0171165 -0.0230949 -0.0154589
internal_weight=411.941 325.379 140.299 185.08 123.469 29.7727 59.953 125.127 123.306 18.8811 13.1891 21.2515 86.5619 53.4271
internal_count=1262 1012 407 605 353 81 167 438 433 58 38 58 250 151
is_linear=0
shrinkage=0.05


Tree=42
num_leaves=15
num_cat=0
split_feature=2 2 8 0 3 5 4 4 2 4 3 3 7 7
split_gain=24.9088 7.12295 5.62838 3.3631 3.22687 3.18364 3.04893 2.97687 2.7807 3.04989 2.71285 2.5546 2.50513 2.24438
threshold=0.47156334231805935 0.73330914368650224 1.0000000180025095e-35 4.5000000000000009 52.500000000000007 2.5000000000000004 10.500000000000002 2.5000000000000004 0.7421798631476052 11.500000000000002 15.500000000000002 18.500000000000004 1.0000000180025095e-35 1.0000000180025095e-35
decision_type=2 2 2 2 2 2 2 2 2 2 2 2 2 2
left_child=3 2 11 4 13 -4 -7 12 -9 -10 -11 -2 -3 -1
right_child=1 7 5 -5 -6 6 -8 8 9 10 -12 -13 -14 -15
leaf_value=0.048589456261096009 -0.028642903890768498 -0.041032062263411592 -0.016322259537305983 -0.026580308430519034 -0.036259706199446476 -0.037178467999718239 0.039587050803804619 0.076835691065375467 0.011990811544327929 0.048684436362177057 -0.017313784884109267 0.018901045577608504 0.038218741724133004 -0.0075733654362446778
leaf_weight=3.87868684530258 2.9978741854429236 2.4944488555192939 30.267059661448002 66.490914441645145 3.4098707213997841 1.7069243937730778 5.3399926126003265 3.6306084394454947 13.09670567512512 18.235240206122402 1.7024060934782017 49.096126362681389 1.6612378954887388 3.2857809513807297
leaf_count=17 11 12 206 588 31 13 22 13 54 57 6 206 5 21
internal_value=0.000115932 0.013449 0.00554768 -0.0224149 0.00377687 -0.00927516 0.0209927 0.0307549 0.0353007 0.0307358 0.0430491 0.016165 -0.00935151 0.022832
internal_weight=207.294 130.229 89.408 77.0653 10.5743 37.314 7.04692 40.8206 36.665 33.0344 19.9376 52.094 4.15569 7.16447
internal_count=1262 605 458 657 69 241 35 147 130 117 63 217 17 38
is_linear=0
shrinkage=0.05


Tree=43
num_leaves=15
num_cat=0
split_feature=7 5 5 2 0 2 5 4 2 0 0 3 2 3
split_gain=16.4353 16.6471 9.40129 6.08832 5.87725 4.84912 4.96165 3.82758 3.81116 3.68919 5.11017 3.64164 3.92307 3.53719
threshold=1.0000000180025095e-35 1.5000000000000002 2.5000000000000004 0.88268021286889231 23.500000000000004 0.12390350877192984 1.5000000000000002 8.5000000000000018 0.31203515889114269 10.500000000000002 11.500000000000002 36.500000000000007 0.27793103448275869 10.500000000000002
decision_type=2 2 2 2 2 2 2 2 2 2 2 2 2 2
left_child=1 4 5 9 -1 7 8 -2 11 -3 -11 -7 -13 -6
right_child=2 3 -4 -5 13 6 -8 -9 -10 10 -12 12 -14 -15
leaf_value=0.015946178870174153 0.042327776789247096 -0.022966712243124406 0.024408178223254213 -0.040284987312270697 -0.040172717625373611 0.037138009256613438 -0.0034691559582790926 -0.0078899700796533408 -0.034331459737614853 0.10268957895037577 0.0030594294216176924 -0.025827474367246805 0.018402237164888296 0.046001791474229614
leaf_weight=54.241791427135468 5.7814008593559292 14.262589812278746 16.145410165190697 10.396424204111097 1.2374656200408924 3.2451535165309897 35.816030457615852 11.040691241621969 51.707940176129341 1.3112304508686055 69.78209388256073 29.135753720998764 6.0554335266351691 31.581733286380768
leaf_count=152 18 56 48 50 6 16 132 40 248 4 224 147 31 90
internal_value=4.34125e-06 0.010228 -0.0117558 -0.00415908 0.0260513 -0.0158451 -0.0192125 0.00936882 -0.0254676 0.000241088 0.00489699 -0.0135432 -0.0182168 0.0427525
internal_weight=341.741 182.813 158.928 95.7523 87.061 142.782 125.96 16.8221 90.1443 85.3559 71.0933 38.4363 35.1912 32.8192
internal_count=1262 582 680 334 248 632 574 58 442 284 228 194 178 96
is_linear=0
shrinkage=0.05


Tree=44
num_leaves=15
num_cat=0
split_feature=2 7 1 2 3 4 8 2 3 4 4 3 0 3
split_gain=21.1199 10.1728 8.3731 6.22851 5.18836 4.67886 3.57422 3.29983 3.66147 4.34746 3.25159 3.71421 3.07459 3.37282
threshold=0.66134305835010065 1.0000000180025095e-35 7.5000000000000009 0.46453722334004027 46.500000000000007 10.500000000000002 1.0000000180025095e-35 0.12390350877192984 53.500000000000007 14.500000000000002 8.5000000000000018 45.500000000000007 7.5000000000000009 33.500000000000007
decision_type=2 2 2 2 2 2 2 2 2 2 2 2 2 2
left_child=1 2 4 7 10 -6 -7 8 9 -3 -1 -12 -5 -14
right_child=-2 3 -4 12 5 6 -8 -9 -10 -11 11 -13 13 -15
leaf_value=0.019270383149572783 -0.022145208262683992 -0.041698142582316688 -0.037952788776700143 -0.057241246803424385 -0.049873474410325511 0.0038174046980895856 -0.03778732543462654 0.024097036005503166 0.035151276219666933 0.016038791385308802 -0.0033242297086883916 0.064486974075453604 0.0068682518588502849 -0.033327636475727458
leaf_weight=32.382625132799149 85.52367028594017 6.6367217898368853 16.365238159894943 2.1793918609619132 7.8929560780525199 21.234431087970737 6.8202575147151938 98.788193702697754 5.5505129396915427 6.4087855219841003 52.596884161233902 2.0999307930469504 56.763964205980301 5.7471739053726187
leaf_count=98 250 19 54 6 22 57 19 365 20 19 151 6 160 16
internal_value=-6.26929e-05 0.00581218 -0.00435329 0.0135946 0.000116167 -0.015865 -0.00629695 0.0204598 0.00113776 -0.0133341 0.00671341 -0.000720809 0.00113739 0.00317271
internal_weight=406.991 321.467 139.392 182.075 123.027 35.9476 28.0547 117.384 18.596 13.0455 87.0794 54.6968 64.6905 62.5111
internal_count=1262 1012 407 605 353 98 76 423 58 38 255 157 182 176
is_linear=0
shrinkage=0.05


Tree=45
num_leaves=15
num_cat=0
split_feature=2 2 8 0 3 5 4 4 3 2 2 2 1 4
split_gain=22.9305 6.46006 5.19323 3.34435 3.02684 2.99325 2.92741 2.92017 2.38398 2.38092 3.25213 2.59784 2.2004 3.94365
threshold=0.46453722334004027 0.73330914368650224 1.0000000180025095e-35 4.5000000000000009 52.500000000000007 3.5000000000000004 14.500000000000002 15.500000000000002 18.500000000000004 0.66431924882629112 0.67673784643343937 0.69905660377358492 10.500000000000002 14.500000000000002
decision_type=2 2 2 2 2 2 2 2 2 2 2 2 2 2
left_child=3 2 8 4 -1 6 -4 -3 -2 -8 -11 -12 -10 -14
right_child=1 7 5 -5 -6 -7 9 -9 12 10 11 -13 13 -15
leaf_value=0.021773790184837383 -0.028434545559709187 0.021162975217578386 -0.022337323456414846 -0.026676079227159023 -0.036131903956803262 0.067251617805777694 -0.010746922386342297 0.051641140453174 0.0092362373957417913 0.15164030841116358 -0.040729568260291421 0.042844841420042093 0.023851515084425828 0.10445865454805899
leaf_weight=7.2580518126487714 2.9779109209775916 30.638128966093063 23.381863430142403 62.800052776932716 3.275114394724369 1.2365349829196919 7.3753406032919866 10.570518404245375 30.914814606308937 0.52298283576965321 1.2751004099845884 3.4339832812547684 18.314593151211742 1.6544386148452748
leaf_count=38 11 118 170 576 31 4 48 29 138 3 6 13 71 6
internal_value=0.000123172 0.0125543 0.00512277 -0.0223031 0.00376897 -0.009238 -0.0118661 0.028981 0.015048 0.00755407 0.0333519 0.020215 0.0175928 0.0305298
internal_weight=205.629 132.296 91.0876 73.3332 10.5332 37.2258 35.9893 41.2086 53.8618 12.6074 5.23207 4.70908 50.8838 19.969
internal_count=1262 617 470 645 69 244 240 147 226 70 22 19 215 77
is_linear=0
shrinkage=0.05


Tree=46
num_leaves=15
num_cat=0
split_feature=7 5 2 0 2 3 5 3 4 5 2 3 3 2
split_gain=14.7336 15.3069 8.98209 6.05114 5.84413 5.74959 4.47587 5.36532 4.4705 4.1356 3.93592 4.41937 4.52736 3.81188
threshold=1.0000000180025095e-35 1.5000000000000002 0.93968253968253979 8.5000000000000018 0.88268021286889231 37.500000000000007 1.5000000000000002 32.500000000000007 5.5000000000000009 2.5000000000000004 0.18090909090909094 49.500000000000007 53.500000000000007 0.31203515889114269
decision_type=2 2 2 2 2 2 2 2 2 2 2 2 2 2
left_child=1 5 3 10 -3 -1 13 -8 -9 -10 11 -2 -13 -5
right_child=2 4 -4 6 -6 -7 7 8 9 -11 -12 12 -14 -15
leaf_value=0.042445429146177931 -0.040435222762414652 0.00013762384521907072 0.041462817946987959 -0.011968691987912335 -0.040030605720700288 0.015439619952865486 -0.013806255022428736 0.11960990677049499 -0.004335348330879593 0.093118956364502098 0.052221970764546266 0.030228278464685 -0.029031913199227394 -0.033847254507034255
leaf_weight=30.353505820035934 5.1998813003301683 85.285466685891151 7.6838744878768912 33.041256070137024 10.130749568343161 56.200848937034607 32.542420849204063 1.234451800584792 5.2303114831447601 1.3747575581073759 4.261652708053588 10.970635294914244 4.5637387037277213 50.089378416538239
leaf_count=89 24 284 21 173 50 159 118 5 21 4 13 31 22 248
internal_value=1.52545e-05 0.00968445 -0.0112498 -0.0139771 -0.00412721 0.0249102 -0.0185175 -0.00486097 0.0322715 0.0159485 0.0084583 -0.000536745 0.0128186 -0.0251514
internal_weight=338.163 181.971 156.192 148.508 95.4162 86.5544 123.513 40.3819 7.83952 6.60507 24.9959 20.7343 15.5344 83.1306
internal_count=1262 582 680 659 334 248 569 148 30 25 90 77 53 421
is_linear=0
shrinkage=0.05


Tree=47
num_leaves=15
num_cat=0
split_feature=2 7 1 2 3 4 8 4 3 2 3 3 4 2
split_gain=19.255 8.99167 7.72998 5.6656 4.78175 4.4328 3.38856 3.02638 3.51409 2.98384 3.43216 4.07064 2.96909 3.46174
threshold=0.66134305835010065 1.0000000180025095e-35 7.5000000000000009 0.46453722334004027 46.500000000000007 10.500000000000002 1.0000000180025095e-35 8.5000000000000018 45.500000000000007 0.12390350877192984 53.500000000000007 49.500000000000007 7.5000000000000009 0.59402026192241175
decision_type=2 2 2 2 2 2 2 2 2 2 2 2 2 2
left_child=1 2 4 9 7 -6 -7 -1 -9 10 11 -3 13 -5
right_child=-2 3 -4 12 5 6 -8 8 -10 -11 -12 -13 -14 -15
leaf_value=0.018775389784971071 -0.021257296060693529 0.046015373391912529 -0.036793579059843984 0.0038757127145585425 -0.048468114849044674 0.0039847911324170432 -0.036651766186106154 -0.0030882798872241234 0.063222711283394573 0.023149078638654008 0.034520305818336122 -0.02619550499844564 -0.0085281121312683252 0.04576065361046134
leaf_weight=32.133402585983276 84.70847025513649 2.3946824371814754 15.906825229525564 22.554737210273746 7.7951794862747184 21.228091597557071 6.7648623287677756 52.509552985429764 2.0769640803337088 96.370544493198395 5.4318755567073813 10.548524051904677 35.700215190649033 6.3140699267387381
leaf_count=98 250 8 54 64 22 57 19 151 6 365 20 30 100 18
internal_value=-7.5754e-05 0.00557136 -0.00400229 0.0129614 0.000255428 -0.0151216 -0.00583556 0.0066013 -0.000565211 0.0196284 0.00116344 -0.0128354 0.00111348 0.0130366
internal_weight=402.438 317.73 138.415 179.315 122.508 35.7881 27.993 86.7199 54.5865 114.746 18.3751 12.9432 64.569 28.8688
internal_count=1262 1012 407 605 353 98 76 255 157 423 58 38 182 82
is_linear=0
shrinkage=0.05


Tree=48
num_leaves=15
num_cat=0
split_feature=2 2 8 2 0 6 5 2 0 0 0 4 1 5
split_gain=21.0865 5.77704 5.21445 4.74603 3.6251 3.44926 3.42058 4.44618 3.13757 2.94743 2.87245 2.53145 2.50204 2.24505
threshold=0.47156334231805935 0.82200460829493094 1.0000000180025095e-35 0.93968253968253979 2.5000000000000004 1.0000000180025095e-35 3.5000000000000004 0.95744466800804839 4.5000000000000009 26.500000000000004 3.5000000000000004 19.500000000000004 -12.499999999999998 3.5000000000000004
decision_type=2 2 2 2 2 2 2 2 2 2 2 2 2 2
left_child=8 2 4 -3 -2 6 7 -5 10 -6 12 13 -1 -4
right_child=1 3 11 5 9 -7 -8 -9 -10 -11 -12 -13 -14 -15
leaf_value=-0.022252068570530914 0.1160964197514357 0.064934452321912542 -0.010573576362569125 -0.0027271962091468711 0.0029573738247852528 0.061743350618135677 -0.037891813025460047 0.065205565998640885 -0.0257115249436097 0.025344999753078752 0.073245432472394387 0.046963001105015972 0.035942591740043529 0.053964018325143137
leaf_weight=6.6210342571139327 0.90159459412097831 8.139735624194147 41.85428810864687 6.9051362276077288 27.157846480607986 3.6793860495090476 3.2170753329992285 3.6988385617733002 62.308412820100784 32.053748816251755 1.3054981753230102 2.1604348719120017 2.5615833550691578 1.3923633843660344
leaf_count=51 3 23 263 26 120 10 21 10 588 115 6 9 12 5
internal_value=0.000127152 0.0121044 0.00693173 0.0333921 0.0165919 0.0187212 0.00726807 0.0209689 -0.0214527 0.0150767 0.00384817 -0.00585705 -0.00601808 -0.00849573
internal_weight=203.957 131.16 105.52 25.6402 60.1132 17.5004 13.8211 10.604 72.7965 59.2116 10.4881 45.4071 9.18262 43.2467
internal_count=1262 605 515 90 238 67 57 36 657 235 69 277 63 268
is_linear=0
shrinkage=0.05


Tree=49
num_leaves=15
num_cat=0
split_feature=7 5 2 0 2 3 5 3 2 2 3 3 0 5
split_gain=13.2311 14.0484 8.36219 5.66184 5.60271 5.5157 4.23859 5.21962 3.81825 3.66563 4.10523 4.03657 3.48448 4.30352
threshold=1.0000000180025095e-35 1.5000000000000002 0.93968253968253979 8.5000000000000018 0.88268021286889231 37.500000000000007 1.5000000000000002 23.500000000000004 0.31203515889114269 0.18090909090909094 49.500000000000007 53.500000000000007 13.500000000000002 2.5000000000000004
decision_type=2 2 2 2 2 2 2 2 2 2 2 2 2 2
left_child=1 5 3 9 -3 -1 8 -8 -5 10 -2 -12 -9 -14
right_child=2 4 -4 6 -6 -7 7 12 -10 -11 11 -13 13 -15
leaf_value=0.041109658427155138 -0.039965314703505936 4.9152523798143226e-05 0.040218907712889329 -0.011191005402505243 -0.03978006753670571 0.014552795443086908 -0.02848220637636082 -0.04238782886256718 -0.033372382514158604 0.050320822332288219 0.028485599316936894 -0.028230215906586642 0.0093455008890940914 0.091392438488919925
leaf_weight=29.992407143115997 4.9739337265491548 85.259081065654755 7.6366461515426627 32.330234050750732 9.8494904935359937 56.166042685508728 14.604479834437369 2.9237523376941708 48.514269664883614 4.3014888167381278 10.987149089574812 4.3909925371408454 20.926457643508915 1.7303830087184895
leaf_count=89 24 284 21 173 50 159 51 12 248 13 31 22 80 5
internal_value=2.84534e-05 0.00917281 -0.0107827 -0.0134562 -0.00407558 0.0237974 -0.017905 -0.00463324 -0.0245019 0.00838364 -0.000479949 0.0122913 0.00898262 0.0156117
internal_weight=334.587 181.267 153.32 145.683 95.1086 86.1584 121.03 40.1851 80.8445 24.6536 20.3521 15.3781 25.5806 22.6568
internal_count=1262 582 680 659 334 248 569 148 421 90 77 53 97 85
is_linear=0
shrinkage=0.05


Tree=50
num_leaves=15
num_cat=0
split_feature=2 7 1 2 3 5 2 2 2 4 2 3 4 2
split_gain=17.5417 7.98443 7.17817 5.22276 4.46258 3.27216 3.30517 3.49828 3.16701 3.13036 3.12262 3.08829 3.80708 3.03247
threshold=0.66134305835010065 1.0000000180025095e-35 7.5000000000000009 0.47156334231805935 23.500000000000004 2.5000000000000004 0.31203515889114269 0.27207792207792209 0.53708791208791218 17.500000000000004 0.12390350877192984 53.500000000000007 14.500000000000002 0.5185439560439562
decision_type=2 2 2 2 2 2 2 2 2 2 2 2 2 2
left_child=1 2 4 5 -1 6 7 10 13 -8 11 12 -3 -5
right_child=-2 3 -4 8 -6 -7 9 -9 -10 -11 -12 -13 -14 -15
leaf_value=0.018826299564529404 -0.020403122012311443 -0.038928980201649338 -0.035746550989275309 -0.00027767315538575215 -0.0045808308304458199 -0.047484483269506134 0.03392518821783843 -0.01011851836390802 0.0095379474337347822 -0.030365424570833473 0.026342711528524972 0.033541552449817977 0.015647616908338959 -0.037620083609151263
leaf_weight=25.831420212984085 83.872251600027084 6.4802916944026965 15.501258447766302 15.074424445629122 96.176851183176041 1.8377425670623768 40.023179888725281 13.124639153480528 38.376564085483551 1.9874064028263081 39.575541794300079 5.2460570931434622 6.3035809099674225 8.5034826993942243
leaf_count=80 250 19 54 42 273 5 157 50 109 7 154 20 19 23
internal_value=-8.9099e-05 0.00533623 -0.00369703 0.0123726 0.000374894 0.0186966 0.0197754 0.0131776 0.000677048 0.0308838 0.0184853 0.00123826 -0.0120179 -0.0137454
internal_weight=397.915 314.042 137.51 176.533 122.008 114.578 112.741 70.7301 61.9545 42.0106 57.6055 18.0299 12.7839 23.5779
internal_count=1262 1012 407 605 353 431 426 262 174 164 212 58 38 65
is_linear=0
shrinkage=0.05


Tree=51
num_leaves=15
num_cat=0
split_feature=2 2 8 0 3 5 4 4 3 0 1 0 5 2
split_gain=19.4329 5.40248 4.26206 3.13464 2.79069 2.7534 2.66217 2.59598 2.2758 3.15526 2.5532 5.33266 2.25278 5.45673
threshold=0.46453722334004027 0.73330914368650224 1.0000000180025095e-35 4.5000000000000009 52.500000000000007 2.5000000000000004 15.500000000000002 10.500000000000002 18.500000000000004 2.5000000000000004 -6.4999999999999991 13.500000000000002 1.5000000000000002 0.64218328840970362
decision_type=2 2 2 2 2 2 2 2 2 2 2 2 2 2
left_child=3 2 8 4 -1 -4 -3 -7 -2 -10 -11 -12 -13 -14
right_child=1 6 5 -5 -6 7 -8 -9 9 10 11 12 13 -15
leaf_value=0.020666893956146182 -0.028996938598021188 0.018933482080357143 -0.015499924886853879 -0.025825028738814045 -0.035970902674593533 -0.037003634224038844 0.048106155380049892 0.035453051000258258 0.13380700956032957 -0.039461764465266932 0.19217251079206932 0.025235735610857846 -0.018668091318906795 0.030625070106803459
leaf_weight=7.3494818583130819 3.0027762502431861 30.989518970251083 29.316970326006413 58.827723167836666 3.0890224650502205 1.5937744751572598 10.459856480360029 5.5097141414880753 0.56007730960845847 2.1034128069877616 0.42963795363902946 26.179125085473061 12.372293755412104 10.278624802827833
leaf_count=38 11 118 209 576 31 13 29 22 2 11 2 98 68 34
internal_value=0.0001253 0.0113239 0.00453052 -0.0213445 0.00390631 -0.00873273 0.0262953 0.0191963 0.0133252 0.0157727 0.0144856 0.0167892 0.0152461 0.00370036
internal_weight=202.062 132.796 91.3464 69.2662 10.4385 36.4205 41.4494 7.10349 54.9259 51.9232 51.3631 49.2597 48.83 22.6509
internal_count=1262 617 470 645 69 244 147 35 226 215 213 202 200 102
is_linear=0
shrinkage=0.05


Tree=52
num_leaves=15
num_cat=0
split_feature=7 5 2 6 2 0 0 5 3 2 2 3 3 0
split_gain=11.8889 12.9083 7.68322 5.36555 5.36083 5.26382 4.93791 3.9854 4.93898 3.76058 3.37668 3.84855 3.60414 3.298
threshold=1.0000000180025095e-35 1.5000000000000002 0.93968253968253979 1.0000000180025095e-35 0.88268021286889231 8.5000000000000018 7.5000000000000009 1.5000000000000002 23.500000000000004 0.31203515889114269 0.18090909090909094 49.500000000000007 53.500000000000007 13.500000000000002
decision_type=2 2 2 2 2 2 2 2 2 2 2 2 2 2
left_child=1 3 5 -1 -3 10 -5 9 -9 -7 11 -2 -13 -10
right_child=2 4 -4 6 -6 7 -8 8 13 -11 -12 12 -14 -15
leaf_value=0.036398370081449409 -0.039591265078842128 -5.834750294470299e-05 0.038740840138831029 -0.022538100979310045 -0.039550057732896139 -0.010563765939092563 0.01910438357695925 -0.027886499396159392 -0.042074414313681655 -0.032853299960375643 0.04813199376565723 0.026940918841242334 -0.027422362528355417 0.015066311462662905
leaf_weight=39.085464611649513 4.7809347808361116 85.237242668867111 7.5686560571193686 8.7633510231971723 9.556784123182295 31.768088042736053 37.935529738664627 14.390412256121634 2.8404256105423 46.800674587488174 4.3533664941787711 10.97782778739929 4.2211101651191703 22.755729630589485
leaf_count=115 24 284 21 26 50 173 107 51 12 248 13 31 22 85
internal_value=2.80552e-05 0.00867727 -0.0103527 0.0227299 -0.00403976 -0.0129531 0.0112899 -0.0173009 -0.00445056 -0.0238409 0.0082296 -0.000464633 0.0118429 0.00872536
internal_weight=331.036 180.578 150.457 85.7843 94.794 142.889 46.6989 118.555 39.9866 78.5688 24.3332 19.9799 15.1989 25.5962
internal_count=1262 582 680 248 334 659 133 569 148 421 90 77 53 97
is_linear=0
shrinkage=0.05


Tree=53
num_leaves=15
num_cat=0
split_feature=2 7 1 3 2 4 2 0 5 2 2 4 2 4
split_gain=16.0674 7.04369 6.79166 4.79132 4.71184 3.99249 2.97254 2.9606 2.8849 3.09349 4.38723 2.92453 2.87555 2.86065
threshold=0.66134305835010065 1.0000000180025095e-35 9.5000000000000018 48.500000000000007 0.47156334231805935 10.500000000000002 0.53708791208791218 33.500000000000007 2.5000000000000004 0.30272911051212942 0.27207792207792209 17.500000000000004 0.12390350877192984 12.500000000000002
decision_type=2 2 2 2 2 2 2 2 2 2 2 2 2 2
left_child=1 2 3 -1 8 -5 -6 -8 9 10 12 -11 -3 -2
right_child=13 4 -4 5 6 -7 7 -9 -10 11 -12 -13 -14 -15
leaf_value=0.0054034832890718296 -0.012462986844115155 0.0011906263645356623 -0.04143095198767538 -0.052046795642772661 -0.013217537250450807 -0.0079102671608852048 0.0018439481559696953 0.035106173891927238 -0.044046178127382971 0.032357137350107555 -0.016930667006164662 -0.029526651138993422 0.025527122913403789 -0.031652908575219234
leaf_weight=95.642341196537018 51.989084184169769 17.705450266599655 10.785763829946516 6.5248784124851253 23.583816409111023 23.860437095165253 29.657648473978043 8.6384185552597028 1.8459434509277333 40.900910750031471 10.788943290710447 2.0026399791240683 38.600276231765747 31.00063556432724
leaf_count=283 151 58 40 19 65 65 84 25 5 166 41 7 154 99
internal_value=-8.79373e-05 0.00513495 -0.00335058 -9.15644e-05 0.0118176 -0.0173881 0.000747077 0.00934689 0.0179425 0.0189828 0.0122777 0.0294685 0.0178745 -0.0196313
internal_weight=393.527 310.537 136.813 126.028 173.724 30.3853 61.8799 38.2961 111.844 109.998 67.0947 42.9036 56.3057 82.9897
internal_count=1262 1012 407 367 605 84 174 109 431 426 253 173 212 250
is_linear=0
shrinkage=0.05


Tree=54
num_leaves=15
num_cat=0
split_feature=2 2 8 2 6 5 2 0 0 1 4 3 2 0
split_gain=17.8742 4.90317 4.35805 4.20525 3.11272 3.18802 4.15999 2.9981 2.97104 2.81047 4.44199 2.63668 2.44832 3.74859
threshold=0.46453722334004027 0.82200460829493094 1.0000000180025095e-35 0.93968253968253979 1.0000000180025095e-35 3.5000000000000004 0.95744466800804839 4.5000000000000009 2.5000000000000004 10.500000000000002 15.500000000000002 52.500000000000007 0.53708791208791218 33.500000000000007
decision_type=2 2 2 2 2 2 2 2 2 2 2 2 2 2
left_child=7 2 8 -3 5 6 -5 11 -2 -10 12 -1 -11 -14
right_child=1 3 -4 4 -6 -7 -8 -9 9 10 -12 -13 13 -15
leaf_value=0.0196999446574701 0.10146130689808371 0.06005681836962095 -0.0057884248283112177 -0.0037411214544645216 0.057923495980823692 -0.037916710904842957 0.062075119644560244 -0.025388566991832895 0.004328612512992513 0.046196872068477363 0.10860587828916374 -0.035876800168168375 0.037785751308061638 -0.0098658068512782731
leaf_weight=7.4431586414575559 0.96965894103050132 8.1508674621582049 45.072436310350895 6.9620382189750689 3.6065086126327506 3.2079743295907965 3.6645881831645966 56.928074166178703 36.180453538894653 6.7451506555080476 1.5317406952381123 2.9919217601418495 7.2212345749139812 9.6324779987335187
leaf_count=38 3 23 280 26 10 21 10 576 154 22 5 31 26 37
internal_value=0.00011016 0.010742 0.0060537 0.0304085 0.0165528 0.00576801 0.0189556 -0.0208724 0.0146238 0.0132505 0.0260952 0.00376511 0.0207397 0.0105512
internal_weight=200.308 132.945 107.353 25.592 17.4411 13.8346 10.6266 67.3632 62.2807 61.3111 25.1306 10.4351 23.5989 16.8537
internal_count=1262 617 527 90 67 57 36 645 247 244 90 69 85 63
is_linear=0
shrinkage=0.05


Tree=55
num_leaves=15
num_cat=0
split_feature=7 5 2 0 2 0 5 3 2 3 0 0 2 2
split_gain=10.6815 11.8065 7.15579 5.21926 5.14789 4.92259 3.70976 4.76461 3.70427 3.23926 3.22098 3.31013 3.54715 3.19309
threshold=1.0000000180025095e-35 1.5000000000000002 0.93968253968253979 23.500000000000004 0.88268021286889231 8.5000000000000018 1.5000000000000002 32.500000000000007 0.31203515889114269 10.500000000000002 8.5000000000000018 16.500000000000004 0.7421798631476052 0.27793103448275869
decision_type=2 2 2 2 2 2 2 2 2 2 2 2 2 2
left_child=1 3 5 -1 10 -2 8 -8 13 -5 -3 -12 -13 -7
right_child=2 4 -4 9 -6 6 7 -9 -10 -11 11 12 -14 -15
leaf_value=0.012414176628831273 0.0081020716268150657 -0.024913987812169289 0.03763246162744853 -0.040418811488556687 -0.039318438109556444 -0.018277805042761327 -0.012946743918039386 0.030430723405723271 -0.032340531336944721 0.041509260565201975 0.023123046395425152 -0.0061743090296148499 0.035799730331491045 0.02072260764933357
leaf_weight=54.45771124958992 24.112554728984833 11.331862062215803 7.511798381805419 1.2578284442424799 9.2753507941961271 24.543284222483639 31.997789517045021 7.8918481618165961 45.12299756705761 29.553448915481567 16.932812035083771 51.332920596003532 5.5805480480194083 6.6757283210754386
leaf_count=152 90 48 21 6 50 138 118 30 248 90 52 168 16 35
internal_value=4.17803e-05 0.00823108 -0.00991251 0.0217189 -0.00394521 -0.0124573 -0.0167224 -0.00436486 -0.0231794 0.0381647 -9.32971e-05 0.00371549 -0.00205862 -0.00993814
internal_weight=327.578 179.722 147.856 85.269 94.4535 140.344 116.232 39.8896 76.342 30.8113 85.1781 73.8463 56.9135 31.219
internal_count=1262 582 680 248 334 659 569 148 421 96 284 236 184 173
is_linear=0
shrinkage=0.05


Tree=56
num_leaves=15
num_cat=0
split_feature=2 7 1 3 2 4 2 0 5 1 2 2 0 4
split_gain=14.6929 6.19827 6.40593 4.48402 4.26759 3.79179 3.19458 3.44435 2.80854 3.69807 3.62932 3.19266 2.80131 2.78591
threshold=0.66134305835010065 1.0000000180025095e-35 9.5000000000000018 48.500000000000007 0.47493734335839605 10.500000000000002 0.53708791208791218 25.500000000000004 1.5000000000000002 -5.4999999999999991 0.30094339622641514 0.27793103448275869 33.500000000000007 8.5000000000000018
decision_type=2 2 2 2 2 2 2 2 2 2 2 2 2 2
left_child=1 2 3 13 8 -5 7 -6 10 -10 11 -3 -8 -1
right_child=-2 4 -4 5 6 -7 12 -9 9 -11 -12 -13 -14 -15
leaf_value=0.016985450632757568 -0.018880591240656296 0.015852553152599591 -0.040652710902266312 -0.050877973178397019 0.016837562850312602 -0.007513130673796907 0.0018027443947316432 -0.027811505041586922 0.032559247888507885 -0.029381392214118191 0.031563401602854223 -0.022020335168489336 0.034287873798643113 -0.00090018271203216372
leaf_weight=33.642263114452362 82.103976309299469 56.115432143211365 10.449035197496412 6.3959383964538601 6.035497426986697 23.79388490319252 29.626471281051636 15.191208124160765 3.7234764099121094 6.8295565545558912 38.893202930688858 6.1771795749664298 8.5520807206630689 61.705412849783897
leaf_count=104 250 216 40 19 17 65 84 41 13 22 163 24 25 179
internal_value=-9.18525e-05 0.00493086 -0.00303764 9.32303e-05 0.0112624 -0.0167003 0.000433873 -0.0151162 0.0170194 -0.00752658 0.0195793 0.0120969 0.00907949 0.00541054
internal_weight=389.235 307.131 135.987 125.537 171.144 30.1898 59.4053 21.2267 111.739 10.553 101.186 62.2926 38.1786 95.3477
internal_count=1262 1012 407 367 605 84 167 58 438 35 403 240 109 283
is_linear=0
shrinkage=0.05


Tree=57
num_leaves=15
num_cat=0
split_feature=2 2 8 0 4 5 3 4 2 4 3 3 7 4
split_gain=16.4488 4.58105 3.50665 2.89435 2.57343 2.52268 2.50215 2.35796 2.35775 2.55375 2.23536 2.13176 2.02526 1.87029
threshold=0.46453722334004027 0.73330914368650224 1.0000000180025095e-35 4.5000000000000009 2.5000000000000004 2.5000000000000004 52.500000000000007 10.500000000000002 0.7421798631476052 11.500000000000002 15.500000000000002 18.500000000000004 1.0000000180025095e-35 7.5000000000000009
decision_type=2 2 2 2 2 2 2 2 2 2 2 2 2 2
left_child=3 2 11 6 12 -4 -1 -7 13 -10 -11 -2 -3 -6
right_child=1 4 5 -5 8 7 -8 -9 9 10 -12 -13 -14 -15
leaf_value=0.019000106320105986 -0.029149327100768327 -0.041417972450333365 -0.014896942223978443 -0.02496469044538982 0.091526912737614374 -0.036815117347439606 -0.035778503061312493 0.03330755743769543 0.0070328621074891018 0.040453604164406763 -0.018858404312625268 0.014134064622940793 0.02870366604535143 0.019243132821723626
leaf_weight=7.5106290504336339 3.0070584267377845 2.5233893841505042 28.626844376325607 55.170541360974312 2.4556298851966853 1.5244610980153073 2.8855518624186516 5.6124697029590607 13.385815054178236 18.181519731879238 1.7406345009803761 52.684610664844513 1.7395853996276853 1.4079815894365308
leaf_count=38 11 12 209 576 8 13 31 22 54 57 6 215 5 5
internal_value=8.86566e-05 0.0101998 0.00395117 -0.0204045 0.0239919 -0.00826641 0.00379582 0.0183292 0.0282117 0.0239229 0.0352714 0.011797 -0.0128035 0.0651852
internal_weight=198.457 132.89 91.4554 65.5667 41.4346 35.7638 10.3962 7.13693 37.1716 33.308 19.9222 55.6917 4.26297 3.86361
internal_count=1262 617 470 645 147 244 69 35 130 117 63 226 17 13
is_linear=0
shrinkage=0.05


Tree=58
num_leaves=15
num_cat=0
split_feature=7 5 5 3 2 0 3 2 5 0 0 4 4 2
split_gain=9.57213 10.8624 6.56619 5.15576 4.93618 3.61202 3.12705 3.04534 3.04252 3.02904 4.64606 2.81598 2.8067 2.71611
threshold=1.0000000180025095e-35 1.5000000000000002 2.5000000000000004 37.500000000000007 0.88268021286889231 28.500000000000004 5.5000000000000009 0.92001062981663584 1.5000000000000002 10.500000000000002 11.500000000000002 4.5000000000000009 18.500000000000004 0.12390350877192984
decision_type=2 2 2 2 2 2 2 2 2 2 2 2 2 2
left_child=1 3 5 7 9 6 -2 -1 -7 12 -11 -4 -3 -8
right_child=2 4 11 -5 -6 8 13 -9 -10 10 -12 -13 -14 -15
leaf_value=0.041425545933265924 0.056374608303755361 -0.030164479681435142 -0.042958168300259475 0.011960238072667887 -0.039115662422242396 -0.039378362365555954 0.0084546927575163324 -0.03995780580706583 0.010070404612802652 0.095627920179165632 0.0021939990875028373 0.027846041920374348 0.038945306758758437 -0.013858882919261987
leaf_weight=27.512925863265995 1.7805955111980427 12.01046699285507 1.557069957256316 55.924503445625305 8.9937411695718747 19.000970005989078 16.102052301168442 1.1996096819639195 3.7196957021951667 1.35629242658615 69.968819975852966 14.310156151652334 1.6738687455654133 89.118534773588181
leaf_count=83 5 51 6 159 50 100 58 6 14 4 224 42 5 455
internal_value=5.31977e-05 0.00780893 -0.00946322 0.0208026 -0.00389014 -0.0131769 -0.00933228 0.0380253 -0.0312829 -0.000163384 0.0039707 0.0208979 -0.021711 -0.0104442
internal_weight=324.229 178.64 145.589 84.637 94.0032 129.722 107.001 28.7125 22.7207 85.0094 71.3251 15.8672 13.6843 105.221
internal_count=1262 582 680 248 334 632 518 89 114 284 228 48 56 513
is_linear=0
shrinkage=0.05


Tree=59
num_leaves=15
num_cat=0
split_feature=2 7 1 3 2 4 2 4 4 4 2 2 2 2
split_gain=13.4493 5.47733 5.96926 4.1595 3.90751 3.64124 2.73887 3.39442 2.65547 2.64403 3.06148 3.60266 2.94319 2.73111
threshold=0.66134305835010065 1.0000000180025095e-35 9.5000000000000018 48.500000000000007 0.46453722334004027 10.500000000000002 0.14185110663983905 8.5000000000000018 12.500000000000002 7.5000000000000009 0.59402026192241175 0.5147186147186148 0.52730883813306861 0.53708791208791218
decision_type=2 2 2 2 2 2 2 2 2 2 2 2 2 2
left_child=1 2 3 6 -3 -5 -1 -8 -2 10 11 -6 -13 -11
right_child=8 4 -4 5 9 -7 7 -9 -10 13 -12 12 -14 -15
leaf_value=0.054332041297335799 -0.011264023117629014 0.016671597317077239 -0.039832056529752885 -0.049882453126769456 0.030045556765920897 -0.0070592420445902406 0.016593551352479103 -0.003364202162525998 -0.030010137733203303 -0.025357028594450159 0.043682414496142283 -0.070023156928906968 -0.0026487756915014272 0.0030546383032350848
leaf_weight=2.7698087990283957 51.293963998556137 105.01459741592407 10.054760232567785 6.2745762169361141 8.240658909082418 23.765552878379822 33.420138865709305 58.771005690097809 29.904895275831223 13.94461479783058 6.1161330938339225 1.8675124049186695 12.277078002691267 21.498908311128616
leaf_count=8 151 423 40 19 24 65 104 171 99 39 18 5 35 61
internal_value=-9.04506e-05 0.00473786 -0.0027687 0.000212579 0.0107382 -0.0160039 0.00534252 0.00387067 -0.0181681 0.000993851 0.0123318 0.00376618 -0.0115442 -0.00812342
internal_weight=385.214 304.015 135.056 125.001 168.96 30.0401 94.961 92.1911 81.1989 63.9449 28.5014 22.3852 14.1446 35.4435
internal_count=1262 1012 407 367 605 84 283 275 250 182 82 64 40 100
is_linear=0
shrinkage=0.05


Tree=60
num_leaves=15
num_cat=0
split_feature=2 6 5 2 4 3 3 3 5 3 0 1 4 0
split_gain=15.158 4.17466 3.53718 6.54996 3.65435 3.46331 3.38925 3.63599 3.30348 3.01921 2.91309 7.01377 4.02166 2.63045
threshold=0.47493734335839605 1.0000000180025095e-35 1.5000000000000002 0.64075471698113218 14.500000000000002 32.500000000000007 10.500000000000002 22.500000000000004 2.5000000000000004 30.500000000000004 30.500000000000004 3.5000000000000004 2.5000000000000004 4.5000000000000009
decision_type=2 2 2 2 2 2 2 2 2 2 2 2 2 2
left_child=13 2 5 -4 10 6 -2 -8 -3 -9 11 -5 -13 -1
right_child=1 8 3 4 -6 -7 7 9 -10 -11 -12 12 -14 -15
leaf_value=0.0039181001925092628 0.063868221878903828 0.0006370271946697974 -0.01812317375671919 -0.008686245449880458 0.031390577673329229 0.069986762301057423 -0.010936595954403543 0.029735407787303492 0.062175689231900588 -0.042952734418792264 -0.022982928534077272 -0.0088448292798114659 0.059051076422859533 -0.0235097654745689
leaf_weight=10.339433707296847 3.2822947502136222 3.2874031960964185 27.776850894093513 18.219926394522194 16.464286774396896 3.1839996278285971 12.173505388200285 17.857421047985557 6.478516161441803 1.5528110042214383 8.3085973411798459 2.9470387250185004 8.3907765597105008 56.56197053194046
leaf_count=69 9 12 185 90 53 9 62 73 19 8 33 14 30 596
internal_value=6.55749e-05 0.0100225 0.00746732 0.00162736 0.0117249 0.0200693 0.0155107 0.0104853 0.0414605 0.0239204 0.00317431 0.010527 0.0414029 -0.0192709
internal_weight=196.825 129.923 120.158 82.1075 54.3306 38.05 34.866 31.5837 9.76592 19.4102 37.8663 29.5577 11.3378 66.9014
internal_count=1262 597 566 405 220 161 152 143 31 81 167 134 44 665
is_linear=0
shrinkage=0.05


Tree=61
num_leaves=15
num_cat=0
split_feature=7 5 2 6 2 0 0 5 3 2 3 0 2 4
split_gain=8.53494 9.96781 6.14548 5.06309 4.7485 4.59594 4.41486 3.36089 4.60029 3.65736 3.21078 3.04846 3.27087 4.08665
threshold=1.0000000180025095e-35 1.5000000000000002 0.93968253968253979 1.0000000180025095e-35 0.88268021286889231 8.5000000000000018 7.5000000000000009 1.5000000000000002 23.500000000000004 0.31203515889114269 33.500000000000007 13.500000000000002 0.3984126984126985 16.500000000000004
decision_type=2 2 2 2 2 2 2 2 2 2 2 2 2 2
left_child=1 3 5 -1 -3 -2 -5 9 -9 10 -7 -10 -13 -14
right_child=2 4 -4 6 -6 7 -8 8 11 -11 -12 12 13 -15
leaf_value=0.033569574634612534 0.0084817739066389061 -0.00020305593558442691 0.035468545642201629 -0.023023124277755984 -0.038910899228031849 0.063459641169459596 0.016321741346167176 -0.026944072310340818 -0.041528319622007148 -0.03149159950573107 -0.01240978123138234 0.07413122189145685 0.00027462140134005604 0.067594079169825086
leaf_weight=37.525475293397903 23.948009639978409 84.84048268198967 7.3726396560668936 8.7930989861488325 8.7393260449171049 1.4656453281641031 37.693777590990067 13.990053385496138 2.6970322579145458 42.450568899512291 28.724731788039207 2.1007929295301464 18.117189913988117 2.5747629702091208
leaf_count=115 90 284 21 26 50 8 107 51 12 248 165 8 68 9
internal_value=7.8918e-05 0.00740582 -0.00899238 0.0199078 -0.00381794 -0.0114014 0.00887957 -0.0156483 -0.00390589 -0.0220302 -0.00872657 0.00873861 0.0146866 0.00865139
internal_weight=321.034 177.592 143.441 84.0124 93.5798 136.069 46.4869 112.121 39.4798 72.6409 30.1904 25.4898 22.7927 20.692
internal_count=1262 582 680 248 334 659 133 569 148 421 173 97 85 77
is_linear=0
shrinkage=0.05


Tree=62
num_leaves=15
num_cat=0
split_feature=2 7 1 3 2 4 2 0 0 2 4 0 4 3
split_gain=12.2741 4.82207 5.61326 3.85836 3.57381 3.50274 2.74586 3.1677 2.57968 2.57411 3.14893 2.53523 2.49994 4.93889
threshold=0.66134305835010065 1.0000000180025095e-35 9.5000000000000018 48.500000000000007 0.47493734335839605 10.500000000000002 0.53708791208791218 25.500000000000004 22.500000000000004 0.14185110663983905 8.5000000000000018 33.500000000000007 2.5000000000000004 19.500000000000004
decision_type=2 2 2 2 2 2 2 2 2 2 2 2 2 2
left_child=1 2 3 9 8 -5 7 -6 -3 -1 -11 -8 13 -2
right_child=12 4 -4 5 6 -7 11 -9 -10 10 -12 -13 -14 -15
leaf_value=0.053212283642205517 0.021967369721955603 0.011610532862770959 -0.039136196890522258 -0.048962113029547776 0.016631623943117319 -0.0066176760870337416 0.0014972666190517481 -0.026270157014531254 0.030539134898843169 0.016173420769464698 -0.0031029933283984981 0.032693386215043856 -0.021055185454488298 -0.057243640126977816
leaf_weight=2.7204538583755484 8.8104449510574323 85.028032183647156 9.7128788083791715 6.1488656997680691 6.0059967637062099 23.737158417701721 29.530230671167374 15.170880347490309 22.83356599509716 33.167630404233932 58.647612333297729 8.3553360700607282 68.911525055766106 2.5338278710842124
leaf_count=8 26 338 40 19 17 65 84 41 100 104 171 25 217 7
internal_value=-0.00010029 0.00453136 -0.00252775 0.000330056 0.0102038 -0.0153298 0.00031707 -0.0141027 0.0156176 0.00528068 0.00386048 0.0083773 -0.0174747 0.004275
internal_weight=381.314 301.059 134.135 124.422 166.924 29.886 59.0624 21.1769 107.862 94.5357 91.8152 37.8856 80.2558 11.3443
internal_count=1262 1012 407 367 605 84 167 58 438 283 275 109 250 33
is_linear=0
shrinkage=0.05


Tree=63
num_leaves=15
num_cat=0
split_feature=2 2 8 0 2 1 4 5 4 4 2 4 3 3
split_gain=13.9517 3.90967 2.90932 2.7104 2.52336 2.70782 5.08282 2.3444 2.45326 2.23521 2.06375 2.30112 2.00296 2.0024
threshold=0.46453722334004027 0.73330914368650224 1.0000000180025095e-35 4.5000000000000009 0.37377450980392163 -12.499999999999998 12.500000000000002 3.5000000000000004 14.500000000000002 2.5000000000000004 0.7421798631476052 11.500000000000002 18.500000000000004 15.500000000000002
decision_type=2 2 2 2 2 2 2 2 2 2 2 2 2 2
left_child=3 2 12 4 5 -1 -7 8 -4 -3 -11 -12 -2 -13
right_child=1 9 7 -5 -6 6 -8 -9 -10 10 11 13 -14 -15
leaf_value=-0.021764380489818339 -0.029277593543254585 -0.012750988521141086 -0.020646143050695259 -0.024139264500351289 0.092892791639625882 0.1137478756977519 -0.015583340352578384 0.059221293662093694 0.0072552932747171539 0.059907582115574391 0.0057816754630709731 0.03754853632963194 0.012705789582051572 -0.018684038735038433
leaf_weight=6.388348013162612 3.0010040253400794 4.17191557586193 21.378889456391335 51.984984025359154 0.73957785964012224 1.2411658763885474 1.9583760201930998 1.255291387438773 12.475599907338617 3.9719251394271842 13.409604251384733 18.038307845592502 53.254948191344738 1.7354374825954426
leaf_count=52 11 17 170 576 3 4 10 4 70 13 54 57 215 6
internal_value=2.49307e-05 0.00918976 0.00341754 -0.0194914 0.00390463 -0.00295962 0.0345868 -0.00787637 -0.0103643 0.0219509 0.0258474 0.0217705 0.0104662 0.0326133
internal_weight=195.005 132.693 91.3657 62.3125 10.3275 9.58789 3.19954 35.1098 33.8545 41.3272 37.1553 33.1833 56.256 19.7737
internal_count=1262 617 470 645 69 66 14 244 240 147 130 117 226 63
is_linear=0
shrinkage=0.05


Tree=64
num_leaves=15
num_cat=0
split_feature=7 5 5 3 2 2 5 4 2 3 3 3 2 0
split_gain=7.6394 9.19649 5.83136 4.90001 4.56081 3.47454 5.23596 3.42823 3.70633 4.68567 3.7597 2.81008 2.78411 2.76459
threshold=1.0000000180025095e-35 1.5000000000000002 2.5000000000000004 37.500000000000007 0.88268021286889231 0.31203515889114269 1.5000000000000002 8.5000000000000018 0.28235450438479942 44.500000000000007 49.500000000000007 36.500000000000007 0.92001062981663584 8.5000000000000018
decision_type=2 2 2 2 2 2 2 2 2 2 2 2 2 2
left_child=1 3 5 12 13 7 -7 8 9 -2 -10 -9 -1 -3
right_child=2 4 -4 -5 -6 6 -8 11 10 -11 -12 -13 -14 -15
leaf_value=0.039543697477835892 -0.026125497894758227 -0.023813083909916499 0.020183200797096026 0.010530374494347317 -0.038724068809742287 -0.031029016616994694 -0.0041113270248494529 0.050919062390327209 0.071769272734966555 0.02637753533886112 -0.039114581315195962 -0.016827679822784301 -0.039663844662091746 0.0032042511987721446
leaf_weight=26.632277578115467 8.0377295166254097 10.859652459621428 15.685648843646048 55.583231806755066 8.4756649732589704 41.026295065879822 32.280857995152473 1.616888359189036 4.0246045738458625 9.0166673958301526 0.94371905922889698 28.706202119588852 1.1576349437236775 73.919851914048195
leaf_count=83 46 48 48 159 50 248 122 7 20 38 5 146 6 236
internal_value=0.000102185 0.00703499 -0.00856162 0.0191013 -0.00375267 -0.0121499 -0.0191758 -0.00231061 0.012704 0.00163288 0.0507072 -0.0132153 0.0362442 -0.000256478
internal_weight=317.967 176.628 141.339 83.3731 93.2552 125.653 73.3072 52.3458 22.0227 17.0544 4.96832 30.3231 27.7899 84.7795
internal_count=1262 582 680 248 334 632 370 262 109 84 25 153 89 284
is_linear=0
shrinkage=0.05


Tree=65
num_leaves=15
num_cat=0
split_feature=2 7 1 3 4 2 8 0 3 4 3 6 4 1
split_gain=11.2382 4.25673 5.30318 3.6088 3.84807 3.28243 2.89972 2.47098 2.54372 2.41282 3.29687 2.39758 2.3673 4.99002
threshold=0.66134305835010065 1.0000000180025095e-35 9.5000000000000018 46.500000000000007 10.500000000000002 0.46453722334004027 1.0000000180025095e-35 7.5000000000000009 33.500000000000007 8.5000000000000018 45.500000000000007 1.0000000180025095e-35 2.5000000000000004 4.5000000000000009
decision_type=2 2 2 2 2 2 2 2 2 2 2 2 2 2
left_child=1 2 3 9 -5 -3 -6 -7 -9 -1 -11 12 13 -2
right_child=11 5 -4 4 6 7 -8 8 -10 10 -12 -13 -14 -15
leaf_value=0.016893065721891327 0.052555177927765956 0.015302285777869249 -0.038503842261491637 -0.043906092434634107 0.0046080148551589243 -0.052777298541711384 -0.033421416238895822 0.0058497597972557479 -0.029464205398438744 -0.0026708101834561279 0.062606959149890368 -0.046610060826647766 -0.017991719198526521 -0.018568025821653709
leaf_weight=31.8596361130476 3.8971929252147657 101.43622745573521 9.3987060040235502 7.8292917907237998 21.49811211228371 2.081196427345275 6.5366086661815634 55.758037894964218 5.6126748621463767 54.091646879911423 2.0059747099876395 6.2246337532997122 62.516906604170799 6.7161314785480499
leaf_count=101 11 423 40 24 58 6 19 160 16 159 6 21 198 20
internal_value=-9.89583e-05 0.00435229 -0.0022948 0.000453667 -0.0129141 0.00972274 -0.00425897 0.0008031 0.00262011 0.0059043 -0.000336566 -0.0168207 -0.0142851 0.00754828
internal_weight=377.463 298.108 133.22 123.821 35.864 164.888 28.0347 63.4519 61.3707 87.9573 56.0976 79.3549 73.1302 10.6133
internal_count=1262 1012 407 367 101 605 77 182 176 266 165 250 229 31
is_linear=0
shrinkage=0.05


Tree=66
num_leaves=15
num_cat=0
split_feature=2 2 2 8 0 6 5 2 3 2 4 1 4 4
split_gain=12.8712 3.53131 3.64524 2.97756 2.60676 2.57879 2.80272 3.73769 2.30554 2.14865 2.02625 1.8439 4.04338 3.28634
threshold=0.46453722334004027 0.82200460829493094 0.93968253968253979 1.0000000180025095e-35 4.5000000000000009 1.0000000180025095e-35 3.5000000000000004 0.95744466800804839 52.500000000000007 0.77275736511089055 19.500000000000004 10.500000000000002 15.500000000000002 16.500000000000004
decision_type=2 2 2 2 2 2 2 2 2 2 2 2 2 2
left_child=4 3 -3 9 8 6 7 -4 -1 11 -5 13 -13 -2
right_child=1 2 5 10 -6 -7 -8 -9 -10 -11 -12 12 -14 -15
leaf_value=0.018131193038866091 0.0076953877336659038 0.053481806397422109 -0.0056385730740620178 -0.0077490598681944625 -0.023724959822213083 0.051823623457742857 -0.038047699102449282 0.057345597933268391 -0.035627424748373361 0.057475360491247907 0.040978328315102473 0.015120966222768168 0.097724629257546769 -0.042509683301410167
leaf_weight=7.5462498292326909 33.036982640624046 7.9958049058914211 7.052299305796625 41.552767038345337 50.492114253342152 3.3679173588752738 3.1924967169761649 3.5367823541164398 2.7108908444643021 2.4631886780261985 2.2489384710788718 22.989302262663845 1.583489105105399 3.6163467764854422
leaf_count=38 135 23 26 271 576 10 21 10 31 7 9 82 5 18
internal_value=3.49655e-06 0.00873335 0.0256014 0.00478742 -0.0190567 0.0126024 0.00301757 0.0153983 0.00392316 0.0116886 -0.00524722 0.0098466 0.020444 0.00274198
internal_weight=193.386 132.636 25.1453 107.491 60.7493 17.1495 13.7816 10.5891 10.2571 63.6893 43.8017 61.2261 24.5728 36.6533
internal_count=1262 617 90 527 645 67 57 36 69 247 280 240 87 153
is_linear=0
shrinkage=0.05


Tree=67
num_leaves=15
num_cat=0
split_feature=7 5 2 2 2 0 5 3 2 3 0 5 4 0
split_gain=6.84007 8.47378 5.47074 4.77524 4.38601 4.25858 3.00975 4.42765 3.52931 2.91791 2.85613 3.0871 2.79668 2.80182
threshold=1.0000000180025095e-35 1.5000000000000002 0.93968253968253979 0.35924528301886799 0.88268021286889231 8.5000000000000018 1.5000000000000002 23.500000000000004 0.31203515889114269 33.500000000000007 13.500000000000002 2.5000000000000004 3.5000000000000004 20.500000000000004
decision_type=2 2 2 2 2 2 2 2 2 2 2 2 2 2
left_child=1 3 5 -1 -3 -2 8 -8 9 -7 -9 12 -12 -14
right_child=2 4 -4 -5 -6 6 7 10 -10 -11 11 -13 13 -15
leaf_value=0.0095619558731784814 0.0086980372537487031 -0.00028723577412356234 0.034117103314992625 0.034796941309445821 -0.038526506206676844 0.059755234796269166 -0.026431226098528951 -0.041050288677467364 -0.030631275306496578 -0.011468227667432884 0.059530371817482435 0.076859522040558459 -0.031632266872022058 0.013487957399058748
leaf_weight=53.931804746389389 23.781557708978653 84.621745824813843 7.2596137523651114 28.735449597239494 8.2278931438922864 1.5161347389221216 13.761696323752401 2.5831271857023266 39.83419531583786 27.912455156445503 2.4229928255081239 1.8216363489627827 4.5591876506805447 14.023913100361822
leaf_count=153 90 284 21 95 50 8 51 12 248 165 9 5 18 53
internal_value=0.000122418 0.00669053 -0.00814288 0.0183337 -0.00367582 -0.0104632 -0.0146656 -0.00358895 -0.0209302 -0.00779886 0.00878169 0.0144205 0.00900587 0.00241814
internal_weight=314.993 175.517 139.477 82.6673 92.8496 132.217 108.435 39.1726 69.2628 29.4286 25.4109 22.8277 21.0061 18.5831
internal_count=1262 582 680 248 334 659 569 148 421 173 97 85 80 71
is_linear=0
shrinkage=0.05


Tree=68
num_leaves=15
num_cat=0
split_feature=2 7 1 3 4 2 4 2 2 3 2 2 2 4
split_gain=10.2778 3.72685 4.99256 3.37604 3.20862 2.94672 2.40432 2.81997 3.40876 2.6554 2.58058 2.40919 2.33298 2.77916
threshold=0.66134305835010065 1.0000000180025095e-35 9.5000000000000018 48.500000000000007 10.500000000000002 0.46453722334004027 7.5000000000000009 0.59402026192241175 0.5147186147186148 32.500000000000007 0.52730883813306861 0.53708791208791218 0.14185110663983905 8.5000000000000018
decision_type=2 2 2 2 2 2 2 2 2 2 2 2 2 2
left_child=1 2 3 12 -5 -3 7 8 9 -7 -10 -8 -1 -14
right_child=-2 5 -4 4 -6 6 11 -9 10 -11 -12 -13 13 -15
leaf_value=0.051533655602209238 -0.016191104083979471 0.014586117007842249 -0.037860774854561387 -0.047261035570443866 -0.0059613522336518909 0.045081561861308239 -0.024175035264654116 0.042238980233288176 -0.066098074148658786 -0.022598101172339111 -0.0030100663774687863 0.0026133988657861254 0.015532082572546489 -0.0026706775395776267
leaf_weight=2.6413837969303122 78.454596519470215 99.695442050695419 9.073593929409979 5.8730738162994411 23.603379994630814 6.2197901904583031 13.833327502012251 5.954297423362731 1.8689541220664967 1.8895790874958036 12.214218914508818 21.341065853834152 32.720893427729607 58.384723320603371
leaf_count=8 250 423 40 19 65 18 39 18 5 6 35 61 104 171
internal_value=-0.000104977 0.00416855 -0.0020665 0.000569221 -0.0141902 0.00922864 0.000793605 0.0116852 0.00348753 0.0293114 -0.0113824 -0.00792191 0.00520995 0.00386691
internal_weight=373.768 295.314 132.297 123.223 29.4765 163.017 63.3212 28.1468 22.1925 8.10937 14.0832 35.1744 93.747 91.1056
internal_count=1262 1012 407 367 84 605 182 82 64 24 40 100 283 275
is_linear=0
shrinkage=0.05


Tree=69
num_leaves=15
num_cat=0
split_feature=2 2 2 8 0 6 5 2 0 4 2 2 3 4
split_gain=11.8553 3.27948 4.17537 2.54349 2.52245 2.4209 2.6772 3.53255 2.22114 2.06295 1.97927 1.90187 2.25405 2.13231
threshold=0.46453722334004027 0.84119496855345932 0.93968253968253979 1.0000000180025095e-35 4.5000000000000009 1.0000000180025095e-35 3.5000000000000004 0.95744466800804839 3.5000000000000004 15.500000000000002 0.77275736511089055 0.019237883832778396 54.500000000000007 9.5000000000000018
decision_type=2 2 2 2 2 2 2 2 2 2 2 2 2 2
left_child=4 3 -3 10 8 6 7 -4 11 -5 -2 12 13 -1
right_child=1 2 5 9 -6 -7 -8 -9 -10 -11 -12 -13 -14 -15
leaf_value=-0.010653265480956626 0.0092781212458196444 0.058825890434878375 -0.0056044742539414329 -0.010942335556549034 -0.023308833421739422 0.050529919685135372 -0.037936018368738153 0.0559468534959571 0.062052062032031924 0.013355304646328052 0.054922248659892786 -0.037498712417534198 -0.035406110069140927 0.063400475022609357
leaf_weight=1.675052925944325 61.466123104095459 6.6374617516994503 7.0276948213577288 32.91684839874506 49.062389142811298 3.2902279496192923 3.1190199851989737 3.4880308210849762 1.4191599935293204 11.891632281243799 2.4705316126346579 3.0210530981421471 1.7747516259551046 2.3162015378475189
leaf_count=9 240 19 26 224 576 10 21 10 6 60 7 23 22 9
internal_value=-2.0325e-05 0.00830452 0.0252157 0.00464027 -0.0186042 0.0120349 0.00274553 0.0148119 0.00401154 -0.00449403 0.0110418 -0.00536234 0.0114753 0.0323215
internal_weight=191.576 132.308 23.5624 108.745 59.2686 16.925 13.6347 10.5157 10.2062 44.8085 63.9367 8.78706 5.76601 3.99125
internal_count=1262 617 86 531 645 67 57 36 69 284 247 63 40 18
is_linear=0
shrinkage=0.05


Tree=70
num_leaves=15
num_cat=0
split_feature=7 5 5 6 2 0 0 5 3 3 0 0 2 4
split_gain=6.11723 7.79761 5.10297 4.63221 4.21552 3.87202 3.39915 2.94069 2.62946 2.73271 2.54076 3.21671 3.22633 2.96062
threshold=1.0000000180025095e-35 1.5000000000000002 2.5000000000000004 1.0000000180025095e-35 0.88268021286889231 7.5000000000000009 28.500000000000004 1.5000000000000002 5.5000000000000009 22.500000000000004 8.5000000000000018 16.500000000000004 0.7421798631476052 18.500000000000004
decision_type=2 2 2 2 2 2 2 2 2 2 2 2 2 2
left_child=1 3 6 -1 10 -5 8 -8 -2 -10 13 -12 -13 -3
right_child=2 4 -4 5 -6 -7 7 -9 9 -11 11 12 -14 -15
leaf_value=0.031016572112439546 0.05381343873662741 -0.034686533981466837 0.01926329694683418 -0.022864679297263331 -0.038364821014516784 0.014090557220299012 -0.038539763500188784 0.01086129431627471 -0.043535694689198379 -0.0065339697585323556 0.022042936279347697 -0.0066892371369364342 0.033154029536572475 0.037510599880102025
leaf_weight=35.96669827401638 1.7228031456470478 8.9265074133872968 15.506629794836043 8.749797046184538 7.9705838784575453 37.320923089981079 16.889343678951267 3.6663703918457022 5.2682308703660956 94.440733328461647 17.000311017036438 51.288054764270782 5.6395725607872 1.6885947883129109
leaf_count=115 5 43 48 26 50 107 100 14 20 493 52 168 16 5
internal_value=0.000134048 0.00634731 -0.00775379 0.0175697 -0.00360429 0.00707198 -0.0111881 -0.0297285 -0.0074308 -0.008489 -0.000327124 0.00295738 -0.00274214 -0.0232018
internal_weight=312.045 174.551 137.494 82.0374 92.5136 46.0707 121.987 20.5557 101.432 99.709 84.543 73.9279 56.9276 10.6151
internal_count=1262 582 680 248 334 133 632 114 518 513 284 236 184 48
is_linear=0
shrinkage=0.05


Tree=71
num_leaves=15
num_cat=0
split_feature=2 7 1 3 5 2 1 2 1 3 2 2 2 6
split_gain=9.39265 3.27098 4.69995 3.20435 2.73692 2.6741 2.37453 2.49141 3.78618 3.87986 3.07676 2.98339 3.32792 2.27587
threshold=0.66134305835010065 1.0000000180025095e-35 9.5000000000000018 23.500000000000004 1.5000000000000002 0.47156334231805935 -13.499999999999998 0.14017543859649126 -4.4999999999999991 49.500000000000007 0.56100478468899528 0.35781671159029654 0.42640692640692646 1.0000000180025095e-35
decision_type=2 2 2 2 2 2 2 2 2 2 2 2 2 2
left_child=1 2 3 4 -1 -3 -5 -8 10 -10 11 -9 -13 -2
right_child=13 5 -4 6 -6 -7 7 8 9 -11 -12 12 -14 -15
leaf_value=-0.043109006853682567 -0.013110229274358766 0.0137926866751773 -0.037247341562031085 -0.027035333960698817 0.020773178316863237 0.00050805791108222672 0.01943592024008042 -0.044541006849604041 0.0077901168280586344 -0.025343035274824691 -0.088295535768056266 0.038903816528534814 -0.02496358611260175 -0.045382176065809389
leaf_weight=1.8023934662342096 71.663479670882225 100.25774605572224 8.7552110105752927 9.6506756246089918 24.033646032214165 60.885281622409821 12.845990151166914 6.179318398237224 47.150803580880172 10.872939020395277 1.750340849161147 3.4539957940578443 4.981023371219635 5.9138934314250937
leaf_count=7 229 431 40 29 77 174 36 17 141 31 5 10 14 21
internal_value=-0.000102473 0.00399828 -0.00185419 0.00067084 0.0163166 0.0087733 -0.00350136 -0.000897814 -0.00440921 0.00158137 -0.0256498 -0.0181468 0.00118902 -0.0155704
internal_weight=370.197 292.619 131.476 122.721 25.836 161.143 96.8851 87.2344 74.3884 58.0237 16.3647 14.6143 8.43502 77.5774
internal_count=1262 1012 407 367 84 605 283 254 218 172 46 41 24 250
is_linear=0
shrinkage=0.05


Tree=72
num_leaves=15
num_cat=0
split_feature=2 2 0 5 3 4 6 2 1 2 2 4 3 4
split_gain=10.9523 3.0825 2.40579 2.23491 3.55476 3.83757 3.05169 2.45918 2.30842 2.29111 2.36263 2.19671 2.0759 2.0233
threshold=0.46453722334004027 0.73330914368650224 4.5000000000000009 1.5000000000000002 22.500000000000004 15.500000000000002 1.0000000180025095e-35 0.64075471698113218 11.500000000000002 0.47493734335839605 0.59402026192241175 11.500000000000002 52.500000000000007 15.500000000000002
decision_type=2 2 2 2 2 2 2 2 2 2 2 2 2 2
left_child=2 3 12 4 -2 9 7 -5 -9 -6 -11 -8 -1 -3
right_child=1 13 -4 6 5 -7 11 8 -10 10 -12 -13 -14 -15
leaf_value=0.016909998557632366 -0.014322212639724699 0.013188162400022317 -0.022887303043973628 -0.016541043419115258 -0.038478045575805156 0.10249511926106517 -0.010687642071618932 0.0098269680896790595 -0.043595734933222663 0.026078702901012937 -0.040314944954878126 0.067645550306013713 -0.035448561207146907 0.039510067788959283
leaf_weight=7.6316443234682065 8.9279390648007375 31.076652944087982 47.681364059448242 28.124157473444939 1.6914417073130668 1.4101790860295285 1.3973481506109231 22.613049581646923 2.2206749767065039 21.087944492697719 1.430847369134425 2.4895216822624207 2.5176016464829445 9.5424993038177472
leaf_count=38 49 118 576 192 11 10 5 102 9 76 8 8 31 29
internal_value=-3.74142e-05 0.00791131 -0.0181823 0.00281772 0.0128471 0.0223148 -0.00327781 -0.00641637 0.00504982 0.0176445 0.02186 0.0394844 0.00392204 0.0193719
internal_weight=189.843 132.012 57.8306 91.3931 34.5484 25.6204 56.8448 52.9579 24.8337 24.2102 22.5188 3.88687 10.1492 40.6192
internal_count=1262 617 645 470 154 105 316 303 111 95 84 13 69 147
is_linear=0
shrinkage=0.05


Tree=73
num_leaves=15
num_cat=0
split_feature=7 2 1 5 2 5 4 2 3 3 3 4 3 2
split_gain=5.44763 7.34973 7.02019 4.75166 3.3804 4.81648 3.26625 3.39725 4.45698 2.67315 2.61145 2.38502 2.46991 5.23418
threshold=1.0000000180025095e-35 0.82200460829493094 8.5000000000000018 2.5000000000000004 0.31203515889114269 1.5000000000000002 8.5000000000000018 0.28235450438479942 44.500000000000007 22.500000000000004 36.500000000000007 4.5000000000000009 17.500000000000004 0.95584415584415605
decision_type=2 2 2 2 2 2 2 2 2 2 2 2 2 2
left_child=1 2 9 4 6 -6 7 8 -2 -1 -8 -5 13 -13
right_child=3 -3 -4 11 5 -7 10 -9 -10 -11 -12 12 -14 -15
leaf_value=-0.0068440684499498864 -0.025110348613928885 -0.035284892495487767 0.031617701496685767 -0.042008874414946336 -0.02991803849245361 -0.0035001795064514545 0.049535568411743898 0.049998300423479955 0.026918214451498224 0.008495896016227196 -0.015424169126550539 -0.039787017194237849 0.04960151936118698 0.041620805899750229
leaf_weight=40.485559403896332 7.6287409067153993 10.139155492186545 27.511061891913414 1.4633317291736592 37.82558286190033 31.723348990082741 1.6389568895101572 4.9966398477554312 8.939829617738722 95.134563237428665 27.620651587843895 3.4279684424400312 5.9240621626377097 4.6567786931991577
leaf_count=137 46 60 90 6 248 122 7 25 38 295 146 11 17 14
internal_value=0.000143663 0.00602091 0.0085882 -0.00735272 -0.0107053 -0.0178681 -0.000903723 0.0138606 0.00296247 0.00391658 -0.0117855 0.0187304 0.0250751 0.00710353
internal_weight=309.116 173.27 163.131 135.846 120.374 69.5489 50.8248 21.5652 16.5686 135.62 29.2596 15.4721 14.0088 8.08475
internal_count=1262 582 522 680 632 370 262 109 84 432 153 48 42 25
is_linear=0
shrinkage=0.05


Tree=74
num_leaves=15
num_cat=0
split_feature=2 7 1 3 5 2 0 3 4 2 3 2 2 4
split_gain=8.57297 2.85195 4.46121 2.66472 3.16355 2.41833 2.23305 2.23063 2.28358 2.83951 3.71695 2.79726 3.02239 2.19789
threshold=0.66134305835010065 1.0000000180025095e-35 10.500000000000002 23.500000000000004 1.5000000000000002 0.47156334231805935 7.5000000000000009 32.500000000000007 6.5000000000000009 0.5196153846153847 28.500000000000004 0.5185439560439562 0.59402026192241175 12.500000000000002
decision_type=2 2 2 2 2 2 2 2 2 2 2 2 2 2
left_child=1 2 3 4 -1 -3 -7 8 11 10 -10 -8 -13 -2
right_child=13 5 -4 -5 -6 6 7 -9 9 -11 -12 12 -14 -15
leaf_value=-0.041584628530640488 -0.0086766566079040843 0.013137719111691258 -0.042316880575601581 -0.0033315806352652681 0.020066796547587758 -0.051136662709949481 0.052072381755398411 -0.028089966679262831 -0.059577585656334676 0.0057740859238442502 0.0073093950514567492 -0.0070548912438570897 0.039686723362162911 -0.026356979483465118
leaf_weight=2.2805888056755093 49.368459925055504 98.816478818655014 6.4144114255905142 97.983213320374489 23.751144379377365 2.0266073644161215 4.7587950229644802 5.4940510690212241 4.3999892175197584 24.550920486450195 3.9341781139373779 10.524786919355391 5.1511405110359183 27.29699832201004
leaf_count=10 151 431 31 289 77 6 14 15 12 70 11 30 16 99
internal_value=-0.000101719 0.00382822 -0.00165687 0.00044618 0.0146656 0.00830918 0.000466723 0.00224487 0.00537056 -0.00278622 -0.0280033 0.0184971 0.0083045 -0.0149718
internal_weight=366.752 290.086 130.429 124.015 26.0317 159.657 60.8405 58.8139 53.3198 32.8851 8.33417 20.4347 15.6759 76.6655
internal_count=1262 1012 407 376 87 605 174 168 153 93 23 60 46 250
is_linear=0
shrinkage=0.05


Tree=75
num_leaves=15
num_cat=0
split_feature=2 2 2 0 6 5 2 8 3 4 3 2 0 4
split_gain=10.0938 2.76257 3.93196 2.32462 2.21631 2.49938 3.36577 2.16024 1.9766 1.83906 1.86143 3.29991 3.48869 4.87573
threshold=0.46453722334004027 0.84119496855345932 0.93968253968253979 4.5000000000000009 1.0000000180025095e-35 3.5000000000000004 0.95744466800804839 1.0000000180025095e-35 52.500000000000007 15.500000000000002 15.500000000000002 0.70087719298245621 30.500000000000004 3.5000000000000004
decision_type=2 2 2 2 2 2 2 2 2 2 2 2 2 2
left_child=3 7 -3 8 5 6 -4 -2 -1 10 -9 -12 13 -13
right_child=1 2 4 -5 -6 -7 -8 9 -10 -11 11 12 -14 -15
leaf_value=0.016409679581518229 0.01003410684051251 0.056340595220913392 -0.0064068110011354026 -0.022478339079069657 0.048349462816001595 -0.037934749383170069 0.054170023209970643 -0.040970685581654537 -0.035364759411752864 0.012421229335928397 -0.017998549056054091 -0.040471073021543846 -0.02515439725650763 0.063674579247067972
leaf_weight=7.6811257526278478 64.246191397309303 6.4551234543323543 7.0531273186206835 46.404497109353542 3.1219472885131827 3.0844335630536071 3.397648811340332 4.3419561535120001 2.4255591556429863 11.982727721333502 18.603545002639297 1.4615344554185847 3.0977316424250603 4.8636086136102676
leaf_count=38 247 19 26 576 10 21 10 23 31 60 160 7 16 18
internal_value=-6.88803e-05 0.00751552 0.0232121 -0.0177457 0.0103739 0.00161471 0.0132873 0.00417488 0.00398405 -0.00431269 -0.0105076 -0.00578811 0.0183189 0.0396099
internal_weight=188.221 131.71 23.1123 56.5112 16.6572 13.5352 10.4508 108.597 10.1067 44.3511 32.3684 28.0264 9.42287 6.32514
internal_count=1262 617 86 645 67 57 36 531 69 284 224 201 41 25
is_linear=0
shrinkage=0.05


Tree=76
num_leaves=15
num_cat=0
split_feature=7 2 1 0 2 0 2 3 3 4 5 3 0 6
split_gain=4.89262 6.96477 6.47913 4.59653 3.6764 2.73517 2.59585 2.99003 3.13263 2.81926 2.55096 2.3456 3.7087 2.98163
threshold=1.0000000180025095e-35 0.88268021286889231 7.5000000000000009 28.500000000000004 0.95584415584415605 9.5000000000000018 0.18090909090909094 49.500000000000007 53.500000000000007 6.5000000000000009 1.5000000000000002 46.500000000000007 10.500000000000002 1.0000000180025095e-35
decision_type=2 2 2 2 2 2 2 2 2 2 2 2 2 2
left_child=1 2 11 4 5 6 7 -2 9 -9 -5 12 -1 -13
right_child=3 -3 -4 10 -6 -7 -8 8 -10 -11 -12 13 -14 -15
leaf_value=-0.024512647676645804 -0.029859759757533078 -0.038192219907752199 0.028483041711134222 -0.038156622334765113 0.040695800233520908 -0.0094819010925641951 0.037881838369940642 0.065246284072215693 -0.026061306503456522 0.0098228868736725504 0.0067188770530939856 0.041307149223515166 0.003232513879418242 0.0063862004195123015
leaf_weight=14.060940489172934 5.8300517052412095 8.5748295709490758 31.330656796693802 15.886159241199495 4.5910355150699607 82.708753824234009 5.9916707277297965 3.2227033972740156 3.9390135109424582 7.9665404409170151 3.9553123861551276 7.9335466325283042 83.986555904150009 26.630531758069992
leaf_count=59 34 56 103 100 14 443 19 9 22 24 15 23 266 75
internal_value=0.000167216 0.00573565 0.00803325 -0.00699694 -0.00313909 -0.00497431 0.00885936 0.000562262 0.0122861 0.0257858 -0.0292109 0.00320181 -0.000746405 0.0144017
internal_weight=306.608 172.517 163.942 134.091 114.25 109.659 26.95 20.9583 15.1283 11.1892 19.8415 132.612 98.0475 34.5641
internal_count=1262 582 526 680 565 551 108 89 55 33 115 423 325 98
is_linear=0
shrinkage=0.05


Tree=77
num_leaves=15
num_cat=0
split_feature=2 7 1 3 4 8 2 4 2 6 4 3 2 5
split_gain=7.83577 2.47832 4.19873 2.47137 2.6982 2.55425 2.31901 2.54994 2.19354 2.15348 2.12417 3.41082 2.12683 2.06322
threshold=0.66134305835010065 1.0000000180025095e-35 10.500000000000002 46.500000000000007 10.500000000000002 1.0000000180025095e-35 0.18090909090909094 8.5000000000000018 0.46453722334004027 1.0000000180025095e-35 8.5000000000000018 22.500000000000004 0.53708791208791218 1.5000000000000002
decision_type=2 2 2 2 2 2 2 2 2 2 2 2 2 2
left_child=1 2 3 6 -5 -6 -1 -8 -3 13 11 -10 -12 -2
right_child=9 8 -4 4 5 -7 7 -9 10 -11 12 -13 -14 -15
leaf_value=0.053930504849599895 -0.030833494102753684 0.012664550999229494 -0.041825757942222881 -0.035997650824380667 0.005139705380574666 -0.030964552907737936 0.01500904942573991 -0.0028880369569531362 0.04859990937109096 -0.044274790527486431 -0.025664353906768095 0.002785861823052618 0.0015325922115721196 -0.0081217671849102471
leaf_weight=2.3625958114862433 12.073039650917051 95.064288571476936 6.1350122690200797 8.05439844727516 21.398222506046299 6.3532455265521994 31.535566702485085 53.95228910446167 4.7677713036537162 5.5867924541234961 11.629241019487383 27.466545283794403 18.824252486228943 58.226327866315842
leaf_count=7 45 423 31 26 58 19 103 163 15 21 33 80 54 184
internal_value=-0.000105399 0.00366624 -0.00145131 0.000551807 -0.0105202 -0.00312578 0.0050645 0.00371401 0.00787673 -0.0143967 0.000616136 0.00956221 -0.00885307 -0.0120222
internal_weight=363.43 287.543 129.791 123.656 35.8059 27.7515 87.8505 85.4879 157.752 75.8862 62.6878 32.2343 30.4535 70.2994
internal_count=1262 1012 407 376 103 77 273 266 605 250 182 95 87 229
is_linear=0
shrinkage=0.05


Tree=78
num_leaves=15
num_cat=0
split_feature=2 6 0 5 2 4 0 1 4 8 2 2 0 0
split_gain=9.33441 2.96212 2.66374 2.57633 4.29219 2.70538 2.72554 5.82857 3.27709 5.03437 2.55793 2.51985 3.88802 2.46107
threshold=0.49164578111946539 1.0000000180025095e-35 13.500000000000002 1.5000000000000002 0.64075471698113218 14.500000000000002 30.500000000000004 3.5000000000000004 3.5000000000000004 1.0000000180025095e-35 0.7076149425287358 0.53708791208791218 40.500000000000007 33.500000000000007
decision_type=2 2 2 2 2 2 2 2 2 2 2 2 2 2
left_child=-1 3 -3 11 -5 6 7 -6 9 -9 -10 -2 13 -13
right_child=1 2 -4 4 5 -7 -8 8 10 -11 -12 12 -14 -15
leaf_value=-0.015498697140058432 0.036139435252916019 0.064023662860341404 0.0098649813102883663 -0.016872941561372513 -0.0096361664564984517 0.025573114332910981 -0.024272201267988281 0.061569651021497043 0.033769250984615071 -0.041163374412875098 0.096392790192667152 0.016837817465890085 0.040919526294168618 -0.021683119241662083
leaf_weight=64.324654459953308 11.620063334703444 4.3057021796703321 4.8028921633958817 23.895619757473469 17.940186478197578 16.332888603210449 8.2077153623104078 2.1334294676780683 4.243485614657402 2.7039283215999603 2.64825139939785 7.3345751464366975 6.3656788244843474 9.5390235781669599
leaf_count=695 38 14 16 167 90 53 33 6 15 14 9 33 29 50
internal_value=-8.47255e-05 0.00803742 0.0354662 0.00582578 0.000781288 0.00856324 0.00122843 0.00828294 0.035691 0.00414517 0.0578333 0.0171284 0.00762257 -0.00493893
internal_weight=186.398 122.073 9.10859 112.965 78.1055 54.2099 37.877 29.6693 11.7291 4.83736 6.89174 34.8593 23.2393 16.8736
internal_count=1262 567 30 537 387 220 167 134 44 20 24 150 112 83
is_linear=0
shrinkage=0.05


Tree=79
num_leaves=15
num_cat=0
split_feature=7 2 1 0 2 0 5 2 3 3 4 5 3 5
split_gain=4.3525 6.56305 5.87866 4.45767 3.41471 2.60143 2.50826 2.38057 2.8565 2.95138 2.65609 2.23514 2.79049 2.54391
threshold=1.0000000180025095e-35 0.88268021286889231 7.5000000000000009 28.500000000000004 0.95584415584415605 9.5000000000000018 1.5000000000000002 0.18090909090909094 49.500000000000007 53.500000000000007 6.5000000000000009 3.5000000000000004 23.500000000000004 1.5000000000000002
decision_type=2 2 2 2 2 2 2 2 2 2 2 2 2 2
left_child=1 2 -1 4 5 7 -5 8 -2 10 -10 12 -7 -14
right_child=3 -3 -4 6 -6 11 -8 -9 9 -11 -12 -13 13 -15
leaf_value=0.0030536099702043545 -0.029390350038582699 -0.038011588256110139 0.027281673754220401 -0.037970309982703496 0.039796995840270057 -0.032232025910924604 0.0066667698264955225 0.036644697665482735 0.06371164088393147 -0.025529740235406218 0.009823676030352807 0.054932820210347545 -0.012850373980550674 0.0077790879489255896
leaf_weight=132.22878803312778 5.6558798700571122 8.2717400640249235 30.884797334671021 15.364818260073664 4.5087464749813071 12.102306202054022 3.9578566700220099 6.0100646018981925 3.2080237567424756 3.8366260677576056 7.9616408199071884 1.3431759774684895 46.237924709916115 22.080219089984894
leaf_count=423 34 56 103 100 14 46 15 19 9 22 24 4 307 86
internal_value=0.000178854 0.0054377 0.00764108 -0.0066353 -0.00283866 -0.00461145 -0.0288273 0.00894794 0.000891711 0.012305 0.0253008 -0.00903468 -0.0101031 -0.00618299
internal_weight=303.653 171.385 163.114 132.267 112.945 108.436 19.3227 26.6722 20.6622 15.0063 11.1697 81.7636 80.4205 68.3181
internal_count=1262 582 526 680 565 551 115 108 89 55 33 443 439 393
is_linear=0
shrinkage=0.05


Tree=80
num_leaves=15
num_cat=0
split_feature=2 7 1 3 5 6 4 1 0 2 0 3 0 4
split_gain=7.09439 2.19048 3.95816 2.31103 2.93556 2.05822 2.00901 4.49151 2.02885 1.98241 1.97365 2.00367 2.05568 2.2171
threshold=0.66134305835010065 1.0000000180025095e-35 10.500000000000002 23.500000000000004 1.5000000000000002 1.0000000180025095e-35 2.5000000000000004 4.5000000000000009 29.500000000000004 0.47156334231805935 7.5000000000000009 32.500000000000007 33.500000000000007 10.500000000000002
decision_type=2 2 2 2 2 2 2 2 2 2 2 2 2 2
left_child=1 2 3 4 -1 6 7 -2 -9 -3 -11 12 -12 -14
right_child=5 9 -4 -5 -6 -7 -8 8 -10 10 11 -13 13 -15
leaf_value=-0.041243169149032199 0.051644381010781885 0.011952019954944682 -0.041403182557783358 -0.0029231104415978187 0.019166302167617312 -0.043599777457573742 -0.01503960313450995 -0.056025403593985307 0.0032914396861063963 -0.049161915904832959 0.00096643155208906274 -0.026780938724931487 0.047280793076131117 -0.010843232382469474
leaf_weight=2.2004479020833996 3.8480450361967069 95.707636088132858 5.8808967024087897 97.498917728662491 23.363780304789543 5.377349540591239 59.236828550696373 2.1670473217964172 4.3060002028942108 1.9455443322658528 45.299269169569016 5.4693209528923026 5.2273471355438224 2.3911059200763702
leaf_count=10 11 431 31 289 77 21 198 6 14 6 129 15 17 7
internal_value=-0.000107015 0.00349261 -0.0013296 0.000585421 0.0139665 -0.0137967 -0.0114927 0.00886468 -0.0165667 0.00747746 0.000379301 0.00203009 0.00500786 0.0290382
internal_weight=359.92 284.984 128.944 123.063 25.5642 74.9353 69.5579 10.3211 6.47305 156.04 60.3326 58.387 52.9177 7.61845
internal_count=1262 1012 407 376 87 250 229 31 20 605 174 168 153 24
is_linear=0
shrinkage=0.05


Tree=81
num_leaves=15
num_cat=0
split_feature=2 2 0 2 1 4 3 2 3 0 4 5 6 3
split_gain=8.64054 2.40063 2.30469 2.16891 2.40356 3.29849 3.25328 2.41113 1.92358 1.85507 1.73437 1.75664 2.72105 1.74394
threshold=0.46453722334004027 0.73330914368650224 4.5000000000000009 0.7231800766283526 11.500000000000002 16.500000000000004 30.500000000000004 0.59402026192241175 52.500000000000007 33.500000000000007 15.500000000000002 3.5000000000000004 1.0000000180025095e-35 2.5000000000000004
decision_type=2 2 2 2 2 2 2 2 2 2 2 2 2 2
left_child=2 3 8 4 6 7 -2 -6 -1 -9 11 13 -13 -3
right_child=1 10 -4 -5 5 -7 -8 9 -10 -11 -12 12 -14 -15
leaf_value=0.017051572269653356 0.0019774013945664591 0.054587726489817849 -0.021754719536973596 -0.046934144328425485 0.027289511808663444 0.080879546921553913 -0.039439371622008022 0.029126108542838508 -0.035238897454262071 -0.020305148399437329 0.036330635688520317 -0.03829245447052728 0.047929596959597531 0.01216723313275252
leaf_weight=7.5972903817892057 60.506397880613804 2.7056363224983278 44.277678079903126 2.1757419407367697 11.482019878923898 1.8864353299140919 5.1445589885115615 2.6163582950830442 2.2885410897433758 6.912823498249054 9.0682650506496412 3.5858158990740767 1.2285400629043577 23.177528738975525
leaf_count=38 330 8 576 9 42 9 34 9 31 37 29 24 4 82
internal_value=-9.33425e-05 0.00687494 -0.0168813 0.00238505 0.00359688 0.0175455 -0.00126811 0.0118593 0.00494648 -0.00673317 0.0171185 0.0114431 -0.0162901 0.0166016
internal_weight=184.654 130.49 54.1635 90.7243 88.5486 22.8976 65.651 21.0112 9.88583 9.52918 39.7658 30.6975 4.81436 25.8832
internal_count=1262 617 645 470 461 97 364 88 69 46 147 118 28 90
is_linear=0
shrinkage=0.05


Tree=82
num_leaves=15
num_cat=0
split_feature=7 2 1 0 2 5 0 3 3 2 3 3 4 2
split_gain=3.90103 6.22822 5.54058 4.30444 3.1748 2.43337 2.42966 2.23824 2.14683 2.12643 2.72202 2.76825 2.50132 2.08677
threshold=1.0000000180025095e-35 0.82200460829493094 8.5000000000000018 28.500000000000004 0.95584415584415605 1.5000000000000002 9.5000000000000018 22.500000000000004 19.500000000000004 0.18090909090909094 49.500000000000007 53.500000000000007 6.5000000000000009 0.64537223340040251
decision_type=2 2 2 2 2 2 2 2 2 2 2 2 2 2
left_child=1 2 7 4 6 -5 9 -1 -4 10 -2 12 -12 -10
right_child=3 -3 8 5 -6 -7 -8 -9 13 -11 11 -13 -14 -15
leaf_value=-0.0065590473140291821 -0.028935703594252057 -0.034606536345308331 0.046217121016178982 -0.037773403290177858 0.038897742758320822 0.0062865723245639441 -0.0086028338533610024 0.0075445924200395259 0.028701347099236215 0.034971718211390182 0.06213199796250423 -0.02499618635768542 0.0097394502247314038 -0.010816932418874582
leaf_weight=39.942794308066368 5.4909730255603852 9.3041357025504094 10.327374517917635 14.815262392163278 4.4289748072624198 3.9743810147047034 80.813031420111656 95.127595528960228 11.260796532034876 6.0220725387334815 3.1910710632801038 3.7365802228450766 7.9623575657606125 4.7495105862617484
leaf_count=137 34 60 32 100 14 15 443 295 43 19 9 22 24 15
internal_value=0.000197268 0.0051716 0.00746455 -0.00631311 -0.00258686 -0.0284538 -0.00430055 0.00337389 0.0284431 0.00886766 0.00115457 0.0122509 0.0247293 0.0169781
internal_weight=301.147 170.712 161.408 130.435 111.645 18.7896 107.216 135.07 26.3377 26.4031 20.381 14.89 11.1534 16.0103
internal_count=1262 582 522 680 565 115 551 432 90 108 89 55 33 58
is_linear=0
shrinkage=0.05


Tree=83
num_leaves=15
num_cat=0
split_feature=2 6 7 1 3 5 1 2 1 3 2 2 2 1
split_gain=6.43613 1.95635 1.943 3.73212 2.18151 2.75432 1.9807 2.18957 3.44772 3.42163 2.78609 2.74272 3.10835 2.03891
threshold=0.66134305835010065 1.0000000180025095e-35 1.0000000180025095e-35 10.500000000000002 23.500000000000004 1.5000000000000002 -13.499999999999998 0.14017543859649126 -4.4999999999999991 49.500000000000007 0.56100478468899528 0.35781671159029654 0.42640692640692646 -1.4999999999999998
decision_type=2 2 2 2 2 2 2 2 2 2 2 2 2 2
left_child=2 -2 3 4 5 -1 -6 -8 10 13 11 -9 -13 -10
right_child=1 -3 -4 -5 6 -7 7 8 9 -11 -12 12 -14 -15
leaf_value=-0.040850702922056781 -0.011022150047463569 -0.042952310223936592 0.0070996414101976643 -0.041008919009654428 -0.02464789027973445 0.018674831429673949 0.018702865090958139 -0.042319603912348923 0.027192446682186084 -0.023665302315697689 -0.083010279627985933 0.038371131615783899 -0.023404219686080051 0.0022023146552312277
leaf_weight=2.1212109327316311 68.819854378700256 5.1565955728292456 154.27761749923229 5.6365590244531623 9.3726414740085584 23.174796730279922 12.736672371625898 6.1120788156986192 10.40393689274787 10.698560506105421 1.7839828729629505 3.4259983301162702 5.0199814140796661 37.878155633807197
leaf_count=10 229 21 605 31 29 77 36 17 30 31 5 10 14 117
internal_value=-0.000118251 -0.0132479 0.00331819 -0.00122663 0.000600461 0.0136833 -0.0027962 -0.000470402 -0.0037125 0.00191831 -0.0240349 -0.0168079 0.00165412 0.00758725
internal_weight=356.619 73.9764 282.642 128.365 122.728 25.296 97.432 88.0594 75.3227 58.9807 16.342 14.5581 8.44598 48.2821
internal_count=1262 250 1012 407 376 87 289 260 224 178 46 41 24 147
is_linear=0
shrinkage=0.05


Tree=84
num_leaves=15
num_cat=0
split_feature=2 0 4 2 5 6 0 7 2 3 0 0 8 2
split_gain=8.01893 2.22688 2.19568 2.5427 2.60957 3.54461 2.60039 2.52585 2.37164 4.19407 2.48764 2.09511 1.99797 1.95884
threshold=0.46453722334004027 4.5000000000000009 9.5000000000000018 0.82497911445279881 1.5000000000000002 1.0000000180025095e-35 22.500000000000004 1.0000000180025095e-35 0.56100478468899528 24.500000000000004 20.500000000000004 13.500000000000002 1.0000000180025095e-35 0.70087719298245621
decision_type=2 2 2 2 2 2 2 2 2 2 2 2 2 2
left_child=1 -1 12 4 7 6 8 -4 -6 10 13 -7 -2 -10
right_child=2 -3 3 -5 5 11 -8 -9 9 -11 -12 -13 -14 -15
leaf_value=0.0049750089607348089 0.00696037033648623 -0.021366899616104825 -0.0053354199517102758 0.032110095951490607 -0.019418062976767868 0.098200197195924599 -0.019076748416897462 0.038814504401326944 -0.020849450687234639 0.10074786080644549 0.06715567929848619 0.017691825537533786 -0.01123597005438399 0.0235712991559726
leaf_weight=9.8525224700570089 39.226329892873764 43.209684286266565 4.6608744934201214 13.740238130092619 5.3191556334495571 1.341132223606109 15.564183078706263 10.623478852212429 5.0980793088674528 1.4378406554460514 1.64511527866125 2.0332153141498566 24.512554302811623 4.8360484391450882
leaf_count=69 150 576 38 50 34 4 76 34 28 9 8 7 164 15
internal_value=-9.52942e-05 -0.0164758 0.00658877 0.0129592 0.00795265 0.000818436 -0.00404608 0.0253512 0.00871227 0.0202071 0.0102061 0.0496898 -3.75366e-05 0.000775085
internal_weight=183.1 53.0622 130.038 66.2994 52.5591 37.2748 33.9004 15.2844 18.3362 13.0171 11.5792 3.37435 63.7389 9.93413
internal_count=1262 645 617 303 253 181 170 72 94 60 51 11 314 43
is_linear=0
shrinkage=0.05


Tree=85
num_leaves=15
num_cat=0
split_feature=7 2 1 0 2 5 0 3 3 0 6 0 2 5
split_gain=3.51527 5.91038 5.09133 4.14592 2.97692 2.39224 2.24251 2.00398 1.90945 3.37543 2.62378 3.72946 1.88453 4.43072
threshold=1.0000000180025095e-35 0.88268021286889231 7.5000000000000009 28.500000000000004 0.93968253968253979 1.5000000000000002 8.5000000000000018 53.500000000000007 46.500000000000007 10.500000000000002 1.0000000180025095e-35 8.5000000000000018 0.7231800766283526 1.5000000000000002
decision_type=2 2 2 2 2 2 2 2 2 2 2 2 2 2
left_child=1 2 8 4 6 -5 7 -2 9 -1 -10 -12 13 -4
right_child=3 -3 12 5 -6 -7 -8 -9 10 -11 11 -13 -14 -15
leaf_value=-0.023831155691010887 0.015863585644146232 -0.037711877927402354 0.029914378728787688 -0.037600364347843501 0.029784257681525862 0.0062424495282606884 -0.0083646987914381375 -0.024544529157770386 0.038445589489208204 0.0029284280169610804 -0.018469926988800716 0.020097778151960181 0.045574409947296148 -0.024243906545206299
leaf_weight=13.7115161716938 19.141101479530338 7.7553714215755454 16.769051760435111 14.317967824637892 6.7557328939437857 3.9751544594764701 81.069387495517731 3.6540272533893576 7.7645765841007224 83.850757464766502 10.124881878495218 16.455322861671448 8.4384961128234846 4.8741329908370963
leaf_count=59 68 56 64 100 21 15 454 22 23 266 30 45 25 14
internal_value=0.000201227 0.00492854 0.00696999 -0.00602337 -0.00237702 -0.0280732 -0.00446891 0.00938622 0.00273687 -0.000832395 0.012876 0.00540664 0.0255321 0.0177177
internal_weight=298.657 169.744 161.989 128.913 110.62 18.2931 103.865 22.7951 131.907 97.5623 34.3448 26.5802 30.0817 21.6432
internal_count=1262 582 526 680 565 115 544 90 423 325 98 75 103 78
is_linear=0
shrinkage=0.05


Tree=86
num_leaves=15
num_cat=0
split_feature=2 4 3 2 2 1 0 7 2 2 0 4 1 2
split_gain=5.89713 1.93783 2.17659 3.70956 2.10625 1.71911 2.94656 2.58201 2.16041 2.56641 2.67985 2.15427 3.28769 2.38516
threshold=0.66134305835010065 12.500000000000002 22.500000000000004 0.68989800874210794 0.68090909090909102 7.5000000000000009 18.500000000000004 1.0000000180025095e-35 0.47493734335839605 0.53708791208791218 33.500000000000007 6.5000000000000009 -1.4999999999999998 0.28119594761551775
decision_type=2 2 2 2 2 2 2 2 2 2 2 2 2 2
left_child=5 2 3 4 -2 6 -1 -7 -9 -10 -11 -8 -13 -14
right_child=1 -3 -4 -5 -6 7 11 8 9 10 -12 12 13 -15
leaf_value=0.00070340916801444968 0.0093391249362795182 -0.023900515286605788 -0.036343132916499161 -0.0085405209987111964 0.07350273540405515 -0.026498621320350225 0.023666361456488341 0.022969021679973323 -0.022488436378560774 -0.010234807323679275 0.028965487079404426 0.036825860595719781 0.046722177410601973 -0.00088125887748829752
leaf_weight=145.92956532537937 3.0332648605108252 25.458244487643242 5.5201535373926154 36.958707630634308 2.2115122973918915 11.093082278966902 28.370923340320587 8.5981173664331418 12.777732342481615 9.9686395227909106 7.7489005625247946 7.8210984468460074 2.7932247370481482 45.410876512527466
leaf_count=516 9 99 16 120 6 54 117 44 35 28 25 24 11 158
internal_value=-0.000120584 -0.0127607 -0.00681813 -0.00295631 0.0363943 0.00317705 0.00500418 -0.00520835 0.000832946 -0.0054083 0.00690974 0.0124406 0.00675599 0.00187716
internal_weight=353.694 73.1819 47.7236 42.2035 5.24478 280.512 230.326 50.1865 39.0934 30.4953 17.7175 84.3961 56.0252 48.2041
internal_count=1262 250 151 135 15 1012 826 186 132 88 53 310 193 169
is_linear=0
shrinkage=0.05


Tree=87
num_leaves=15
num_cat=0
split_feature=2 6 0 0 5 2 4 0 1 4 8 2 2 0
split_gain=7.42312 2.31232 2.50926 2.2533 2.24422 3.65617 2.31454 2.5286 5.20429 2.94725 4.54132 2.26879 2.14243 3.52733
threshold=0.49164578111946539 1.0000000180025095e-35 13.500000000000002 24.500000000000004 1.5000000000000002 0.64075471698113218 14.500000000000002 30.500000000000004 3.5000000000000004 3.5000000000000004 1.0000000180025095e-35 0.7076149425287358 0.53708791208791218 40.500000000000007
decision_type=2 2 2 2 2 2 2 2 2 2 2 2 2 2
left_child=-1 4 -3 -4 12 -6 7 8 -7 10 -10 -11 -2 -14
right_child=1 2 3 -5 5 6 -8 -9 9 11 -12 -13 13 -15
leaf_value=-0.01435126055437058 0.033016537368379603 0.060472791290560379 -0.024401825137141661 0.044678033955189503 -0.016209720116099363 -0.009701987028877302 0.02328961682107808 -0.024163615640608645 0.056386280302433846 0.031191138217406884 -0.04109930890585977 0.089472165122546299 -0.00515699971273162 0.039024004940111691
leaf_weight=61.005266088992357 11.760672546923159 4.0751956552267057 2.5951218605041504 2.1655420064926147 23.266474902629852 17.721947304904464 16.232405781745911 8.0400911122560483 2.1802139282226545 4.3235752508044243 2.6427469030022621 2.7206299602985382 16.739015385508541 6.187642700970172
leaf_count=695 38 14 9 7 167 90 53 33 6 15 14 9 83 29
internal_value=-0.000137142 0.00704999 0.0316738 0.00702138 0.00510417 0.000353758 0.00750864 0.000701083 0.00745743 0.0330826 0.00296894 0.0537006 0.0156668 0.00676695
internal_weight=181.657 120.651 8.83586 4.76066 111.815 77.1281 53.8616 37.6292 29.5891 11.8672 4.82296 7.04421 34.6873 22.9267
internal_count=1262 567 30 16 537 387 220 167 134 44 20 24 150 112
is_linear=0
shrinkage=0.05


Tree=88
num_leaves=15
num_cat=0
split_feature=7 2 1 0 2 5 0 5 3 2 2 4 4 4
split_gain=3.22365 5.63629 4.63651 3.97524 2.82711 2.31585 2.14257 2.064 2.75431 2.35127 2.04576 3.03512 2.08336 2.08327
threshold=1.0000000180025095e-35 0.88268021286889231 7.5000000000000009 28.500000000000004 0.95584415584415605 1.5000000000000002 9.5000000000000018 3.5000000000000004 23.500000000000004 0.5185439560439562 0.54142857142857148 12.500000000000002 5.5000000000000009 9.5000000000000018
decision_type=2 2 2 2 2 2 2 2 2 2 2 2 2 2
left_child=1 2 -1 4 6 -5 -2 8 -8 -10 13 12 -12 -11
right_child=3 -3 -4 5 -6 -7 7 -9 9 10 11 -13 -14 -15
leaf_value=0.0027138106718563905 0.0085796668027542291 -0.037560519940703085 0.024625653519551628 -0.037414882805897179 0.037529852393275553 0.0058073216182085267 -0.031290750898773659 0.053475421260414324 -0.0099765694504901567 0.090634397739063413 0.018326489046141505 0.0433544510353433 -0.033028954580099128 0.0013725574360764726
leaf_weight=131.52723222970963 26.130952194333076 7.5162806734442702 29.569517731666565 13.788944564759733 4.2979290485382071 3.9975753873586646 11.754684016108511 1.3454734981060017 51.971261627972126 1.5252837389707559 3.2801825851201993 3.4342329055070868 4.962512195110321 1.1438667774200437
leaf_count=423 108 56 103 100 14 15 46 4 335 8 13 13 19 5
internal_value=0.000223275 0.00476116 0.00673576 -0.00577162 -0.00222085 -0.0277006 -0.0038395 -0.00792581 -0.00898398 -0.00503013 0.0128892 0.00386205 -0.012592 0.0523812
internal_weight=296.246 168.613 161.097 127.633 109.846 17.7865 105.548 79.4175 78.072 66.3173 14.3461 11.6769 8.24269 2.66915
internal_count=1262 582 526 680 565 115 551 443 439 393 58 45 32 13
is_linear=0
shrinkage=0.05


Tree=89
num_leaves=15
num_cat=0
split_feature=2 6 3 4 5 0 2 3 1 4 2 1 0 0
split_gain=5.40216 1.86221 1.85704 2.88629 2.6955 2.67559 2.62421 2.48592 1.80887 2.64575 1.74796 1.88115 4.413 1.86918
threshold=0.66134305835010065 1.0000000180025095e-35 17.500000000000004 9.5000000000000018 1.5000000000000002 16.500000000000004 0.73647660818713467 15.500000000000002 6.5000000000000009 12.500000000000002 0.7696428571428573 -1.4999999999999998 27.500000000000004 50.500000000000007
decision_type=2 2 2 2 2 2 2 2 2 2 2 2 2 2
left_child=-1 2 3 4 -2 -6 -7 -8 -4 -10 11 -5 -13 -12
right_child=1 -3 8 10 5 6 7 -9 9 -11 13 12 -14 -15
leaf_value=0.0030439253634297011 -0.022848949084128344 -0.042180565021828327 -0.034241485952028625 -0.029027979994598226 -0.021673763034434256 0.068518341593086243 0.027053129538355116 -0.0326020653337383 0.0084228758697175009 -0.045481074218839443 -0.037880382497079923 0.098468381415453748 -0.011523454006575761 0.011398007126621692
leaf_weight=278.61492118239403 5.4684578180313137 4.8604380786418906 12.709489136934282 2.9000317454338074 3.5504929274320629 2.9864792823791495 9.3522567301988584 2.1473194360733023 8.1008249223232252 3.1660991460084906 10.55666624009609 1.3342273235321069 2.8810129761695862 2.3532873541116706
leaf_count=1012 20 21 37 10 12 8 30 6 24 12 46 4 11 9
internal_value=-0.000117475 -0.0122889 -0.0101368 -0.0039821 0.00790165 0.0172248 0.0267588 0.0159137 -0.0213108 -0.00672458 -0.0179309 0.00196731 0.0232917 -0.0288977
internal_weight=350.982 72.3671 67.5066 43.5302 23.505 18.0365 14.4861 11.4996 23.9764 11.2669 20.0252 7.11527 4.21524 12.91
internal_count=1262 250 229 156 76 56 44 36 73 36 80 25 15 55
is_linear=0
shrinkage=0.05


Tree=90
num_leaves=15
num_cat=0
split_feature=2 2 2 2 1 4 1 2 3 6 1 4 1 3
split_gain=6.95111 2.82637 2.34198 1.98304 2.32866 3.34063 3.23773 6.01908 3.59216 3.08958 2.53542 2.27666 2.17209 2.14881
threshold=0.34045454545454551 0.019237883832778396 0.73330914368650224 0.7231800766283526 9.5000000000000018 16.500000000000004 -3.4999999999999996 0.40877080665813065 29.500000000000004 1.0000000180025095e-35 -6.4999999999999991 7.5000000000000009 -7.4999999999999991 25.500000000000004
decision_type=2 2 2 2 2 2 2 2 2 2 2 2 2 2
left_child=1 -1 3 4 6 -6 7 12 -8 10 -9 -12 -2 -13
right_child=2 -3 -4 -5 5 -7 8 9 -10 -11 11 13 -14 -15
leaf_value=0.014180117909405793 0.18388686783765679 -0.024818162971978738 0.015387116519509551 -0.046962793790241313 0.0085571502360292651 0.069123308539350795 -0.0018900999130523578 -0.010896226935812502 -0.032326749546414388 0.090763589409656509 -0.036930288951193151 0.07722998384931791 0.051034472675125279 -0.00069192344468188593
leaf_weight=5.4245220310986033 0.65537355095148087 32.371594723314047 38.750444799661636 2.1130835637450209 28.570884220302109 2.4738485217094413 38.963959820568562 11.430087309330707 12.904554847627876 1.0412531793117512 0.95052384585142036 2.4826777279376988 0.57990023493767029 1.3746173083782194
leaf_count=40 3 416 147 9 144 12 212 85 152 3 8 12 8 11
internal_value=-0.000161191 -0.0192211 0.0049016 0.000977364 0.00197612 0.0133835 -0.00305547 0.0148941 -0.00946254 0.00727153 0.00191762 0.0323812 0.121519 0.0494611
internal_weight=180.087 37.7961 142.291 103.541 101.428 31.0447 70.3829 18.5144 51.8685 17.2792 16.2379 4.80782 1.23527 3.8573
internal_count=1262 456 806 659 650 156 494 130 364 119 116 31 11 23
is_linear=0
shrinkage=0.05


Tree=91
num_leaves=15
num_cat=0
split_feature=7 2 0 0 2 5 5 6 0 2 4 2 0 0
split_gain=3.0219 5.33197 4.53144 3.81731 2.65757 2.26822 2.19856 2.61167 3.01984 2.10257 2.0887 3.19385 2.63449 7.09888
threshold=1.0000000180025095e-35 0.82200460829493094 31.500000000000004 28.500000000000004 0.93968253968253979 1.5000000000000002 1.5000000000000002 1.0000000180025095e-35 4.5000000000000009 0.76263463131731568 16.500000000000004 0.69905660377358492 10.500000000000002 16.500000000000004
decision_type=2 2 2 2 2 2 2 2 2 2 2 2 2 2
left_child=1 2 6 4 -2 -5 7 -1 -9 10 12 -12 -8 -14
right_child=3 -3 -4 5 -6 -7 9 8 -10 -11 11 -13 13 -15
leaf_value=0.02559147487862963 -0.004099701042623043 -0.03393372001062054 0.030051749486218689 -0.037264068006802833 0.028657613093488146 0.0056385850591514908 -0.033983290982562149 -0.036929626400878435 0.0079372990630814308 0.037740379410225164 0.024533020994916679 -0.035396196715687729 0.03259916936066138 -0.013261524991551836
leaf_weight=19.805715024471283 102.61851750314236 8.5035855099558812 18.381742402911186 13.353032208979132 6.5892374217510215 4.0046888291835776 8.3310576081275922 4.1357528269290915 40.244412481784821 3.18482881784439 11.792781054973601 2.7396873235702506 10.674143821001051 40.282479837536812
leaf_count=61 544 60 65 100 21 15 43 13 118 9 36 8 33 136
internal_value=0.000250137 0.00464421 0.00670002 -0.0055851 -0.00212323 -0.0273658 0.00365984 0.0104939 0.00375619 -0.0020365 -0.0037526 0.0132351 -0.00791658 -0.00365485
internal_weight=294.642 168.076 159.573 126.565 109.208 17.3577 141.191 64.1859 44.3802 77.005 73.8201 14.5325 59.2877 50.9566
internal_count=1262 582 522 680 565 115 457 192 131 265 256 44 212 169
is_linear=0
shrinkage=0.05


Tree=92
num_leaves=15
num_cat=0
split_feature=2 6 2 4 5 0 3 4 0 3 5 3 2 4
split_gain=4.92136 1.77934 1.77849 1.99625 2.21481 2.27299 3.32164 3.60063 2.14599 2.06827 2.49769 1.97089 2.57521 1.57729
threshold=0.66134305835010065 1.0000000180025095e-35 0.66431924882629112 12.500000000000002 1.5000000000000002 16.500000000000004 16.500000000000004 9.5000000000000018 30.500000000000004 12.500000000000002 2.5000000000000004 18.500000000000004 0.7421798631476052 7.5000000000000009
decision_type=2 2 2 2 2 2 2 2 2 2 2 2 2 2
left_child=13 2 -2 4 -4 -6 9 8 11 10 -7 12 -8 -1
right_child=1 -3 3 -5 5 6 7 -9 -10 -11 -12 -13 -14 -15
leaf_value=0.0079622505256221228 -0.050611927642366106 -0.041726591486872591 -0.027238830066689725 -0.020359066300591699 -0.027519044471828714 -0.032731104605652227 0.045399090837655094 0.063447984391949305 0.033656346729699603 0.060105179431190842 0.030480844670470547 -0.03266535357945715 -0.031488170378460238 8.4710655119022446e-05
leaf_weight=98.512403190135956 2.561868503689765 4.6582317650318137 7.0886897891759864 21.927189573645592 5.0782895237207404 2.0597146749496478 2.2372794449329403 1.7253518104553212 2.1688916981220236 3.6718059480190268 6.4763603210449219 9.4544784724712354 2.1219277381896973 179.01070141047239
leaf_count=387 8 21 27 87 19 6 6 5 6 10 22 27 6 625
internal_value=-0.000128092 -0.011852 -0.00976155 -0.0081266 -0.00175289 0.00340975 0.00866 -0.0051735 -0.0125813 0.0287259 0.0152281 -0.0198411 0.00797274 0.002881
internal_weight=348.753 71.2301 66.5718 64.01 42.0828 34.9941 29.9158 17.7079 15.9826 12.2079 8.53607 13.8137 4.35921 277.523
internal_count=1262 250 229 221 134 107 88 50 45 38 28 39 12 1012
is_linear=0
shrinkage=0.05


Tree=93
num_leaves=15
num_cat=0
split_feature=2 2 2 2 1 4 1 2 3 6 1 4 3 3
split_gain=6.52419 2.68627 2.1386 1.91747 2.17967 3.03399 3.02253 5.21773 3.46313 2.79683 2.34046 2.05805 1.8825 1.85447
threshold=0.34045454545454551 0.019237883832778396 0.73330914368650224 0.7231800766283526 9.5000000000000018 16.500000000000004 -3.4999999999999996 0.40877080665813065 29.500000000000004 1.0000000180025095e-35 -6.4999999999999991 7.5000000000000009 54.500000000000007 25.500000000000004
decision_type=2 2 2 2 2 2 2 2 2 2 2 2 2 2
left_child=1 12 3 4 6 -6 7 -2 -8 10 -9 -12 -1 -13
right_child=2 -3 -4 -5 5 -7 8 9 -10 -11 11 13 -14 -15
leaf_value=0.031183305379375709 0.11023592621337563 -0.024486475095047852 0.014726969560524645 -0.046683886606005857 0.0082792406464455032 0.065515306994944081 -0.0018783205203951117 -0.010663259717632401 -0.032117542495262101 0.085440362459328248 -0.036774452905247883 0.071228157500376019 -0.035006309181443408 -0.00063671550306333734
leaf_weight=4.0089465230703345 1.3165797442197824 31.57729421928525 38.578325182199478 2.0721196234226218 28.622083947062496 2.5191216170787802 38.903101284056902 11.322889827191835 12.513780225068329 1.0655776560306538 0.91661813855171104 2.5935393050313 1.4674381576478479 1.3728814423084257
leaf_count=18 11 416 147 9 144 12 212 85 152 3 8 12 22 11
internal_value=-0.000198778 -0.01888 0.00468292 0.000928912 0.00190433 0.0129093 -0.00299114 0.0142882 -0.00923791 0.00697421 0.00181488 0.0307495 0.0134473 0.0463539
internal_weight=178.85 37.0537 141.797 103.218 101.146 31.1412 70.005 18.5881 51.4169 17.2715 16.2059 4.88304 5.47638 3.96642
internal_count=1262 456 806 659 650 156 494 130 364 119 116 31 40 23
is_linear=0
shrinkage=0.05


Tree=94
num_leaves=15
num_cat=0
split_feature=7 2 1 0 5 5 3 3 3 0 5 5 2 5
split_gain=2.84497 5.0547 4.21787 3.66016 2.5362 2.22602 2.20268 2.62827 1.9741 2.70154 3.73275 1.72387 1.66286 4.01534
threshold=1.0000000180025095e-35 0.88268021286889231 7.5000000000000009 28.500000000000004 2.5000000000000004 1.5000000000000002 5.5000000000000009 22.500000000000004 23.500000000000004 14.500000000000002 3.5000000000000004 3.5000000000000004 0.7231800766283526 1.5000000000000002
decision_type=2 2 2 2 2 2 2 2 2 2 2 2 2 2
left_child=1 2 11 4 6 -5 -2 -8 9 -6 -11 -1 13 -4
right_child=3 -3 12 5 8 -7 7 -9 -10 10 -12 -13 -14 -15
leaf_value=0.0031779983098488371 0.052479903431830323 -0.037196385073926135 0.028180450920613206 -0.037125514652369733 0.031186054839266106 0.0055149266757567855 -0.042150680319714029 -0.004067683954495113 0.054662368821573104 -0.042656943849819544 0.050938606545331014 -0.049433462368790385 0.042593556899629487 -0.023812340717840944
leaf_weight=129.47850431501865 1.637038618326186 6.9482794404029837 15.938006147742277 12.924191497266294 6.0668118149042112 4.0105184763669959 4.7763616740703574 88.01735457777977 2.8672328293323508 3.9498369097709656 1.458669990301132 1.5759364217519749 8.2544393837451917 4.8414669334888449
leaf_count=417 5 56 64 100 19 15 20 493 8 15 5 6 25 14
internal_value=0.000277272 0.0045533 0.00636535 -0.00540457 -0.00203816 -0.0270273 -0.00501364 -0.00602793 0.0175523 0.00827991 -0.0174143 0.00254534 0.0236082 0.0160665
internal_weight=292.745 167.037 160.088 125.708 108.773 16.9347 94.4308 92.7937 14.3426 11.4753 5.40851 131.054 29.0339 20.7795
internal_count=1262 582 526 680 565 115 518 513 47 39 20 423 103 78
is_linear=0
shrinkage=0.05


Tree=95
num_leaves=15
num_cat=0
split_feature=2 0 2 5 2 3 1 4 0 3 2 1 3 2
split_gain=4.49773 1.88263 2.25537 2.37694 2.29327 3.83059 3.88719 3.35595 1.66553 1.58183 2.59233 4.10548 3.43955 2.6853
threshold=0.66018867924528313 16.500000000000004 0.95584415584415605 2.5000000000000004 0.72703081232493005 19.500000000000004 7.5000000000000009 12.500000000000002 22.500000000000004 22.500000000000004 0.45368782161234994 -9.4999999999999982 46.500000000000007 0.18090909090909094
decision_type=2 2 2 2 2 2 2 2 2 2 2 2 2 2
left_child=9 -2 4 -4 5 -3 -7 -8 -5 -1 12 -12 13 -11
right_child=1 2 3 8 -6 6 7 -9 -10 10 11 -13 -14 -15
leaf_value=0.013407607321800616 -0.029016660760626752 0.015150425332873746 -0.042963155988443386 -0.0064752933520149719 -0.024512808354105742 -0.041496325609905155 0.039208999773159732 -0.042418093358175347 0.043902200999027204 0.044339380604494154 -0.058782078853273946 -0.0033205719809562152 -0.0029135566107640616 0.0095232271722027213
leaf_weight=30.988316103816032 12.424446702003477 14.814869582653047 1.4450016766786555 2.4578695893287659 20.579628005623817 8.9204599857330305 3.7204905301332465 1.9033534526824949 4.9345484524965286 5.9459620267152777 3.4768942892551413 82.769651830196381 71.306430384516716 80.766109332442284
leaf_count=108 53 47 6 9 74 26 11 9 18 25 10 261 260 345
internal_value=-0.000131672 -0.011333 -0.00759489 0.0156879 -0.0117151 -0.00274445 -0.0209722 0.0115828 0.0271524 0.0027658 0.00141575 -0.00555642 0.00522115 0.0119106
internal_weight=346.454 71.2007 58.7762 8.83742 49.9388 29.3592 14.5443 5.62384 7.39242 275.253 244.265 86.2465 158.019 86.7121
internal_count=1262 253 200 33 167 93 46 20 27 1009 901 271 630 370
is_linear=0
shrinkage=0.05


Tree=96
num_leaves=15
num_cat=0
split_feature=2 2 4 2 0 3 1 2 6 2 3 4 4 2
split_gain=6.09458 2.55793 2.08532 2.14996 7.49858 2.79171 4.77694 3.00135 2.95213 2.02603 1.75453 1.6999 1.67643 2.18307
threshold=0.34045454545454551 0.019237883832778396 9.5000000000000018 0.37617924528301894 17.500000000000004 28.500000000000004 7.5000000000000009 0.5196153846153847 1.0000000180025095e-35 0.77167919799498763 54.500000000000007 9.5000000000000018 11.500000000000002 0.64850506548060305
decision_type=2 2 2 2 2 2 2 2 2 2 2 2 2 2
left_child=1 10 -2 4 -4 7 -7 -5 9 12 11 -1 13 -9
right_child=2 -3 3 5 -6 6 -8 8 -10 -11 -12 -13 -14 -15
leaf_value=-0.010056727143868028 -0.0017174774817591181 -0.024136172716638562 0.1608057283321081 0.061101528804479492 -0.035167263988069374 -0.031420700964735572 0.032276575190085692 0.037323342608160989 0.04528515244656732 0.02245643553814386 -0.034949515734530867 0.055820029737239887 -0.0062024675971740295 -0.021429368510770912
leaf_weight=1.6297117024660099 69.539071284234524 30.773980423808098 0.96991076320409664 3.1783845871686927 0.98265329375863075 9.326449975371359 4.3006657734513274 5.5050812512636176 5.6368999630212775 14.658949136734007 1.4227196536958215 2.4535681158304214 24.996783293783665 2.2181185036897659
leaf_count=9 418 416 6 16 14 93 27 26 20 54 22 9 122 10
internal_value=-0.00024 -0.0185204 0.00445323 0.0104318 0.0621798 0.00898465 -0.0113181 0.0139081 0.0110787 0.00700905 0.0128669 0.0295274 8.84296e-05 0.0204494
internal_weight=177.593 36.28 141.313 71.7739 1.95256 69.8213 13.6271 56.1942 53.0158 47.3789 5.506 4.08328 32.72 7.7232
internal_count=1262 456 806 388 20 368 120 248 232 212 40 18 158 36
is_linear=0
shrinkage=0.05


Tree=97
num_leaves=15
num_cat=0
split_feature=7 3 1 0 2 5 0 2 3 3 4 5 3 5
split_gain=2.66746 4.77457 4.05706 3.49835 2.36517 2.19212 1.95378 1.8224 2.54328 2.47871 2.41144 1.76112 2.59189 2.20188
threshold=1.0000000180025095e-35 8.5000000000000018 7.5000000000000009 28.500000000000004 0.95584415584415605 1.5000000000000002 9.5000000000000018 0.18090909090909094 49.500000000000007 53.500000000000007 6.5000000000000009 3.5000000000000004 23.500000000000004 1.5000000000000002
decision_type=2 2 2 2 2 2 2 2 2 2 2 2 2 2
left_child=1 -1 -3 4 6 -5 7 8 -2 10 -10 12 -8 -14
right_child=3 2 -4 5 -6 -7 11 -9 9 -11 -12 -13 13 -15
leaf_value=-0.037002748798313972 -0.028430494192813183 0.002449929069622811 0.023203995374151992 -0.036979746114135514 0.035529108367916673 0.0054928905839472337 -0.030476751572023293 0.032718412140959573 0.060591358794458733 -0.02417891871226004 0.0089438109144087639 0.049020191612327069 -0.011031954409734106 0.0084289152543481974
leaf_weight=6.6680216491222373 5.308153033256537 130.9783780425787 28.708838820457458 12.501346439123155 4.0516286790370932 4.0132647156715384 11.298597797751425 5.9673810303211203 3.156549930572508 3.5893143862485877 7.9574752748012543 1.3607991039752949 43.587611883878708 21.806399583816528
leaf_count=56 34 423 103 100 14 15 46 19 9 22 24 4 307 86
internal_value=0.000306903 0.00445019 0.00618113 -0.00522492 -0.00195002 -0.0266583 -0.00340968 0.00846741 0.00123582 0.0119459 0.0236125 -0.00736278 -0.00836322 -0.0045425
internal_weight=290.954 166.355 159.687 124.599 108.084 16.5146 104.032 25.9789 20.0115 14.7033 11.114 78.0534 76.6926 65.394
internal_count=1262 582 526 680 565 115 551 108 89 55 33 443 439 393
is_linear=0
shrinkage=0.05


Tree=98
num_leaves=15
num_cat=0
split_feature=2 0 2 4 3 2 3 2 4 3 2 2 0 0
split_gain=4.08616 1.78875 2.10593 1.56954 1.96203 3.377 1.50962 2.39001 3.92088 3.23465 2.59819 4.74442 2.32468 2.9526
threshold=0.66018867924528313 16.500000000000004 0.96817042606516301 12.500000000000002 22.500000000000004 0.69905660377358492 22.500000000000004 0.45368782161234994 15.500000000000002 46.500000000000007 0.18090909090909094 0.19264507422402163 19.500000000000004 22.500000000000004
decision_type=2 2 2 2 2 2 2 2 2 2 2 2 2 2
left_child=6 -2 3 4 5 -3 -1 9 -9 10 -8 -12 -13 -14
right_child=1 2 -4 -5 -6 -7 7 8 -10 -11 11 12 13 -15
leaf_value=0.013054534746234992 -0.028353151459690903 0.030941697716450972 0.028311349621744166 -0.022114114416189691 -0.032845694522234507 -0.0081164277413364183 0.043882791662307005 -0.00029566965963583123 -0.027726913736896144 -0.0029115405215922323 -0.059339220998234243 0.0050137855312058655 0.045306577880030917 0.01082652139783535
leaf_weight=30.787435546517372 12.134421363472937 7.1458842903375652 3.8855109065771094 17.508476182818413 5.0565757006406775 24.535743802785873 5.7793477624654761 70.153673678636551 15.997102707624434 71.124980390071869 2.4498501718044272 50.647478938102722 9.6744440943002719 17.332210302352905
leaf_count=108 53 21 16 71 15 77 25 222 49 260 8 201 44 92
internal_value=-0.000135592 -0.0108921 -0.00724734 -0.00979429 -0.00392299 0.000693247 0.00262343 0.00130271 -0.0053893 0.00497463 0.0115056 0.00916967 0.011331 0.0231781
internal_weight=344.213 70.2666 58.1322 54.2467 36.7382 31.6816 273.947 243.159 86.1508 157.008 85.8833 80.104 77.6541 27.0067
internal_count=1262 253 200 184 113 98 1009 901 271 630 370 345 337 136
is_linear=0
shrinkage=0.05


Tree=99
num_leaves=15
num_cat=0
split_feature=2 2 4 2 0 3 1 3 6 5 3 4 0 4
split_gain=5.72377 2.46258 1.9324 1.97707 6.36601 2.6371 2.89577 2.64049 1.99784 2.38211 2.56652 2.40863 1.86131 2.26044
threshold=0.34045454545454551 0.019237883832778396 9.5000000000000018 0.37617924528301894 17.500000000000004 30.500000000000004 9.5000000000000018 33.500000000000007 1.0000000180025095e-35 1.5000000000000002 17.500000000000004 14.500000000000002 22.500000000000004 11.500000000000002
decision_type=2 2 2 2 2 2 2 2 2 2 2 2 2 2
left_child=1 -1 -2 4 -4 8 -7 -8 9 -5 11 -11 13 -12
right_child=2 -3 3 5 -6 6 7 -9 -10 10 12 -13 -14 -15
leaf_value=0.012580977199318544 -0.0016852596443161665 -0.023818005981866022 0.14410305996584311 0.026541114472295974 -0.035087488982197844 -0.036238843226064577 -0.045873824834970489 0.064337555312489747 0.04010967821315034 -0.0076397764563286468 0.0508119232705753 0.030890039687833278 -0.023423461319440231 -0.004938371674795489
leaf_weight=5.4967724457383147 69.29464465752244 30.049969341605902 1.0460330173373211 14.720254581421612 0.94201952591538418 6.0071381330490095 0.80934197455644641 1.6543305888772009 5.8227235972881308 6.2680504471063641 2.2254551053047207 11.494461163878439 10.56770011782646 9.9351465255022031
leaf_count=40 418 416 6 72 14 69 5 10 21 27 14 37 54 59
internal_value=-0.000261741 -0.0181894 0.00426474 0.0100318 0.0591953 0.00862558 -0.0175171 0.028132 0.0122539 0.00931614 0.00305407 0.0172936 -0.00807433 0.00526423
internal_weight=176.334 35.5467 140.787 71.4927 1.98805 69.5046 8.47081 2.46367 61.0338 55.2111 40.4908 17.7625 22.7283 12.1606
internal_count=1262 456 806 388 20 368 84 15 284 263 191 64 127 73
is_linear=0
shrinkage=0.05


Tree=100
num_leaves=15
num_cat=0
split_feature=7 5 3 0 3 2 5 3 5 0 2 2 0 3
split_gain=2.48346 4.62905 4.21858 3.35992 2.67059 2.24253 2.13841 1.96056 4.1296 1.82986 3.25827 4.86555 3.66341 4.22308
threshold=1.0000000180025095e-35 1.5000000000000002 37.500000000000007 28.500000000000004 8.5000000000000018 0.93968253968253979 1.5000000000000002 17.500000000000004 2.5000000000000004 8.5000000000000018 0.35004177109440271 0.42640692640692646 16.500000000000004 27.500000000000004
decision_type=2 2 2 2 2 2 2 2 2 2 2 2 2 2
left_child=1 2 -1 5 -3 7 -5 -2 -9 -6 -11 -12 13 -13
right_child=3 4 -4 6 9 -7 -8 8 -10 10 11 12 -14 -15
leaf_value=0.031029590122736511 -0.034998523248820142 -0.036789180976380377 0.0055575838400472137 -0.036843816458986198 -0.021611339884627753 0.027051877117216745 0.0052285963884631699 -0.004890317712649913 0.036573891797584843 0.063435974064921172 -0.047231523589882585 0.014805539484592324 -0.002243657898585849 0.093232538673244686
leaf_weight=23.372888043522835 4.7564609795808783 5.6240699514746657 53.373522385954857 12.09469944983721 9.6967331171035749 6.3144772350788108 4.0253949016332617 89.631912998855114 6.4360209703445426 2.0635531842708579 5.1255527883768073 10.172886818647383 54.310256272554398 2.0648880004882804
leaf_count=89 19 50 159 100 48 21 15 505 20 6 17 31 176 6
internal_value=0.000319481 0.00431537 0.013315 -0.00505567 -0.00344015 -0.00185356 -0.0263378 -0.00366387 -0.00211244 -0.00119217 0.00149303 -0.000290365 0.00332506 0.0280386
internal_weight=289.063 165.804 76.7464 123.259 89.0579 107.139 16.1201 100.824 96.0679 83.4339 73.7371 71.6736 66.548 12.2378
internal_count=1262 582 248 680 334 565 115 544 525 284 236 230 213 37
is_linear=0
shrinkage=0.05


Tree=101
num_leaves=15
num_cat=0
split_feature=2 0 2 2 3 1 4 4 0 4 1 0 7 4
split_gain=3.76001 1.68136 1.9881 2.58818 3.49996 3.68035 3.03935 1.6459 1.99331 1.55957 1.46069 2.41987 1.94889 1.90942
threshold=0.66018867924528313 16.500000000000004 0.93968253968253979 0.72703081232493005 19.500000000000004 7.5000000000000009 12.500000000000002 2.5000000000000004 31.500000000000004 14.500000000000002 7.5000000000000009 18.500000000000004 1.0000000180025095e-35 6.5000000000000009
decision_type=2 2 2 2 2 2 2 2 2 2 2 2 2 2
left_child=10 -2 3 4 -3 -6 -7 8 -5 -4 11 -1 -12 -13
right_child=1 2 9 7 5 6 -8 -9 -10 -11 12 13 -14 -15
leaf_value=0.00027996180674376891 -0.027673652443475284 0.014752965026243063 0.018957999186652232 0.033418546374905898 -0.040149948038100985 0.037524218932635016 -0.041860279544461754 -0.034288579879540808 -0.044631498483951773 -0.039359962759221177 -0.024652322478183625 0.021980434564645764 -0.00014225759068474804 0.0057132748863951907
leaf_weight=142.46555334329605 11.848553597927092 14.732682853937151 9.7351466715335828 2.1765189468860657 8.7541696131229383 3.7458660304546347 1.7780542522668836 14.068866059184073 1.3106117844581602 1.2994309067726124 10.310281015932558 26.914189204573631 38.009545490145683 54.705923303961754
leaf_count=515 53 47 34 6 26 11 9 55 5 7 54 116 132 192
internal_value=-0.000135134 -0.0105203 -0.00699193 -0.0115137 -0.00234388 -0.0199851 0.0119717 -0.0266667 0.00408403 0.0120905 0.00251258 0.00421277 -0.00537211 0.0110774
internal_weight=341.855 69.4499 57.6013 46.5668 29.0108 14.2781 5.52392 17.556 3.48713 11.0346 272.405 224.086 48.3198 81.6201
internal_count=1262 253 200 159 93 46 20 66 11 41 1009 823 186 308
is_linear=0
shrinkage=0.05


Tree=102
num_leaves=15
num_cat=0
split_feature=2 2 4 2 2 0 5 2 0 3 1 6 7 3
split_gain=5.38904 2.36089 1.79597 1.88303 2.11225 5.485 1.99963 3.39527 2.72981 2.58679 3.14948 2.18789 1.92103 1.64766
threshold=0.34045454545454551 0.019237883832778396 9.5000000000000018 0.82497911445279881 0.37617924528301894 17.500000000000004 1.5000000000000002 0.56100478468899528 22.500000000000004 24.500000000000004 -3.4999999999999996 1.0000000180025095e-35 1.0000000180025095e-35 54.500000000000007
decision_type=2 2 2 2 2 2 2 2 2 2 2 2 2 2
left_child=1 13 -2 4 5 -4 12 -8 9 -9 -11 -10 -6 -1
right_child=2 -3 3 -5 6 -7 7 8 11 10 -12 -13 -14 -15
leaf_value=0.027911483076910423 -0.0016345328975143369 -0.023498213412271592 0.13039122596365402 0.027184611807648331 -0.0076378033905331105 -0.035028699941593133 -0.027350324165508401 0.012631009706468181 -0.01528409982664262 0.12843247426653304 0.0086340469288654579 0.058949077669488661 0.028904231033521667 -0.034912959472474907
leaf_weight=4.1441972106695166 69.063426036387682 29.365691788494587 1.11536207050085 12.641925640404223 5.0848554596304902 0.90994878858327854 9.9755967445671541 12.934234194457533 12.82168614119291 1.1501489430665972 1.0490105897188176 1.0758789777755744 12.288009893149137 1.3949287235736845
leaf_count=18 418 416 6 50 48 14 84 55 59 5 6 3 58 22
internal_value=-0.00027215 -0.0178506 0.00410707 0.00968839 0.00590127 0.05607 0.00409906 -0.00218516 0.00646208 0.0211549 0.071288 -0.00953734 0.0182088 0.0120903
internal_weight=175.015 34.9048 140.11 71.0467 58.4047 2.02531 56.3794 39.0066 29.031 15.1334 2.19916 13.8976 17.3729 5.53913
internal_count=1262 456 806 388 338 20 318 212 128 66 11 62 106 40
is_linear=0
shrinkage=0.05


Tree=103
num_leaves=15
num_cat=0
split_feature=7 2 0 0 2 5 5 3 2 4 2 0 0 1
split_gain=2.29831 4.30071 3.73521 3.22856 2.09909 2.09666 1.84805 2.48849 1.86316 1.91969 2.91813 2.40074 6.16895 2.41574
threshold=1.0000000180025095e-35 0.82200460829493094 31.500000000000004 28.500000000000004 0.95584415584415605 1.5000000000000002 1.5000000000000002 37.500000000000007 0.76263463131731568 16.500000000000004 0.69905660377358492 10.500000000000002 16.500000000000004 -7.4999999999999991
decision_type=2 2 2 2 2 2 2 2 2 2 2 2 2 2
left_child=1 2 6 4 -2 -5 7 -1 9 11 -11 -8 13 -13
right_child=3 -3 -4 5 -6 -7 8 -9 -10 10 -12 12 -14 -15
leaf_value=0.031809289514380314 -0.0031113723863862418 -0.032908301228594221 0.027694630001135302 -0.036706382204947978 0.034245284895169439 0.0050890022668722192 -0.033289658433030875 0.0051203881881752558 0.035231789932504642 0.02325593763750753 -0.034532118217225787 0.01228587428176319 -0.012791947242706776 0.061676553035607019
leaf_weight=10.454282402992247 102.61054359376431 7.4623858705162993 17.531619712710381 11.712225869297979 3.9034564793109885 4.0341564267873755 7.9268188774585715 53.077996045351028 3.2134014070034018 11.849398121237753 2.6783735156059256 6.9929949343204498 39.849057659506798 3.8325373232364637
leaf_count=34 551 60 65 100 14 15 43 158 9 36 8 22 136 11
internal_value=0.000328318 0.00418052 0.00593884 -0.0048664 -0.00174235 -0.0259986 0.00321202 0.00951207 -0.00203088 -0.00366825 0.012602 -0.00770178 -0.00369918 0.0297715
internal_weight=287.129 164.869 157.406 122.26 106.514 15.7464 139.875 63.5323 76.3426 73.1292 14.5278 58.6014 50.6746 10.8255
internal_count=1262 582 522 680 565 115 457 192 265 256 44 212 169 33
is_linear=0
shrinkage=0.05


Tree=104
num_leaves=15
num_cat=0
split_feature=2 4 1 2 8 5 7 1 3 2 3 4 2 1
split_gain=3.48424 2.49553 3.40064 1.87547 2.11588 4.4547 1.67453 3.47067 3.19964 2.08742 1.81477 3.0049 1.98548 2.12848
threshold=0.72703081232493005 3.5000000000000004 8.5000000000000018 0.75576441102756908 1.0000000180025095e-35 3.5000000000000004 1.0000000180025095e-35 9.5000000000000018 18.500000000000004 0.49647887323943668 48.500000000000007 10.500000000000002 0.14185110663983905 -4.4999999999999991
decision_type=2 2 2 2 2 2 2 2 2 2 2 2 2 2
left_child=6 2 -2 -3 -5 -6 7 10 -8 -10 12 -12 -1 -14
right_child=1 3 -4 4 5 -7 8 -9 9 -11 11 -13 13 -15
leaf_value=0.047914984855777748 0.039317097711319159 -0.046030968920823374 -0.036305868961530464 -0.031617961495715531 -0.015686158893522921 0.055952375643734099 0.049654295456739349 -0.028474810886411073 0.008520410944909405 -0.0036207996796029994 -0.044930589836674965 -0.0033461145402343129 -0.0083528574742478458 0.0069507069551241717
leaf_weight=2.4093251675367346 4.3121607750654212 5.8959554880857494 2.2687332928180695 10.439283058047295 11.226230040192602 2.69000367820263 3.9499239325523368 11.587663836777208 96.664462611079216 55.85945101082325 5.3535413891077068 23.041004627943039 33.579428479075432 70.262616023421288
leaf_count=8 14 21 9 52 44 10 11 64 457 165 19 65 106 217
internal_value=-0.000137361 -0.0146577 0.0132464 -0.0207279 -0.0146026 -0.00183845 0.00162942 -0.0022174 0.00522449 0.00407389 4.23172e-05 -0.0111865 0.0030431 0.00200199
internal_weight=339.54 36.8324 6.58089 30.2515 24.3555 13.9162 302.707 146.234 156.474 152.524 134.646 28.3945 106.251 103.842
internal_count=1262 150 23 127 106 54 1112 479 633 622 415 84 331 323
is_linear=0
shrinkage=0.05


Tree=105
num_leaves=15
num_cat=0
split_feature=2 2 4 2 2 3 4 8 0 2 1 0 3 2
split_gain=5.03378 2.24821 1.69437 3.01834 2.88567 1.5385 1.4843 1.40473 1.94147 1.65205 1.63477 1.9584 1.2798 4.56765
threshold=0.34045454545454551 0.019237883832778396 14.500000000000002 0.3861642743221691 0.82200460829493094 54.500000000000007 9.5000000000000018 1.0000000180025095e-35 4.5000000000000009 0.47156334231805935 -7.4999999999999991 13.500000000000002 40.500000000000007 0.40336728919071879
decision_type=2 2 2 2 2 2 2 2 2 2 2 2 2 2
left_child=1 5 7 -4 -5 6 -1 8 -2 12 -11 -12 -10 -14
right_child=2 -3 3 4 -6 -7 -8 -9 9 10 11 -13 13 -15
leaf_value=-0.010541868980871283 0.05697343778244246 -0.023133526394731787 0.081510812003649569 0.002321437037552815 0.037683054502681286 -0.034856085080812109 0.050342821283605149 -0.0071030819090697906 -0.02744820322697053 -0.032672083235450879 0.06145027484443142 0.0067683485935929495 -0.034867570175696694 0.13414540230034186
leaf_weight=1.6436927169561375 1.7519026398658741 28.614869378507137 1.5595141127705563 25.494074519723654 7.4567579478025428 1.3475432097911832 2.5602369755506516 36.798529751598835 6.5432903170585615 2.5292619764804831 1.688725858926772 53.866669811308384 1.2335745692253111 0.59140650928020466
leaf_count=9 6 416 12 141 29 22 9 265 102 15 6 201 20 9
internal_value=-0.000283294 -0.0174842 0.00392914 0.0135407 0.0103238 0.0116351 0.0265375 0.000770213 0.00501809 0.00364839 0.00664073 0.00843052 -0.0171217 0.0199031
internal_weight=173.68 34.1663 139.514 34.5103 32.9508 5.55147 4.20393 105.003 68.2048 66.4529 58.0847 55.5554 8.36827 1.82498
internal_count=1262 456 806 182 170 40 18 624 359 353 222 207 131 29
is_linear=0
shrinkage=0.05


Tree=106
num_leaves=15
num_cat=0
split_feature=7 3 1 0 5 2 3 5 2 2 2 4 3 4
split_gain=2.05167 4.04667 3.37442 3.12516 2.02949 1.96997 1.87469 3.80451 1.68543 3.46782 3.45635 4.57595 3.13249 3.10953
threshold=1.0000000180025095e-35 8.5000000000000018 7.5000000000000009 28.500000000000004 1.5000000000000002 0.93968253968253979 17.500000000000004 2.5000000000000004 0.31203515889114269 0.41967741935483877 0.27793103448275869 3.5000000000000004 31.500000000000004 11.500000000000002
decision_type=2 2 2 2 2 2 2 2 2 2 2 2 2 2
left_child=1 -1 -3 5 -5 6 -2 8 10 -10 -8 -12 -11 -14
right_child=3 2 -4 4 -6 -7 7 -9 9 12 11 -13 13 -15
leaf_value=-0.036556525775978892 -0.034325531564726119 0.0021331100514325788 0.021372079196836549 -0.036554774158297852 0.0046609597192590639 0.025942714859355648 -0.003874787190728301 0.035337371485833359 -0.033218040430720033 -0.0091018087427924711 0.092859330839755033 0.0077975019978428935 0.070596170027300356 -0.014533088054529309
leaf_weight=5.9339504912495604 4.6243031024932852 130.11575447022915 27.631695464253426 11.311182394623755 4.0584101229906073 6.1403074711561194 39.1607406437397 6.4543699920177451 12.943924278020857 24.55261900275946 2.2470615953207007 5.3345765024423599 2.6726718693971625 1.7918782308697698
leaf_count=56 19 423 103 100 15 21 221 20 103 116 11 30 16 8
internal_value=0.000326234 0.0039783 0.00550309 -0.00460216 -0.0256716 -0.00154494 -0.00323645 -0.00172564 -0.00442247 -0.0116967 0.00210767 0.0330083 -0.0020965 0.036429
internal_weight=284.973 163.681 157.747 121.292 15.3696 105.922 99.7821 95.1578 88.7035 41.9611 46.7424 7.58164 29.0172 4.46455
internal_count=1262 582 526 680 115 565 544 525 505 243 262 41 140 24
is_linear=0
shrinkage=0.05


Tree=107
num_leaves=15
num_cat=0
split_feature=2 6 3 5 1 2 3 2 2 1 4 3 2 4
split_gain=3.29086 1.57126 1.54777 1.97633 2.96386 3.19246 2.23996 3.49631 3.14026 1.60174 2.21357 1.50151 2.07922 3.81408
threshold=0.66018867924528313 1.0000000180025095e-35 17.500000000000004 1.5000000000000002 -1.4999999999999998 0.73647660818713467 15.500000000000002 0.7891030392883619 0.93968253968253979 6.5000000000000009 12.500000000000002 22.500000000000004 0.43760810476896467 15.500000000000002
decision_type=2 2 2 2 2 2 2 2 2 2 2 2 2 2
left_child=11 2 3 -2 -5 -6 7 -7 -9 -4 -11 -1 -13 -14
right_child=1 -3 9 4 5 6 -8 8 -10 10 -12 12 13 -15
leaf_value=0.012830167530871649 -0.023672630376332104 -0.040365931674247901 -0.029846268534880805 -0.015081009397691192 0.054270046112853576 0.090701055131259103 -0.034331429365551773 -0.04058146949217447 0.021568478795502902 0.0096369630001274104 -0.042878794710305548 0.004609020526683087 -5.412079265617063e-05 -0.026525643532163051
leaf_weight=30.305146723985672 8.3629059642553312 4.0054761469364157 13.146012946963312 12.632223606109617 4.2646610438823762 1.3439994454383839 2.8892723917961112 2.7711326479911786 7.6248899847269058 7.8934098780155164 2.690523162484169 150.04762351512909 72.333106063306332 16.760238789021969
leaf_count=108 37 21 40 52 12 4 9 14 28 24 12 611 238 52
internal_value=-0.000129841 -0.00999146 -0.00807907 -0.00206386 0.00366827 0.0162038 0.00510687 0.0148128 0.00500197 -0.0181904 -0.00371298 0.00234519 0.00101648 -0.00503394
internal_weight=337.071 67.6245 63.619 39.8891 31.5262 18.894 14.6293 11.74 10.396 23.7299 10.5839 269.446 239.141 89.0933
internal_count=1262 253 232 156 119 67 55 46 42 76 36 1009 901 290
is_linear=0
shrinkage=0.05


Tree=108
num_leaves=15
num_cat=0
split_feature=2 2 4 2 2 0 5 2 0 3 1 6 0 7
split_gain=4.70706 2.15293 1.57237 1.62443 1.77524 4.62187 1.93199 3.20645 2.5029 2.21682 2.55618 2.03057 1.73599 1.60076
threshold=0.34045454545454551 0.019237883832778396 9.5000000000000018 0.82497911445279881 0.37617924528301894 17.500000000000004 1.5000000000000002 0.56100478468899528 22.500000000000004 24.500000000000004 -3.4999999999999996 1.0000000180025095e-35 2.5000000000000004 1.0000000180025095e-35
decision_type=2 2 2 2 2 2 2 2 2 2 2 2 2 2
left_child=1 -1 -2 4 5 -4 13 12 9 -9 -11 -10 -8 -6
right_child=2 -3 3 -5 6 -7 7 8 11 10 -12 -13 -14 -15
leaf_value=0.011323728072052413 -0.0016335175110458499 -0.022782431480137342 0.11487398324194467 0.02558253320693777 -0.0064120273796401638 -0.035043464758059049 0.06780817907399346 0.011912232064155294 -0.015021987901272547 0.11399362045506796 0.0081553446648723067 0.057044125668657845 -0.031783173950798292 0.027345397413458029
leaf_weight=5.5458482764661303 68.590366385877132 27.929148055613041 1.2003015577793115 12.212346680462359 4.9064769819378862 0.89928142726421345 0.45910829305648704 12.96224705129862 12.699925407767292 1.2378562837839129 1.0581547990441311 1.0589582324028022 9.3252745643258077 12.354284305125475
leaf_count=40 418 416 6 50 48 14 2 55 59 5 6 3 82 58
internal_value=-0.000300702 -0.017132 0.00375377 0.0090045 0.00552359 0.0506622 0.00383311 -0.00235763 0.00598873 0.0199332 0.0652163 -0.00947539 -0.0271101 0.0177496
internal_weight=172.44 33.475 138.965 70.3742 58.1619 2.09958 56.0623 38.8015 29.0171 15.2583 2.29601 13.7589 9.78438 17.2608
internal_count=1262 456 806 388 338 20 318 212 128 66 11 62 84 106
is_linear=0
shrinkage=0.05


Tree=109
num_leaves=15
num_cat=0
split_feature=7 5 2 0 3 5 2 0 3 5 2 2 2 4
split_gain=1.89134 3.91709 3.89737 3.0011 2.28939 1.99819 1.87018 1.76858 1.67793 2.50495 1.84563 2.38582 4.85366 3.53806
threshold=1.0000000180025095e-35 1.5000000000000002 0.35924528301886799 28.500000000000004 8.5000000000000018 1.5000000000000002 0.95584415584415605 9.5000000000000018 23.500000000000004 2.5000000000000004 0.5185439560439562 0.31203515889114269 0.27793103448275869 3.5000000000000004
decision_type=2 2 2 2 2 2 2 2 2 2 2 2 2 2
left_child=1 2 -1 6 -3 -5 7 -2 -9 10 11 12 -10 -14
right_child=3 4 -4 5 -6 -7 -8 8 9 -11 -12 -13 13 -15
leaf_value=0.0045829629866033202 0.0086710521681267316 -0.036335751655888891 0.029173734081099575 -0.036444407556618597 -0.0013639233604092887 0.0046207589941322296 0.03316961805050133 -0.023818846994694567 -0.013256657075202044 0.049485363882276326 0.010757512706740498 -0.022005560404047296 0.084824804621367364 0.010860208681085731
leaf_weight=52.014605015516281 25.495263874530792 4.9600045457482329 23.343981243669987 10.953050620853899 82.82228846848011 4.0604839473962775 3.763123393058776 11.866219013929365 18.628185123205188 2.1673297882080069 14.02451655268669 21.949246533215046 2.378470927476882 5.0488181859254837
leaf_count=153 108 50 95 100 284 15 14 49 129 6 57 162 11 29
internal_value=0.000330937 0.00383854 0.0122005 -0.00442442 -0.00333995 -0.0253381 -0.00144317 -0.0027257 -0.00654575 -0.00335296 -0.00519915 -0.00986087 0.000369868 0.0345462
internal_weight=283.476 163.141 75.3586 120.335 87.7823 15.0135 105.321 101.558 76.0628 64.1966 62.0292 48.0047 26.0555 7.42729
internal_count=1262 582 248 680 334 115 565 551 443 394 388 331 169 40
is_linear=0
shrinkage=0.05


Tree=110
num_leaves=15
num_cat=0
split_feature=2 4 1 2 8 5 3 7 1 3 2 0 3 4
split_gain=3.0759 2.18724 3.09228 1.80797 1.91137 4.1496 1.65941 1.35575 3.10136 2.96558 1.80536 1.74752 1.74459 3.27934
threshold=0.72703081232493005 3.5000000000000004 8.5000000000000018 0.75576441102756908 1.0000000180025095e-35 3.5000000000000004 15.500000000000002 1.0000000180025095e-35 9.5000000000000018 18.500000000000004 0.49647887323943668 39.500000000000007 46.500000000000007 10.500000000000002
decision_type=2 2 2 2 2 2 2 2 2 2 2 2 2 2
left_child=7 2 -2 -3 6 -6 -5 8 12 -9 -11 -12 -1 -14
right_child=1 3 -4 4 5 -7 -8 9 -10 10 11 -13 13 -15
leaf_value=0.0034957705017560231 0.037350642110854468 -0.045195293706590679 -0.0357717634044247 -0.039294190971437333 -0.015020196175586692 0.055304217606785049 0.017602040148918009 0.047734133015697587 -0.027424368673953578 0.0078481027460731937 -0.0053237360919447417 0.03914765481969637 -0.040063171739265449 -0.0017387440390094783
leaf_weight=99.655597031116486 4.2294215559959403 5.675781503319743 2.1968133449554443 8.3146321177482587 10.965489231050013 2.5938486158847818 1.5150394737720496 3.9160998463630667 11.039259701967238 95.140663638710976 53.420389026403427 2.3043061494827262 7.0168218761682501 27.293541193008423
leaf_count=314 14 21 9 47 44 10 5 11 64 457 158 7 24 77
internal_value=-0.000125149 -0.0140439 0.0123537 -0.0198804 -0.0137373 -0.00156741 -0.0305248 0.00152266 -0.00195127 0.00477717 0.00366211 -0.00348477 0.000147802 -0.00957648
internal_weight=335.278 35.491 6.42623 29.0648 23.389 13.5593 9.82967 299.787 145.005 154.781 150.865 55.7247 133.966 34.3104
internal_count=1262 150 23 127 106 54 52 1112 479 633 622 165 415 101
is_linear=0
shrinkage=0.05


Tree=111
num_leaves=15
num_cat=0
split_feature=2 2 4 2 2 1 3 4 3 4 3 3 4 3
split_gain=4.39869 2.06322 1.50057 2.50425 2.63358 2.88156 2.46088 2.01702 2.4019 1.57682 1.78777 3.98302 3.32619 1.43694
threshold=0.34045454545454551 0.019237883832778396 14.500000000000002 0.3861642743221691 0.69905660377358492 16.500000000000004 35.500000000000007 19.500000000000004 16.500000000000004 16.500000000000004 30.500000000000004 24.500000000000004 15.500000000000002 54.500000000000007
decision_type=2 2 2 2 2 2 2 2 2 2 2 2 2 2
left_child=1 13 -2 6 5 9 -4 8 -6 10 11 -5 -13 -1
right_child=2 -3 3 4 7 -7 -8 -9 -10 -11 -12 12 -14 -15
leaf_value=0.025059260104867028 0.00061427698640270526 -0.022427626643181917 0.16626228609710758 -0.016153967906302791 0.029513546685490385 0.094628588980911629 0.032758450997787437 0.081204942519776294 -0.018908930886960197 -0.025392021166442149 -0.03714527177284805 -0.0030415644085699379 0.10767042878764202 -0.03481242273116595
leaf_weight=4.2586103081703177 104.16150925680995 27.2593624740839 0.49400791525840659 3.5986602008342725 11.329338304698465 0.7033598795533188 1.1457332558929918 1.4089553058147437 3.3089208900928506 7.5086935758590707 1.8430328667163847 1.1341016963124275 1.6884449198842049 1.3105637170374391
leaf_count=18 624 416 5 19 43 4 7 4 11 56 18 6 9 22
internal_value=-0.000308216 -0.0167619 0.00359673 0.01269 0.00965042 -0.00439112 0.0729794 0.0240674 0.0185678 -0.00880669 0.00626235 0.0187213 0.0631863 0.01097
internal_weight=171.153 32.8285 138.325 34.1632 32.5235 16.4763 1.63974 16.0472 14.6383 15.7729 8.26424 6.42121 2.82255 5.56917
internal_count=1262 456 806 182 170 112 12 58 54 108 52 34 15 40
is_linear=0
shrinkage=0.05


Tree=112
num_leaves=15
num_cat=0
split_feature=7 3 1 0 5 2 3 5 5 2 2 4 3 2
split_gain=1.68969 3.63206 2.93154 2.88149 1.95369 1.7725 1.69609 3.4048 1.58123 1.5577 3.2771 3.01477 2.94191 2.92709
threshold=1.0000000180025095e-35 8.5000000000000018 7.5000000000000009 28.500000000000004 1.5000000000000002 0.93968253968253979 17.500000000000004 2.5000000000000004 3.5000000000000004 0.31203515889114269 0.41967741935483877 8.5000000000000018 31.500000000000004 0.28235450438479942
decision_type=2 2 2 2 2 2 2 2 2 2 2 2 2 2
left_child=1 -1 8 5 -5 6 -2 9 -3 11 -11 13 -12 -8
right_child=3 2 -4 4 -6 -7 7 -9 -10 10 12 -13 -14 -15
leaf_value=-0.036310529412274577 -0.033151444389301482 0.0025340750941387634 0.020070580028574207 -0.036303588246912009 0.004465619622768164 0.025162414817883491 0.0058733734385867358 0.033607747832382399 -0.048681768379496317 -0.032777881479805232 -0.0088167537327306089 -0.0087807818190225768 0.035082303318367362 0.050149082212307565
leaf_weight=5.4952847436070433 4.4226683080196372 128.27350503206253 26.891682758927345 10.571791507303713 4.069783851504325 5.9719625413417807 14.950474701821806 6.4447239339351645 1.5249585658311833 12.273340232670305 24.344003595411781 26.660330131649971 4.5259913578629485 4.9750778526067725
leaf_count=56 19 417 103 100 15 21 84 20 6 103 116 153 24 25
internal_value=0.000322307 0.00364405 0.0050453 -0.00419693 -0.0249713 -0.00128812 -0.00289021 -0.00146906 0.00193236 -0.00404586 -0.0111354 0.00221541 -0.00193463 0.0169283
internal_weight=281.396 162.185 156.69 119.21 14.6416 104.569 98.5966 94.1739 129.798 87.7292 41.1433 46.5859 28.87 19.9256
internal_count=1262 582 526 680 115 565 544 525 423 505 243 262 140 109
is_linear=0
shrinkage=0.05


Tree=113
num_leaves=15
num_cat=0
split_feature=2 3 4 2 4 2 2 3 4 8 2 2 1 1
split_gain=2.89785 1.46 2.01059 1.85512 3.54775 3.06025 3.59998 2.12868 2.39334 3.08324 2.38445 4.51933 1.99803 2.25059
threshold=0.66018867924528313 22.500000000000004 8.5000000000000018 0.43760810476896467 15.500000000000002 0.30272911051212942 0.28119594761551775 46.500000000000007 15.500000000000002 1.0000000180025095e-35 0.18090909090909094 0.19264507422402163 9.5000000000000018 -10.499999999999998
decision_type=2 2 2 2 2 2 2 2 2 2 2 2 2 2
left_child=1 2 -1 5 -5 6 7 10 -9 -10 -3 -12 13 -7
right_child=-2 3 -4 4 -6 12 -8 8 9 -11 11 -13 -14 -15
leaf_value=0.02683225137258621 -0.0095001562818423525 0.043056681308362432 0.00083989632741697214 -1.5437871673150565e-05 -0.025596555713494614 -0.022373047987488286 -0.029020641842732599 -0.011390691182613953 0.016395560848776154 -0.030350933103258117 -0.05821203322915959 0.012809767487161609 -0.015272758963197406 0.022995934750729474
leaf_weight=13.577587351202967 65.943130098283291 5.4096959531307212 16.458814337849617 71.960668444633484 16.698728129267693 2.9658750593662253 9.8559645712375623 35.252516329288483 21.39961172640324 4.2235342264175406 2.4410611689090755 27.182172104716301 4.6548179090023032 34.886984959244728
leaf_count=54 253 25 54 238 52 9 38 130 74 13 8 115 30 169
internal_value=-0.000113975 0.00220448 0.0125894 0.000887959 -0.00483356 0.00430914 -0.00024474 0.00271239 -0.00293845 0.00869021 0.0125317 0.00695732 0.0156398 0.0194412
internal_weight=332.911 266.968 30.0364 236.932 88.6594 148.272 105.765 95.9086 60.8757 25.6231 35.0329 29.6232 42.5077 37.8529
internal_count=1262 1009 108 901 290 611 403 365 217 87 148 123 208 178
is_linear=0
shrinkage=0.05


Tree=114
num_leaves=15
num_cat=0
split_feature=2 2 1 4 3 2 0 3 0 4 1 0 2 2
split_gain=4.12008 1.96039 1.43448 2.37307 1.72755 9.20917 2.01237 1.84789 2.79675 3.48346 2.07164 1.59105 1.46774 1.5905
threshold=0.34045454545454551 0.019237883832778396 9.5000000000000018 16.500000000000004 33.500000000000007 0.37119815668202771 11.500000000000002 28.500000000000004 15.500000000000002 8.5000000000000018 8.5000000000000018 50.500000000000007 0.80322580645161301 0.59402026192241175
decision_type=2 2 2 2 2 2 2 2 2 2 2 2 2 2
left_child=1 -1 4 11 5 -2 -6 10 9 -9 -7 12 13 -4
right_child=2 -3 3 -5 6 7 -8 8 -10 -11 -12 -13 -14 -15
leaf_value=0.010500521597882203 0.18547858119921559 -0.022080272268940479 0.016054527148319078 0.048329687320477106 0.042085497123157067 0.0047374889879311264 -0.035407779234559969 0.1412089057959961 -0.028696339348386779 -0.0048205970243788247 -0.04663435951911845 -0.029718610887092912 0.034053925578059058 -0.0060077771205929251
leaf_weight=5.5861190520226947 0.67715037986636062 26.612384352833033 17.778919845819473 3.8470519706606856 0.97776274383067985 71.627730220556259 5.8507537022233009 0.56418266519904081 9.9949728213250619 1.4788671284914015 2.0177596956491461 2.7163492813706389 5.3952313661575309 15.113395325839518
leaf_count=40 8 416 88 18 3 367 88 7 98 14 9 12 19 75
internal_value=-0.000322167 -0.0164278 0.00343455 0.0107816 -0.000101488 0.0018128 -0.0243117 0.000361308 -0.0178003 0.0355051 0.00332999 0.00725875 0.00988214 0.00591732
internal_weight=170.239 32.1985 138.04 44.8509 93.1892 86.3607 6.82852 85.6835 12.038 2.04305 73.6455 41.0039 38.2875 32.8923
internal_count=1262 456 806 212 594 503 91 495 119 21 376 194 182 163
is_linear=0
shrinkage=0.05


Tree=115
num_leaves=15
num_cat=0
split_feature=7 5 2 0 3 5 2 0 3 3 5 2 2 2
split_gain=1.55267 3.49411 3.77678 2.77981 2.09276 1.91885 1.68396 1.68761 1.77518 1.67295 2.24781 1.69475 2.09406 4.11227
threshold=1.0000000180025095e-35 1.5000000000000002 0.35924528301886799 28.500000000000004 8.5000000000000018 1.5000000000000002 0.93968253968253979 8.5000000000000018 53.500000000000007 23.500000000000004 2.5000000000000004 0.5185439560439562 0.31203515889114269 0.27793103448275869
decision_type=2 2 2 2 2 2 2 2 2 2 2 2 2 2
left_child=1 2 -1 6 -3 -5 7 8 -2 -9 11 12 13 -11
right_child=3 4 -4 5 -6 -7 -8 9 -10 10 -12 -13 -14 -15
leaf_value=0.004010835975330097 0.015527402147347911 -0.036104631546521576 0.028478062979395976 -0.036201880723578737 -0.001449239736369744 0.0043583120897651515 0.024746598505128808 -0.024761152358656804 -0.023459226071909697 -0.012386733807524449 0.046793177772136561 0.010245443256845186 -0.021278577991999885 0.030400808464884937
leaf_weight=51.712812706828117 18.632779538631443 4.598803646862506 22.69365905970335 10.256171822547911 82.615322791039944 4.0743399709463111 5.9075066894292823 10.547530978918074 3.4623450338840476 20.063196212053303 2.1651909053325644 14.118510499596594 21.14707162976265 7.7980933040380469
leaf_count=153 68 50 95 100 284 15 21 46 22 142 6 57 163 40
internal_value=0.000328937 0.00351388 0.0114732 -0.004027 -0.00327662 -0.0246701 -0.00117819 -0.00274199 0.00941813 -0.00628473 -0.00329998 -0.00501812 -0.00941531 -0.000410933
internal_weight=279.793 161.621 74.4065 118.173 87.2141 14.3305 103.842 97.9347 22.0951 75.8396 65.2921 63.1269 49.0084 27.8613
internal_count=1262 582 248 680 334 115 565 544 90 454 408 402 345 182
is_linear=0
shrinkage=0.05


Tree=116
num_leaves=15
num_cat=0
split_feature=2 4 1 2 8 5 3 3 0 2 1 3 1 4
split_gain=2.73458 2.02862 2.87707 1.76771 1.81843 3.82875 1.57823 1.23951 1.29832 1.15956 1.94091 3.7121 3.77384 2.66849
threshold=0.72703081232493005 3.5000000000000004 8.5000000000000018 0.75576441102756908 1.0000000180025095e-35 3.5000000000000004 15.500000000000002 15.500000000000002 27.500000000000004 0.66018867924528313 -1.4999999999999998 19.500000000000004 7.5000000000000009 12.500000000000002
decision_type=2 2 2 2 2 2 2 2 2 2 2 2 2 2
left_child=7 2 -2 -3 6 -6 -5 8 -1 -9 -11 -12 -13 -14
right_child=1 3 -4 4 5 -7 -8 9 -10 10 11 12 13 -15
leaf_value=0.060710372241687328 0.036295335920191629 -0.044596824313188843 -0.035052856004040484 -0.038909951674335121 -0.014112272899946626 0.054346026357025158 0.016646705467217845 0.0020602839233543097 0.0041378394071617565 -0.039151009783183338 0.022659650204562183 -0.03887301363153578 0.037527265316041815 -0.040961835217579595
leaf_weight=1.7886740565299977 4.1787479668855658 5.5066703408956554 2.1347625851631165 7.8499609306454659 10.741448834538458 2.5219500064849862 1.5269786417484281 265.30693241208792 2.3421505689620972 4.4079757481813457 8.74803374707699 8.7885389328002912 3.7238124907016745 1.5269347727298734
leaf_count=5 14 21 9 47 44 10 5 1008 8 15 29 27 11 9
internal_value=-0.000112322 -0.0134441 0.0121707 -0.0191896 -0.01301 -0.00109537 -0.0298629 0.00143646 0.0286341 0.00105237 -0.00878048 -0.00290561 -0.0188356 0.0147024
internal_weight=331.094 34.4605 6.31351 28.147 22.6403 13.2634 9.37694 296.633 4.13082 292.502 27.1953 22.7873 14.0393 5.25075
internal_count=1262 150 23 127 106 54 52 1112 13 1099 91 76 47 20
is_linear=0
shrinkage=0.05


Tree=117
num_leaves=15
num_cat=0
split_feature=2 2 4 5 6 3 2 4 1 4 0 3 4 1
split_gain=3.85059 1.89027 1.39922 1.37611 2.56267 2.13841 2.42053 2.07645 1.38259 2.00314 2.0067 1.3465 1.324 1.12902
threshold=0.34045454545454551 0.019237883832778396 9.5000000000000018 1.5000000000000002 1.0000000180025095e-35 17.500000000000004 0.3984126984126985 14.500000000000002 -1.0000000180025095e-35 11.500000000000002 17.500000000000004 54.500000000000007 9.5000000000000018 -12.499999999999998
decision_type=2 2 2 2 2 2 2 2 2 2 2 2 2 2
left_child=1 11 13 -4 5 7 -7 -5 9 10 -8 12 -1 -2
right_child=2 -3 3 4 -6 6 8 -9 -10 -11 -12 -13 -14 -15
leaf_value=-0.011282812109266214 -0.036913537580330842 -0.021741583077580312 0.019633112778868068 -0.0094272735322854934 0.036756441531543456 0.056388931406572931 -0.0024808751611273975 0.026873868374521194 -0.022932825581693933 -0.0099954866903336319 0.0865744415634917 -0.034773256087849577 0.04554191056892179 -0.00063235269075757666
leaf_weight=1.6697168499231363 2.2163796201348296 26.028074990957975 19.263332452625036 6.1319282874465015 5.309404455125331 1.3631812110543275 1.3350501060485886 11.016830533742903 13.707737643271681 10.069388668984173 1.2021611109375951 1.2802437320351598 2.6550326645374298 65.911565329879522
leaf_count=9 22 416 124 27 22 7 9 37 82 72 8 22 9 396
internal_value=-0.00034044 -0.0160697 0.0032775 0.00827445 0.00391018 1.9733e-05 -0.00857638 0.0138936 -0.0119418 9.1931e-06 0.0397146 0.010269 0.0236028 -0.00181267
internal_weight=169.16 31.6331 137.527 69.399 50.1357 44.8263 27.6775 17.1488 26.3143 12.6066 2.53721 5.60499 4.32475 68.1279
internal_count=1262 456 806 388 264 242 178 64 171 89 17 40 18 418
is_linear=0
shrinkage=0.05


Tree=118
num_leaves=15
num_cat=0
split_feature=7 3 1 0 5 2 0 5 3 2 2 4 4 4
split_gain=1.46127 3.32053 2.64786 2.64203 1.88893 1.5512 1.57828 1.58726 2.36192 1.60837 1.87158 2.51863 2.03914 1.84335
threshold=1.0000000180025095e-35 8.5000000000000018 7.5000000000000009 28.500000000000004 1.5000000000000002 0.95584415584415605 9.5000000000000018 3.5000000000000004 23.500000000000004 0.5185439560439562 0.54142857142857148 12.500000000000002 5.5000000000000009 9.5000000000000018
decision_type=2 2 2 2 2 2 2 2 2 2 2 2 2 2
left_child=1 -1 -3 5 -5 6 -2 8 -8 -10 13 12 -12 -11
right_child=3 2 -4 4 -6 -7 7 -9 9 10 11 -13 -14 -15
leaf_value=-0.036124792070243203 0.008499303083175147 0.001789395082057217 0.019167904677111838 -0.036091924502092441 0.0043400096700680407 0.031376265381470807 -0.028884023256058978 0.048366988357378744 -0.007682434017228997 0.083037394085795996 0.017813366878135839 0.037585372911224796 -0.032969900728105586 0.00011529553171290186
leaf_weight=5.1368392221629611 25.248305842280388 129.42758713662624 26.387029647827148 9.9087561592459661 4.0774344503879538 3.5403597205877295 10.508341938257216 1.3202553689479817 48.013081967830658 1.6040851622819894 3.2994994372129423 3.5886146724224082 4.9306951910257339 1.1511754691600797
leaf_count=56 108 423 103 100 15 14 46 4 335 8 13 13 19 5
internal_value=0.000336009 0.00342845 0.00473243 -0.0039112 -0.0243047 -0.00114749 -0.00230283 -0.00596785 -0.00694925 -0.00326641 0.0112818 0.00263056 -0.0126108 0.0483917
internal_weight=278.142 160.951 155.815 117.191 13.9862 103.204 99.6641 74.4157 73.0955 62.5872 14.5741 11.8188 8.23019 2.75526
internal_count=1262 582 526 680 115 565 551 443 439 393 58 45 32 13
is_linear=0
shrinkage=0.05


Tree=119
num_leaves=15
num_cat=0
split_feature=2 4 1 2 8 5 3 3 0 2 1 3 1 4
split_gain=2.55219 1.91641 2.69116 1.72252 1.75095 3.59998 1.51015 1.15898 1.22919 1.07829 1.8501 3.50399 3.5819 2.46594
threshold=0.72703081232493005 3.5000000000000004 8.5000000000000018 0.75576441102756908 1.0000000180025095e-35 3.5000000000000004 15.500000000000002 15.500000000000002 27.500000000000004 0.66018867924528313 -1.4999999999999998 19.500000000000004 7.5000000000000009 12.500000000000002
decision_type=2 2 2 2 2 2 2 2 2 2 2 2 2 2
left_child=7 2 -2 -3 6 -6 -5 8 -1 -9 -11 -12 -13 -14
right_child=1 3 -4 4 5 -7 -8 9 -10 10 11 12 13 -15
leaf_value=0.05911990547594427 0.035264048450686196 -0.044153320230349076 -0.034480869022289411 -0.038654174959235545 -0.0135294721020057 0.053602648864029635 0.015632333260030617 0.0019799103320136012 0.0039022355394632818 -0.038422849806441159 0.022000960775999098 -0.038094214101894418 0.035814890563837055 -0.04072399278732311
leaf_weight=1.7742908298969258 4.1380169242620459 5.3835300207138088 2.0774895846843719 7.5636429041624069 10.618158996105192 2.4595907479524621 1.5423046499490736 264.29802493751049 2.3332533538341522 4.3390352576971081 8.7495172470808047 8.6697409749031049 3.751986324787139 1.4625567495822904
leaf_count=5 14 21 9 47 44 10 5 1008 8 15 29 27 11 9
internal_value=-0.000108972 -0.0131276 0.0119523 -0.0187823 -0.0126252 -0.000903635 -0.0294595 0.00137998 0.027754 0.00100805 -0.00851492 -0.00278139 -0.0183986 0.0143475
internal_weight=329.161 33.7827 6.21551 27.5672 22.1837 13.0777 9.10595 295.378 4.10754 291.271 26.9728 22.6338 13.8843 5.21454
internal_count=1262 150 23 127 106 54 52 1112 13 1099 91 76 47 20
is_linear=0
shrinkage=0.05


Tree=120
num_leaves=15
num_cat=0
split_feature=2 2 3 2 3 1 3 0 4 4 1 0 3 2
split_gain=3.61845 2.26559 3.37441 1.72636 3.38247 1.69056 3.31992 2.45411 3.26634 2.17464 1.94212 1.49995 1.37555 1.43972
threshold=0.36523199023199027 0.37617924528301894 34.500000000000007 0.019237883832778396 30.500000000000004 9.5000000000000018 28.500000000000004 15.500000000000002 8.5000000000000018 16.500000000000004 8.5000000000000018 50.500000000000007 40.500000000000007 0.80322580645161301
decision_type=2 2 2 2 2 2 2 2 2 2 2 2 2 2
left_child=3 2 -2 -1 -5 6 10 8 -8 11 -3 12 13 -7
right_child=1 5 -4 4 -6 9 7 -9 -10 -11 -12 -13 -14 -15
leaf_value=0.010051083927782879 0.17247412548553984 0.0043875789756540407 0.018517542239053428 0.16252472201559315 -0.022159506189780451 0.0040690549845816297 0.12224761696870215 -0.03037139103201586 -0.010388919844426966 0.046701369937634844 -0.045874936345850915 -0.029257830744644837 0.068620368233671125 0.032377934981810984
leaf_weight=5.5885763354599467 0.47836036607623 71.192560650408268 1.3904009535908697 0.25022356212139385 26.948386639356613 31.571471229195595 0.63021610677242224 13.567235250025986 1.7616982646286485 3.789202779531478 1.9752115458250035 2.652432292699813 0.96333672851323982 5.2362103760242453
leaf_count=40 5 367 13 2 439 146 7 156 16 18 9 12 13 19
internal_value=-0.000358182 0.00325536 0.0579269 -0.0152597 -0.0204604 0.00248913 -0.00147616 -0.0221387 0.0245579 0.0104826 0.00303071 0.00708757 0.00963988 0.00809624
internal_weight=167.996 135.208 1.86876 32.7872 27.1986 133.34 89.1269 15.9591 2.39191 44.2127 73.1678 40.4235 37.771 36.8077
internal_count=1262 781 18 481 441 763 555 179 23 208 376 190 178 165
is_linear=0
shrinkage=0.05


Tree=121
num_leaves=15
num_cat=0
split_feature=7 5 3 0 5 5 1 0 2 3 5 3 2 2
split_gain=1.38055 3.24521 3.65307 2.51841 1.93054 1.85641 1.49519 2.47963 1.4718 1.52697 3.01773 1.40829 1.39827 4.39004
threshold=1.0000000180025095e-35 1.5000000000000002 37.500000000000007 28.500000000000004 3.5000000000000004 1.5000000000000002 -13.499999999999998 1.5000000000000002 0.93968253968253979 17.500000000000004 2.5000000000000004 22.500000000000004 0.35004177109440271 0.42640692640692646
decision_type=2 2 2 2 2 2 2 2 2 2 2 2 2 2
left_child=1 2 -1 8 12 -5 -4 -8 9 -2 11 -11 -3 -14
right_child=3 4 6 5 -6 -7 7 -9 -10 10 -12 -13 13 -15
leaf_value=0.028509003414152297 -0.032041467244270441 0.025744917793348962 0.029131950917284394 -0.035987349466664403 -0.040894347631990256 0.0042769833723247663 -0.047655354067486277 0.0038330573930415233 0.023570186217610523 -0.040403432308048513 0.031957454172260522 -0.0025707721023333647 -0.04589209722919229 1.5368445219102359e-06
leaf_weight=21.322946563363075 4.20347936451435 4.386369287967681 5.308111995458602 9.5847277864813787 3.2704219557344905 4.0817961543798438 2.4672031998634329 44.7708570510149 5.7031513452529898 2.5340623557567588 6.3786789625883094 83.929930292069912 5.6092648208141318 73.350557204335928
leaf_count=89 19 15 17 100 29 15 8 134 21 12 20 493 20 270
internal_value=0.000348162 0.00335508 0.0110542 -0.00379704 -0.00321097 -0.0239616 0.00397116 0.00114386 -0.00111499 -0.00256567 -0.00123115 -0.00367956 -0.00173231 -0.00325872
internal_weight=276.902 160.486 73.8691 116.416 86.6166 13.6665 52.5462 47.2381 102.749 97.0462 92.8427 86.464 83.3462 78.9598
internal_count=1262 582 248 680 334 115 159 142 565 544 525 505 305 290
is_linear=0
shrinkage=0.05


Tree=122
num_leaves=15
num_cat=0
split_feature=2 4 2 0 4 3 8 5 3 0 2 2 2 6
split_gain=2.38419 1.80528 1.40551 1.37044 1.58675 1.27161 1.65218 1.69374 1.09626 1.16509 1.02468 2.90635 3.07513 2.44699
threshold=0.72703081232493005 9.5000000000000018 0.7696428571428573 50.500000000000007 14.500000000000002 12.500000000000002 1.0000000180025095e-35 2.5000000000000004 15.500000000000002 27.500000000000004 0.43760810476896467 0.30272911051212942 0.28119594761551775 1.0000000180025095e-35
decision_type=2 2 2 2 2 2 2 2 2 2 2 2 2 2
left_child=8 2 -2 -3 -5 6 -4 -8 9 -1 11 12 -10 -12
right_child=1 3 5 4 -6 -7 7 -9 10 -11 13 -13 -14 -15
leaf_value=0.057766387436994283 -0.020582934727171862 -0.032444219280466119 -0.040193497754984341 0.044290010265147117 -0.038991983666684452 0.053682078983727566 -0.026661980346382702 0.024875689470732959 0.0022734505376955367 0.0038275504403726401 -0.00092031480198313256 0.015138416860174917 -0.026797041857987303 -0.040217917401567986
leaf_weight=1.7577872872352589 6.6949329078197506 12.437121607363222 1.8798529654741258 1.3581418991088861 0.98799550533294667 1.3563084304332722 2.1428732872009277 6.2259132266044617 94.620391920208931 2.3257914483547211 140.20787338167429 41.324574500322342 10.064646676182745 4.0764964073896399
leaf_count=5 23 70 10 5 6 4 8 24 365 8 472 208 38 16
internal_value=-0.00011065 -0.0128372 -0.00233931 -0.0258322 0.00921865 0.00818549 0.00216446 0.0116792 0.0013196 0.0270457 0.000957709 0.00391071 -0.00052145 -0.0020306
internal_weight=327.461 33.0831 18.2999 14.7833 2.34614 11.6049 10.2486 8.36879 294.378 4.08358 290.294 146.01 104.685 144.284
internal_count=1262 150 69 81 11 46 42 32 1112 13 1099 611 403 488
is_linear=0
shrinkage=0.05


Tree=123
num_leaves=15
num_cat=0
split_feature=2 3 2 1 3 3 4 4 3 1 4 1 3 0
split_gain=3.39444 2.17819 2.07448 5.6637 1.94605 3.03424 2.3092 3.29427 3.16988 2.08932 1.90472 1.46713 2.41591 3.7742
threshold=0.36523199023199027 31.500000000000004 0.37377450980392163 2.5000000000000004 51.500000000000007 55.500000000000007 9.5000000000000018 15.500000000000002 52.500000000000007 1.5000000000000002 12.500000000000002 9.5000000000000018 28.500000000000004 15.500000000000002
decision_type=2 2 2 2 2 2 2 2 2 2 2 2 2 2
left_child=1 -1 3 -2 -3 6 -6 8 10 -10 -8 12 -4 -14
right_child=2 4 11 -5 5 -7 7 -9 9 -11 -12 -13 13 -15
leaf_value=0.11187956098830357 0.22389778308687244 -0.025444854538427056 0.0028599318084845614 -0.034889179508358778 -0.019351693379754037 -0.034851236033472399 0.091023847596458943 -0.011920978799031125 0.24979692509317514 0.084418727876492128 -0.0027598976425305135 0.010073690472464463 0.029102391792556942 -0.03013309533380569
leaf_weight=0.3349742703139772 0.38213229924440284 20.591059260070327 73.102698624134064 0.4732770062983036 2.5260622389614564 3.9724505208432674 1.0319631770253188 1.8863695189356802 0.35139093175530423 0.41835516691207886 1.1388926357030866 44.100128959864378 3.366982456296685 13.355663888156412
leaf_count=3 3 346 376 8 23 66 4 21 6 6 6 208 27 159
internal_value=-0.00038607 -0.0149572 0.00310063 0.0807173 -0.0162884 0.000359159 0.0193815 0.0396514 0.0727346 0.159914 0.0418222 0.00260488 -0.00106197 -0.0182065
internal_weight=167.032 32.2515 134.781 0.855409 31.9165 11.3255 7.35303 4.82697 2.9406 0.769746 2.17086 133.925 89.8253 16.7226
internal_count=1262 481 781 11 478 132 66 43 22 12 10 770 562 186
is_linear=0
shrinkage=0.05


Tree=124
num_leaves=15
num_cat=0
split_feature=3 2 2 8 4 2 0 4 0 4 3 2 7 3
split_gain=1.34307 2.72481 3.89267 2.45651 3.13246 2.38211 1.73326 1.68205 1.62792 1.43786 3.69433 3.16072 1.67861 2.96553
threshold=46.500000000000007 0.18090909090909094 0.18719676549865233 1.0000000180025095e-35 8.5000000000000018 0.12174833635813674 4.5000000000000009 14.500000000000002 7.5000000000000009 16.500000000000004 24.500000000000004 0.41588050314465413 1.0000000180025095e-35 4.5000000000000009
decision_type=2 2 2 2 2 2 2 2 2 2 2 2 2 2
left_child=1 -1 -3 4 -2 7 -4 -6 -7 12 -11 -12 -8 -14
right_child=3 2 6 -5 5 8 9 -9 -10 10 11 -13 13 -15
leaf_value=-0.040843926973632455 0.021843325145784437 0.098406196240190924 -0.026600297796220546 0.033780606336188429 -0.047863904238994441 0.040519316045140322 0.0022335827418210326 -0.0098885192899904103 0.00045155642021077653 -0.0099187594064382139 -0.0028654117490179011 0.044946789879094215 0.028527619634418501 -0.010481938399367716
leaf_weight=4.3267260417342177 16.111767254769802 0.98504689335822959 6.5171065591275683 7.396854728460311 4.0394893437623969 2.8385866582393673 97.501994375139475 10.483372643589972 23.70462604612112 12.319669697433712 5.5061994716525069 9.2860781475901586 5.2407810539007178 69.220089018344879
leaf_count=25 74 3 42 23 15 8 363 41 99 47 22 32 20 448
internal_value=0.000357574 -0.00157423 -0.000751735 0.00666694 0.00315936 -0.00417106 -0.00122683 -0.0204513 0.00473649 -0.000396177 0.0103056 0.0271494 -0.00208344 -0.00773633
internal_weight=275.478 210.904 206.577 64.5747 57.1778 41.0661 205.592 14.5229 26.5432 199.075 27.1119 14.7923 171.963 74.4609
internal_count=1262 1002 977 260 237 163 974 56 107 932 101 54 831 468
is_linear=0
shrinkage=0.05


Tree=125
num_leaves=15
num_cat=0
split_feature=2 4 1 2 8 5 3 3 2 0 4 2 8 0
split_gain=2.21694 1.7644 2.45636 1.65643 1.59539 3.27066 1.44719 1.06837 2.36903 3.57407 1.93731 1.86017 1.69614 3.01853
threshold=0.72703081232493005 3.5000000000000004 8.5000000000000018 0.75576441102756908 1.0000000180025095e-35 3.5000000000000004 15.500000000000002 17.500000000000004 0.65031897926634785 30.500000000000004 9.5000000000000018 0.7076149425287358 1.0000000180025095e-35 27.500000000000004
decision_type=2 2 2 2 2 2 2 2 2 2 2 2 2 2
left_child=7 2 -2 -3 6 -6 -5 12 -9 -10 -11 -12 -1 -14
right_child=1 3 -4 4 5 -7 -8 8 9 10 11 -13 13 -15
leaf_value=0.044601903005155014 0.034186252371549895 -0.043465809325749109 -0.033777603972955407 -0.038209531295519017 -0.012737779560759471 0.052619442581214537 0.015265035732999272 0.0018833610782380752 -0.026933652335491318 0.063526618334855567 -0.044514720188268173 0.044458453775812909 0.021327390837312936 -0.041188242402541354
leaf_weight=3.5678372979164097 4.0540877431631079 5.1658589690923717 1.9781642854213712 7.0235864371061325 10.355350106954573 2.3482850492000589 1.5432395637035368 260.14666233211756 15.747534044086935 1.8342982232570637 1.3181783780455592 1.059730067849159 7.0926365107297897 2.6531970873475075
leaf_count=10 14 21 9 47 44 10 5 999 50 5 7 4 23 14
internal_value=-0.000104385 -0.0125017 0.0118988 -0.0180694 -0.0119014 -0.000656404 -0.0285766 0.00126744 0.000609675 -0.015991 0.0249186 -0.00486326 0.0151062 0.00430819
internal_weight=325.889 32.4686 6.03225 26.4363 21.2705 12.7036 8.56683 293.42 280.106 19.9597 4.21221 2.37791 13.3137 9.74583
internal_count=1262 150 23 127 106 54 52 1112 1065 66 16 11 47 37
is_linear=0
shrinkage=0.05


Tree=126
num_leaves=15
num_cat=0
split_feature=2 2 3 3 3 4 4 3 4 0 1 3 0 4
split_gain=3.18725 4.39336 2.41767 1.87917 2.86146 2.05874 2.83548 2.23212 1.70046 1.54347 1.38816 2.37024 3.62603 2.0724
threshold=0.36523199023199027 0.36579089924160352 30.500000000000004 51.500000000000007 55.500000000000007 9.5000000000000018 15.500000000000002 52.500000000000007 12.500000000000002 16.500000000000004 9.5000000000000018 28.500000000000004 15.500000000000002 16.500000000000004
decision_type=2 2 2 2 2 2 2 2 2 2 2 2 2 2
left_child=2 -2 -1 -4 5 -5 7 8 -7 -9 11 -3 -13 -12
right_child=1 10 3 4 -6 6 -8 9 -10 -11 13 12 -14 -15
leaf_value=0.1253855806096611 0.14429631528948117 0.0027036900574544903 -0.025174644367013339 -0.018819650452708024 -0.034792439021499331 0.084953813366047126 -0.011633480420675954 0.20293553409172782 -0.0029950770641220745 0.071081583686562574 0.0063468599477706465 0.027809057506252757 -0.029946158118250854 0.045240921215120931
leaf_weight=0.30520366877317684 0.54761803150176902 73.022331759333611 20.12777462601662 2.4770478904247266 3.8287807926535606 1.0600856617093093 1.8685310408473013 0.41941364109516133 1.1413089670240877 0.47141249477863312 40.432664234191179 3.4143815264105823 13.317295145243405 3.7418424114584914
leaf_count=2 4 376 347 23 66 4 21 5 6 7 191 27 165 18
internal_value=-0.000398634 0.00296337 -0.014661 -0.0160224 0.000327994 0.0184071 0.0369954 0.0663803 0.0393569 0.13316 0.00238548 -0.0011857 -0.0181602 0.00964142
internal_weight=166.176 134.476 31.6996 31.3944 11.2666 7.4378 4.96075 3.09222 2.20139 0.890826 133.929 89.754 16.7317 44.1745
internal_count=1262 781 481 479 132 66 43 22 10 12 777 568 192 209
is_linear=0
shrinkage=0.05


Tree=127
num_leaves=15
num_cat=0
split_feature=3 3 2 2 1 1 8 4 2 3 7 2 3 4
split_gain=1.26262 2.65818 3.52465 3.75387 2.89063 4.43406 2.30872 2.89277 2.24378 2.17858 2.33707 1.78353 1.63502 1.61729
threshold=46.500000000000007 41.500000000000007 0.30272911051212942 0.41588050314465413 1.5000000000000002 -3.4999999999999996 1.0000000180025095e-35 8.5000000000000018 0.12174833635813674 32.500000000000007 1.0000000180025095e-35 0.42179392142327654 64.500000000000014 15.500000000000002
decision_type=2 2 2 2 2 2 2 2 2 2 2 2 2 2
left_child=1 2 4 -4 5 9 7 -2 12 -1 -11 -5 -9 -10
right_child=6 -3 3 11 -6 -7 -8 8 13 10 -12 -13 -14 -15
leaf_value=0.09828385203777569 0.021005499090745484 -0.016332600984836607 -0.022847363096166525 0.061168853669595728 -0.055149954328743804 0.082670891673396987 0.032925662639228276 -0.027211898371195916 0.014636835353594842 0.060025327674644219 -0.0027434404678944729 0.00066474301918686973 0.018924858386756786 -0.01061355923277108
leaf_weight=0.72834846377372642 16.154573008418083 26.474793240427971 18.262947425246239 1.2280461788177479 1.0713402032852162 3.108025759458541 7.3163113594055167 12.097298249602316 16.017908990383152 1.8135666251182527 8.1343046277761459 149.04871830716729 2.2826423048973075 10.497433103621004
leaf_count=4 74 133 109 9 3 13 23 46 66 5 50 676 10 41
internal_value=0.000356614 -0.00152226 0.000615745 -0.00144217 0.0239632 0.0301121 0.00648281 0.00309167 -0.0039847 0.0148113 0.00869975 0.00115918 -0.0198882 0.0046402
internal_weight=274.236 209.87 183.395 168.54 14.8556 13.7842 64.3662 57.0499 40.8953 10.6762 9.94787 150.277 14.3799 26.5153
internal_count=1262 1002 869 794 75 72 260 237 163 59 55 685 56 107
is_linear=0
shrinkage=0.05


Tree=128
num_leaves=15
num_cat=0
split_feature=2 4 1 2 8 5 3 3 2 6 0 1 2 1
split_gain=2.05101 1.67094 2.31259 1.61419 1.53714 3.10887 1.39796 1.06397 2.49974 1.97348 1.7425 2.40456 2.27021 1.58277
threshold=0.72703081232493005 3.5000000000000004 8.5000000000000018 0.75576441102756908 1.0000000180025095e-35 3.5000000000000004 15.500000000000002 22.500000000000004 0.64537223340040251 1.0000000180025095e-35 32.500000000000007 14.500000000000002 0.53708791208791218 -14.499999999999998
decision_type=2 2 2 2 2 2 2 2 2 2 2 2 2 2
left_child=7 2 -2 -3 6 -6 -5 9 10 13 -9 -12 -13 -1
right_child=1 3 -4 4 5 -7 -8 8 -10 -11 11 12 -14 -15
leaf_value=0.032221362583694867 0.033342312736433379 -0.043028961409151217 -0.033089247710014709 -0.037997698340947711 -0.012231486140344158 0.052062245038571486 0.014615096428564015 0.0016952736463317049 -0.028806032321738031 -0.049377518718127907 -0.055295803791413127 -0.035344291284458963 0.017383114269894539 0.0058849825486243009
leaf_weight=6.5067837387323371 4.0252266228199032 5.0377057492733028 1.9421494752168653 6.7646791115403175 10.282942995429037 2.3009193241596231 1.5522719621658323 219.01809651404619 7.4115593507885924 1.4816933423280705 3.1718478202819815 3.4596676230430585 4.979831375181675 46.290629208087921
leaf_count=28 14 21 9 47 44 10 5 849 25 6 14 11 21 158
internal_value=-9.73185e-05 -0.0121345 0.0117214 -0.0176227 -0.0114991 -0.000475581 -0.0281781 0.0012165 -0.000223938 0.00753356 0.000694583 -0.0181809 -0.00423183 0.00913069
internal_weight=324.226 31.9059 5.96738 25.9385 20.9008 12.5839 8.31695 292.32 238.041 54.2791 230.629 11.6113 8.4395 52.7974
internal_count=1262 150 23 127 106 54 52 1112 920 192 895 46 32 186
is_linear=0
shrinkage=0.05


Tree=129
num_leaves=15
num_cat=0
split_feature=2 3 3 3 4 4 2 1 3 4 2 1 1 4
split_gain=2.98288 2.10676 1.81607 2.70791 1.84476 2.50404 1.68869 2.39062 1.66074 1.53984 1.38168 1.39429 1.85067 1.18697
threshold=0.36523199023199027 30.500000000000004 51.500000000000007 55.500000000000007 9.5000000000000018 15.500000000000002 0.37617924528301894 1.5000000000000002 52.500000000000007 12.500000000000002 0.46453722334004027 9.5000000000000018 11.500000000000002 9.5000000000000018
decision_type=2 2 2 2 2 2 2 2 2 2 2 2 2 2
left_child=1 -1 -3 4 -4 8 7 -2 9 -6 11 -8 -13 -12
right_child=6 2 3 -5 5 -7 10 -9 -10 -11 13 12 -14 -15
leaf_value=0.11048772121233863 0.083228769608304956 -0.024881963193869431 -0.018265522188336838 -0.034734496746039158 0.080136472006835727 -0.01148367570780514 -0.027579753365849863 -0.034840103906709455 0.11505777238197046 -0.003116962753420968 -0.0014601524337530252 0.069185514442438423 -0.0349154726750973 0.0083382875590505313
leaf_weight=0.334248267114165 1.4327867180109017 19.634610820561651 2.4266749843955022 3.686799556016922 1.0812207423150546 1.8582730554044244 6.7875489853322488 0.61178869009017933 0.99615262448787678 1.1420735754072664 61.669976972043514 0.95670814812183358 0.77098739519715309 61.961773738265038
leaf_count=2 7 347 23 66 4 21 122 11 12 6 314 12 12 303
internal_value=-0.000429548 -0.0143658 -0.0157196 0.000355378 0.0175945 0.0347323 0.00280654 0.0478996 0.0614082 0.0373704 0.00210886 -0.0173721 0.0227303 0.00345063
internal_weight=165.352 31.1601 30.8258 11.1912 7.50439 5.07772 134.192 2.04458 3.21945 2.22329 132.147 8.51524 1.7277 123.632
internal_count=1262 481 479 132 66 43 781 18 22 10 763 146 24 617
is_linear=0
shrinkage=0.05


Tree=130
num_leaves=15
num_cat=0
split_feature=7 5 2 0 5 3 0 0 2 4 3 2 3 2
split_gain=1.27525 3.02847 3.55333 2.32107 1.84967 1.79865 1.41906 2.84508 2.54196 2.36811 2.05668 4.44557 2.94429 1.54754
threshold=1.0000000180025095e-35 1.5000000000000002 0.35924528301886799 28.500000000000004 1.5000000000000002 8.5000000000000018 8.5000000000000018 16.500000000000004 0.46871945259042042 18.500000000000004 36.500000000000007 0.45368782161234994 27.500000000000004 0.7421798631476052
decision_type=2 2 2 2 2 2 2 2 2 2 2 2 2 2
left_child=1 2 -1 -2 -5 -3 9 10 -9 -7 11 -8 -13 -10
right_child=3 5 -4 4 -6 6 7 8 13 -11 -12 12 -14 -15
leaf_value=0.0035407900572620044 -0.00107685379533479 -0.035774852440991399 0.02761477221217289 -0.035842309224028521 0.0047436065331150417 -0.032464696580605794 -0.046828457595795223 -0.045182519062140269 -0.0048072071678914143 0.033427168122407688 0.061315389718782511 0.014231921838540624 0.083800993733230522 0.022879761960967759
leaf_weight=51.040777698159218 101.59023874998093 4.0108973793685427 21.906378626823425 9.1366506442427617 4.0523583889007559 7.3301214650273305 2.6573578715324429 3.6116601526737204 46.645121321082115 1.6751980185508726 2.4318989366292945 10.105418890714644 1.7902928292751301 5.6593142598867408
leaf_count=153 565 50 95 100 15 43 9 13 155 5 7 31 5 16
internal_value=0.000376899 0.0032782 0.0107703 -0.00363876 -0.0233722 -0.0030829 -0.001482 0.000831096 -0.00461286 -0.0202073 0.0187531 0.0116407 0.024702 -0.00181149
internal_weight=273.644 158.864 72.9472 114.779 13.189 85.9173 81.9064 72.9011 55.9161 9.00532 16.985 14.5531 11.8957 52.3044
internal_count=1262 582 248 680 115 334 284 236 184 48 52 45 36 171
is_linear=0
shrinkage=0.05


Tree=131
num_leaves=15
num_cat=0
split_feature=2 4 0 4 2 3 8 5 3 2 6 0 1 2
split_gain=1.9078 1.61359 1.30013 1.43491 1.2732 1.1298 1.44257 1.44906 1.02588 2.33832 1.86843 1.58731 2.23998 2.13853
threshold=0.72703081232493005 9.5000000000000018 50.500000000000007 14.500000000000002 0.7696428571428573 12.500000000000002 1.0000000180025095e-35 2.5000000000000004 22.500000000000004 0.64537223340040251 1.0000000180025095e-35 32.500000000000007 14.500000000000002 0.53708791208791218
decision_type=2 2 2 2 2 2 2 2 2 2 2 2 2 2
left_child=8 4 -3 -4 -2 6 -6 -8 10 11 -1 -10 -13 -14
right_child=1 2 3 -5 5 -7 7 -9 9 -11 -12 12 13 -15
leaf_value=0.0089098183144373424 -0.019432086103125544 -0.031393428342165734 0.043120105460261585 -0.038339001953139634 -0.03935907399637608 0.051104185363558513 -0.024755743822947936 0.023765830994237701 0.001588089378604058 -0.028022460590886478 -0.048718442967950241 -0.053216949411677719 -0.034236203042765527 0.017073545836984554
leaf_weight=52.702979043126106 6.4623571336269441 11.541530065238474 1.337478339672088 0.90737614780664433 1.6989130377769441 1.3634770214557637 2.068910613656044 6.004224881529808 218.42042381316423 7.3471499904990187 1.4450858235359181 3.1713607832789412 3.4346664696931821 4.9681546166539192
leaf_count=186 23 70 5 6 10 4 8 24 849 25 6 14 11 21
internal_value=-9.94498e-05 -0.0118126 -0.0246217 0.0101941 -0.00177791 0.00846747 0.00251844 0.0113312 0.00116169 -0.000255118 0.00737185 0.000631906 -0.0174126 -0.0038994
internal_weight=322.874 31.3843 13.7864 2.24485 17.5979 11.1355 9.77205 8.07314 291.49 237.342 54.1481 229.995 11.5742 8.40282
internal_count=1262 150 81 11 69 46 42 32 1112 920 192 895 46 32
is_linear=0
shrinkage=0.05


Tree=132
num_leaves=15
num_cat=0
split_feature=2 2 2 3 3 3 4 4 2 1 1 0 3 4
split_gain=2.79694 1.57998 1.90133 1.52423 1.75245 2.57876 1.69374 2.21819 1.29655 1.32891 1.64144 1.2701 1.23577 1.40701
threshold=0.36523199023199027 0.37617924528301894 0.36579089924160352 31.500000000000004 51.500000000000007 55.500000000000007 9.5000000000000018 15.500000000000002 0.46453722334004027 9.5000000000000018 11.500000000000002 11.500000000000002 52.500000000000007 12.500000000000002
decision_type=2 2 2 2 2 2 2 2 2 2 2 2 2 2
left_child=3 2 -2 -1 -5 6 -6 12 9 -3 -11 -4 13 -8
right_child=1 8 11 4 5 -7 7 -9 -10 10 -12 -13 -14 -15
leaf_value=0.080888318157637196 0.11815290492353972 -0.027339316065847902 0.059594404202948037 -0.024564504226725251 -0.017878089572045338 -0.034682773506146757 0.076384730597631956 -0.011119085757396776 0.0032859597046859704 0.062827887072552976 -0.034860499201750703 -0.034980751641329189 0.10072135123571171 -0.0029459894065239061
leaf_weight=0.41683863103389995 0.63427513092756194 6.6072806939482671 0.73720070719718933 19.1112300939858 2.3919117338955385 3.5619469806551933 1.097120292484761 1.8368805535137651 123.38273492828012 1.0171744376420973 0.74492574855685223 0.68472126126289368 1.0988859385251997 1.1393882445991037
leaf_count=3 4 122 2 346 23 66 4 21 617 12 12 12 12 6
internal_value=-0.000448036 0.00267288 0.0461641 -0.0140711 -0.0153802 0.000395685 0.016914 0.0330036 0.00199413 -0.0170503 0.0215302 0.0140521 0.0573029 0.0359697
internal_weight=164.463 133.808 2.0562 30.6542 30.2374 11.1261 7.56419 5.17228 131.752 8.36938 1.7621 1.42192 3.33539 2.23651
internal_count=1262 781 18 481 478 132 66 43 763 146 24 14 22 10
is_linear=0
shrinkage=0.05


Tree=133
num_leaves=15
num_cat=0
split_feature=7 3 5 2 0 5 2 2 4 3 5 2 2 4
split_gain=1.21164 2.87829 2.32311 3.96577 2.24016 2.30991 4.30955 2.29125 1.77493 1.77077 2.39283 1.73742 2.9791 1.60482
threshold=1.0000000180025095e-35 8.5000000000000018 1.5000000000000002 0.35924528301886799 14.500000000000002 1.5000000000000002 0.48814016172506741 0.62828947368421062 6.5000000000000009 23.500000000000004 3.5000000000000004 0.58530997304582222 0.62095088819226762 8.5000000000000018
decision_type=2 2 2 2 2 2 2 2 2 2 2 2 2 2
left_child=1 -1 3 -3 7 -6 8 13 -7 10 -8 -11 -13 -2
right_child=4 2 -4 -5 5 6 9 -9 -10 11 -12 12 -14 -15
leaf_value=-0.03586311306907955 0.014863605578552125 0.0034354992254844625 -0.0013811009082099193 0.029302575608492296 -0.017787547298874492 0.10528472216373808 -0.029263948574711429 0.032785549321318434 0.029253454195158624 -0.0077188711178395033 0.046383539124595891 0.085161081224302479 0.0034750445402684516 -0.0067359232319700096
leaf_weight=4.5715744011104098 12.984669603407381 51.012721985578537 81.511429563164711 20.883294135332108 36.611183233559132 0.97315534949302573 10.521150022745134 6.4389684349298468 3.634095773100853 11.089937523007395 1.1606720983982075 1.5589555352926243 3.9297728389501572 25.464338444173336
leaf_count=56 70 153 284 89 316 3 47 23 15 42 5 6 14 139
internal_value=0.000394894 0.00323247 0.00439752 0.010949 -0.00352475 -0.00914943 0.000472518 0.0051813 0.045313 -0.00683773 -0.0217478 0.00366837 0.0266762 0.000558485
internal_weight=272.346 157.979 153.407 71.896 114.367 69.4789 32.8677 44.888 4.60725 28.2605 11.6818 16.5787 5.48873 38.449
internal_count=1262 582 526 242 680 448 132 232 18 114 52 62 20 209
is_linear=0
shrinkage=0.05


Tree=134
num_leaves=15
num_cat=0
split_feature=2 4 1 2 8 5 3 3 2 3 0 2 4 2
split_gain=1.78623 1.55288 2.13081 1.55089 1.4354 2.90404 1.36539 1.07896 1.61153 0.979321 1.08273 0.913482 1.10253 0.831605
threshold=0.72703081232493005 3.5000000000000004 8.5000000000000018 0.75576441102756908 1.0000000180025095e-35 3.5000000000000004 15.500000000000002 2.5000000000000004 0.93968253968253979 15.500000000000002 27.500000000000004 0.75576441102756908 1.5000000000000002 0.43760810476896467
decision_type=2 2 2 2 2 2 2 2 2 2 2 2 2 2
left_child=9 2 11 -3 6 7 -5 -6 -9 10 -1 -2 -13 -11
right_child=1 3 -4 4 5 -7 -8 8 -10 13 -12 12 -14 -15
leaf_value=0.055504032929882242 0.071092920165105891 -0.042404365804814936 -0.032302187327835546 -0.0376665533389548 -0.046106345665525551 0.051794329545314759 0.014699793211031244 -0.021765614193290084 0.023469601038314161 0.0034519585927998541 0.0030698775285793616 -0.015703283896948271 0.046653365340286364 -0.0019366291841381852
leaf_weight=1.7279218435287464 1.1052116453647642 4.8305696770548847 1.8670870363712309 6.3809498995542535 1.8442193344235409 2.2065031677484521 1.5464526563882826 4.9546191394329053 3.2672865241765976 143.63759066164494 2.2884350717067719 1.3297757059335711 1.5181667506694791 142.76133647561073
leaf_count=5 3 21 9 47 8 10 5 26 10 611 8 5 6 488
internal_value=-0.000105404 -0.0115443 0.011719 -0.0169535 -0.0108673 -0.000155165 -0.0274511 -0.0115425 -0.00378968 0.00110975 0.0256282 0.0325104 0.0175375 0.000765908
internal_weight=321.266 30.8508 5.82024 25.0306 20.2 12.2726 7.9274 10.0661 8.22191 290.415 4.01636 3.95315 2.84794 286.399
internal_count=1262 150 23 127 106 54 52 44 36 1112 13 14 11 1099
is_linear=0
shrinkage=0.05


Tree=135
num_leaves=15
num_cat=0
split_feature=2 2 3 3 3 4 4 1 3 0 4 4 1 1
split_gain=2.60629 2.9492 1.69766 1.70377 2.46169 1.54869 1.9818 1.17231 2.12581 3.37457 2.17591 1.98071 1.84279 1.3588
threshold=0.36523199023199027 0.36579089924160352 30.500000000000004 51.500000000000007 55.500000000000007 9.5000000000000018 15.500000000000002 9.5000000000000018 28.500000000000004 15.500000000000002 8.5000000000000018 16.500000000000004 8.5000000000000018 -13.499999999999998
decision_type=2 2 2 2 2 2 2 2 2 2 2 2 2 2
left_child=2 -2 -1 -4 5 -5 -7 8 12 10 -10 -9 -3 -12
right_child=1 7 3 4 -6 6 -8 11 9 -11 13 -13 -14 -15
leaf_value=0.091216850048031123 0.10613151302527374 0.0036527308961134641 -0.024292644819912196 -0.017408329771163401 -0.034632810484162925 0.053719605714425113 -0.010801778211120029 0.0054639140334443378 0.10458099826705779 -0.02957116074377902 0.036073631910818096 0.043780231669024117 -0.045646275904939887 -0.035837067421120743
leaf_weight=0.38031616806984203 0.68337548524141212 70.760665971785784 18.701520793139938 2.3504620231688005 3.4399003535509109 3.4418206252157688 1.8191650696098802 40.271913718432188 0.70650478452444376 12.719712492078541 1.5719095766544346 3.6811149567365637 1.9477476738393296 1.1285332366824146
leaf_count=2 4 367 347 23 66 22 21 191 7 165 6 18 9 14
internal_value=-0.000471395 0.00252716 -0.0137531 -0.0150949 0.000469806 0.016334 0.0314091 0.00199397 -0.00131059 -0.0177339 0.0264601 0.00867295 0.00233209 0.00602167
internal_weight=163.605 133.471 30.1332 29.7529 11.0513 7.61145 5.26099 132.788 88.8351 16.1267 3.40695 43.953 72.7084 2.70044
internal_count=1262 781 481 479 132 66 43 777 568 192 27 209 376 20
is_linear=0
shrinkage=0.05


Tree=136
num_leaves=15
num_cat=0
split_feature=3 2 2 8 4 2 4 4 2 3 0 0 0 2
split_gain=1.18775 2.60385 3.51612 2.08243 2.62437 2.1106 1.57773 1.56187 3.01361 2.57124 2.15727 1.64693 2.29856 1.51279
threshold=46.500000000000007 0.18090909090909094 0.18719676549865233 1.0000000180025095e-35 8.5000000000000018 0.12174833635813674 14.500000000000002 15.500000000000002 0.17301587301587304 48.500000000000007 7.5000000000000009 11.500000000000002 14.500000000000002 0.23736536868268435
decision_type=2 2 2 2 2 2 2 2 2 2 2 2 2 2
left_child=1 -1 -3 4 -2 6 -6 9 -9 -7 -11 -12 -13 -14
right_child=3 2 -4 -5 5 7 -8 8 -10 10 11 12 13 -15
leaf_value=-0.040536889729120125 0.020234819041273708 0.092665702809539341 -0.0010967129428137475 0.031691997176153723 -0.046534245628691601 0.060992087662645092 -0.0090155706773214963 0.013973962416325859 -0.040017682151860197 0.057928700681945972 -0.034883849247013536 0.051515654804627165 -0.04302778570775987 0.0093521009768727757
leaf_weight=4.1720596849918357 16.090886496007442 1.0048540532588948 201.8436643704772 7.1996789872646323 3.8444516360759726 2.5114297717809704 10.334414914250372 5.7441358119249326 4.6985025778412819 1.7352750003337849 2.8488474935293189 2.3258513808250409 1.9668345302343366 4.6077706217765808
leaf_count=25 74 3 974 23 15 11 41 18 23 5 13 10 8 19
internal_value=0.000402967 -0.00143643 -0.000632241 0.00636143 0.00314547 -0.00362459 -0.0191884 0.00472216 -0.0103187 0.0145413 0.00589006 -0.00179561 0.00879523 -0.00631767
internal_weight=270.929 207.021 202.849 63.9081 56.7084 40.6175 14.1789 26.4386 10.4426 15.996 13.4846 11.7493 8.90046 6.57461
internal_count=1262 1002 977 260 237 163 56 107 41 66 55 50 37 27
is_linear=0
shrinkage=0.05


Tree=137
num_leaves=15
num_cat=0
split_feature=2 4 0 4 2 3 8 5 3 3 2 6 3 4
split_gain=1.68806 1.4725 1.21952 1.32218 1.15089 1.06059 1.30566 1.32466 1.88437 0.993439 2.17454 1.76958 1.57006 1.55365
threshold=0.72703081232493005 9.5000000000000018 50.500000000000007 14.500000000000002 0.7696428571428573 12.500000000000002 1.0000000180025095e-35 3.5000000000000004 2.5000000000000004 22.500000000000004 0.64537223340040251 1.0000000180025095e-35 24.500000000000004 19.500000000000004
decision_type=2 2 2 2 2 2 2 2 2 2 2 2 2 2
left_child=9 4 -3 -4 -2 6 -6 8 -8 11 -11 13 -12 -1
right_child=1 2 3 -5 5 -7 7 -9 -10 10 12 -13 -14 -15
leaf_value=0.010091326299927381 -0.018625503149513955 -0.030688075951623067 0.041716663347230204 -0.038048326854390246 -0.038942677011551144 0.049479143878127685 -0.047214983692698304 0.040677132027157739 0.016813430652441202 0.00053149633814469812 -0.040224920165443788 -0.048032826824675495 0.014361352670317571 -0.044386792988693094
leaf_weight=51.034433908760548 6.3057216480374398 10.981929354369639 1.3184379637241357 0.85736095160245884 1.5942168682813624 1.3636297583580006 1.6800663918256757 2.5054702609777451 3.6359962821006775 228.4284925609827 5.5409399121999732 1.4118243604898442 1.7281795740127561 1.343168556690215
leaf_count=181 23 70 5 6 10 4 6 14 12 895 20 6 5 5
internal_value=-0.00010025 -0.0113405 -0.0239125 0.0102857 -0.00165843 0.00826697 0.00229844 0.0107044 -0.00342184 0.00107402 -0.00032523 0.00720536 -0.0272474 0.00869429
internal_weight=319.73 30.2428 13.1577 2.1758 17.0851 10.7794 9.41575 7.82153 5.31606 289.487 235.698 53.7894 7.26912 52.3776
internal_count=1262 150 81 11 69 46 42 32 18 1112 920 192 25 186
is_linear=0
shrinkage=0.05


Tree=138
num_leaves=15
num_cat=0
split_feature=2 2 3 3 3 4 4 1 1 3 0 4 4 1
split_gain=2.44612 2.55739 1.52478 1.63157 2.33124 1.39928 1.76273 1.15161 1.09606 2.00773 3.20926 1.82684 1.80679 1.75179
threshold=0.36523199023199027 0.36579089924160352 30.500000000000004 51.500000000000007 55.500000000000007 9.5000000000000018 15.500000000000002 -16.499999999999996 9.5000000000000018 28.500000000000004 15.500000000000002 16.500000000000004 8.5000000000000018 8.5000000000000018
decision_type=2 2 2 2 2 2 2 2 2 2 2 2 2 2
left_child=2 -2 -1 -4 5 -5 -7 -8 9 13 12 -10 -11 -3
right_child=1 8 3 4 -6 6 7 -9 11 10 -12 -13 -14 -15
leaf_value=0.083048336812061946 0.095533296809208815 0.0034677740961832938 -0.023986265329487284 -0.016924617805589397 -0.034585144290194707 0.050153421158596237 0.048428496698781 -0.037596156687837855 0.0052562269635958439 0.092837133994333271 -0.029288380555546046 0.042099831781270941 0.0058572451435936583 -0.045151361371186388
leaf_weight=0.40344209969043987 0.73295207321643729 70.724394429475069 18.247957918792967 2.3106446117162687 3.3193612359464169 3.5387902371585369 0.56733728945255268 1.2379602678120134 40.239955089986324 0.7682401686906809 12.41789026558399 3.6714428365230551 2.6793385222554207 1.9025459401309479
leaf_count=2 4 367 347 23 66 22 4 17 191 7 165 18 20 9
internal_value=-0.000497167 0.00239428 -0.0134913 -0.0148242 0.000410769 0.0155862 0.0296431 -0.0105618 0.00187869 -0.00132589 -0.0174395 0.00833673 0.0252394 0.00219414
internal_weight=162.762 133.137 29.6255 29.2221 10.9741 7.65473 5.34409 1.8053 132.404 88.4924 15.8655 43.9114 3.44758 72.6269
internal_count=1262 781 481 479 132 66 43 21 777 568 192 209 27 376
is_linear=0
shrinkage=0.05


Tree=139
num_leaves=15
num_cat=0
split_feature=7 2 5 3 0 5 0 0 2 4 3 2 3 2
split_gain=1.16338 2.70309 2.17427 3.8454 2.16801 1.79381 1.33288 2.70287 2.4442 2.25512 1.87646 4.2277 2.66633 1.35232
threshold=1.0000000180025095e-35 0.88268021286889231 1.5000000000000002 37.500000000000007 28.500000000000004 1.5000000000000002 8.5000000000000018 16.500000000000004 0.46871945259042042 18.500000000000004 36.500000000000007 0.45368782161234994 27.500000000000004 0.7421798631476052
decision_type=2 2 2 2 2 2 2 2 2 2 2 2 2 2
left_child=1 2 3 -1 -2 -6 9 10 -9 -4 11 -8 -13 -10
right_child=4 -3 6 -5 5 -7 7 8 13 -11 -12 12 -14 -15
leaf_value=0.029447255149491414 -0.0009882134795557516 -0.035726027407909124 -0.032030223465644214 0.003495783819543775 -0.035701286348820679 0.0045620963280053667 -0.046197586267618863 -0.044662571338807647 -0.0044746076554567906 0.032570119494746357 0.059025143584577167 0.01417462875860168 0.079995730985990721 0.021421703746109882
leaf_weight=19.733825579285622 100.64431243389845 4.3369384109973899 7.0861727148294431 51.596646070480347 8.6853467226028425 4.0590854883193961 2.5971590876579311 3.5284895598888388 46.396128460764885 1.6691705286502836 2.4363498836755744 10.09177380800247 1.8153596818447102 5.6558900475502005
leaf_count=83 565 56 43 159 100 15 9 13 155 5 7 31 5 16
internal_value=0.000410479 0.00319849 0.00430469 0.0106753 -0.00344847 -0.0228775 -0.00128638 0.000938409 -0.0043907 -0.0197144 0.0184227 0.0116025 0.0242097 -0.00166076
internal_weight=270.333 156.944 152.607 71.3305 113.389 12.7444 81.2765 72.5212 55.5805 8.75534 16.9406 14.5043 11.9071 52.052
internal_count=1262 582 526 242 680 115 284 236 184 48 52 45 36 171
is_linear=0
shrinkage=0.05


Tree=140
num_leaves=15
num_cat=0
split_feature=2 4 1 2 8 5 3 3 2 2 2 4 3 2
split_gain=1.58013 1.43705 1.97689 1.48944 1.3175 2.69568 1.33059 0.997095 1.47862 0.972924 0.875238 1.03844 0.839231 2.74486
threshold=0.72703081232493005 3.5000000000000004 8.5000000000000018 0.75576441102756908 1.0000000180025095e-35 3.5000000000000004 15.500000000000002 2.5000000000000004 0.93968253968253979 0.72111111111111115 0.75576441102756908 1.5000000000000002 49.500000000000007 0.14017543859649126
decision_type=2 2 2 2 2 2 2 2 2 2 2 2 2 2
left_child=9 2 10 -3 6 7 -5 -6 -9 12 -2 -12 13 -1
right_child=1 3 -4 4 5 -7 -8 8 -10 -11 11 -13 -14 -15
leaf_value=0.034141322282585415 0.069211327296456682 -0.041860963973396649 -0.031857921598746779 -0.037359872208673754 -0.045119439179586086 0.051423842742853422 0.014695126587725069 -0.021110751855816769 0.022558636454336905 0.033581448540027953 -0.015516778079177548 0.045719617058568189 -0.0050795019838041173 0.0011229118985413452
leaf_weight=6.4717633277177802 1.107005089521411 4.6368201151490238 1.7927920073270796 5.990204632282258 1.7561814039945591 2.1008823961019525 1.5440330058336256 4.8183167651295644 3.24307781457901 2.2783020585775366 1.3187696337699892 1.4573961347341535 50.396891251206398 229.56156915426254
leaf_count=30 3 21 9 47 8 10 5 26 10 9 5 6 186 887
internal_value=-9.43433e-05 -0.011063 0.0115701 -0.0163958 -0.0103258 2.00235e-05 -0.026692 -0.01098 -0.00354267 0.00103651 0.03162 0.0166303 0.000777644 0.00202824
internal_weight=318.474 29.7655 5.67596 24.0895 19.4527 11.9185 7.53424 9.81758 8.06139 288.709 3.88317 2.77617 286.43 236.033
internal_count=1262 150 23 127 106 54 52 44 36 1112 14 11 1103 917
is_linear=0
shrinkage=0.05


Tree=141
num_leaves=15
num_cat=0
split_feature=2 3 3 3 2 4 4 2 3 2 4 1 1 4
split_gain=2.30565 1.37913 1.55838 2.2202 1.29286 1.29143 1.58861 1.11231 1.28298 1.37128 1.20014 1.078 1.07352 1.07089
threshold=0.36523199023199027 30.500000000000004 51.500000000000007 55.500000000000007 0.37617924528301894 9.5000000000000018 15.500000000000002 0.46453722334004027 40.500000000000007 0.42179392142327654 11.500000000000002 -16.499999999999996 -10.499999999999998 9.5000000000000018
decision_type=2 2 2 2 2 2 2 2 2 2 2 2 2 2
left_child=1 -1 -3 5 -2 -4 -7 8 12 10 -10 -8 -6 -9
right_child=4 2 3 -5 7 6 11 13 9 -11 -12 -13 -14 -15
leaf_value=0.076221385398921371 0.040915016698962657 -0.023667247518426263 -0.016616424562125601 -0.034543879419422024 0.029181612103104677 0.047221927174785454 0.045201391304308003 -0.0018170976891872419 -0.035033026235966262 0.11144195212399384 0.059899470805154842 -0.037482140971341421 -0.034580873434738472 0.007532751520051984
leaf_weight=0.42471440136432903 2.1341896541416636 17.794243991374973 2.2852291092276555 3.2189823985099792 0.74980546534061421 3.6269094422459602 0.58662925660610188 61.161185681819916 0.90755165740847565 0.34029708802700032 0.52580394223332405 1.2017739266157148 5.5187314525246602 61.339441522955894
leaf_count=2 18 347 23 66 7 22 4 314 15 4 8 17 112 303
internal_value=-0.000483848 -0.0132195 -0.0145424 0.000327173 0.00231315 0.014904 0.0282054 0.00168206 -0.0163311 0.021213 -0.000208534 -0.0103604 -0.026954 0.00286463
internal_weight=161.815 29.1385 28.7138 10.9195 132.677 7.70054 5.41531 130.543 8.04219 1.77365 1.43336 1.7884 6.26854 122.501
internal_count=1262 481 479 132 781 66 43 763 146 27 23 21 119 617
is_linear=0
shrinkage=0.05


Tree=142
num_leaves=15
num_cat=0
split_feature=7 3 1 0 5 2 2 3 5 2 2 4 2 2
split_gain=1.09947 2.56492 2.06421 2.0642 2.13731 3.98394 2.12045 1.70258 2.23419 1.60219 2.6154 1.55254 1.48311 2.08887
threshold=1.0000000180025095e-35 8.5000000000000018 7.5000000000000009 14.500000000000002 1.5000000000000002 0.48814016172506741 0.62828947368421062 23.500000000000004 3.5000000000000004 0.58530997304582222 0.62095088819226762 6.5000000000000009 0.31203515889114269 0.27793103448275869
decision_type=2 2 2 2 2 2 2 2 2 2 2 2 2 2
left_child=1 -1 -3 6 12 11 -2 8 -7 -9 -11 -6 13 -5
right_child=3 2 -4 4 5 7 -8 9 -10 10 -12 -13 -14 -15
leaf_value=-0.035622170855697216 0.00058589651079658583 0.0015950601958104238 0.017301119991209098 -0.026734853553663535 0.098075007174862353 -0.028779747304424785 0.03182732598038799 -0.0074960017540260191 0.045999658618375447 0.078641905636466697 0.0033315715448996408 0.028042584686627826 -0.024043349271536278 0.017203378460395057
leaf_weight=4.1573194004595271 38.167656943202019 126.85443329811096 25.05117467045784 4.8003360927104932 1.0089370012283314 10.325079217553141 6.3324589580297461 11.042802989482881 1.105818212032317 1.6309183984994877 3.9328170567750931 3.670026421546936 24.745441883802414 6.1970379799604416
leaf_count=56 209 423 103 35 3 47 23 42 5 6 14 15 248 33
internal_value=0.000405341 0.00312477 0.00418519 -0.00335178 -0.00880119 0.000433017 0.00503162 -0.00669468 -0.0215456 0.00352777 0.0254076 0.0431439 -0.0172535 -0.00197559
internal_weight=269.022 156.063 151.906 112.959 68.4592 32.7164 44.5001 28.0374 11.4309 16.6065 5.56374 4.67896 35.7428 10.9974
internal_count=1262 582 526 680 448 132 232 114 52 62 20 18 316 68
is_linear=0
shrinkage=0.05


Tree=143
num_leaves=15
num_cat=0
split_feature=2 4 0 2 3 8 5 3 3 2 0 4 2 8
split_gain=1.47469 1.36115 1.16155 1.05077 0.988922 1.20442 1.21614 1.72099 0.941573 1.96496 3.43249 1.71815 1.68718 1.54214
threshold=0.72703081232493005 9.5000000000000018 50.500000000000007 0.7696428571428573 12.500000000000002 1.0000000180025095e-35 3.5000000000000004 2.5000000000000004 17.500000000000004 0.65031897926634785 30.500000000000004 9.5000000000000018 0.7076149425287358 1.0000000180025095e-35
decision_type=2 2 2 2 2 2 2 2 2 2 2 2 2 2
left_child=8 3 -3 -2 5 -5 7 -7 13 -10 -11 -12 -13 -1
right_child=1 2 -4 4 -6 6 -8 -9 9 10 11 12 -14 -15
leaf_value=0.042364469001653249 -0.017789617380457617 -0.030024841629188989 0.010710546444061921 -0.038534994635717558 0.047965018089527231 -0.046082625642884734 0.040176195734026372 0.016149915848290435 0.0015323895129632232 -0.025773227237922774 0.06177109346948223 -0.043693935450173346 0.042563568462532599 0.0036926595676815689
leaf_weight=3.523233383893964 6.1554160416126313 10.473001271486281 2.1010582000017157 1.506454735994337 1.3632735908031453 1.6079711169004438 2.3619275987148285 3.593895822763443 255.14431123435497 15.389631822705271 1.8289120495319355 1.2107797339558604 1.0660251900553701 9.6084116324782372
leaf_count=10 23 70 11 10 4 6 14 12 999 50 5 7 4 37
internal_value=-9.70285e-05 -0.0108108 -0.0232182 -0.00140632 0.00825925 0.00229141 0.0104227 -0.00308705 0.000988717 0.000363327 -0.0149367 0.0256822 -0.00330722 0.0140683
internal_weight=316.934 29.163 12.5741 16.5889 10.4335 9.07025 7.56379 5.20187 287.771 274.64 19.4953 4.10572 2.2768 13.1316
internal_count=1262 150 81 69 46 42 32 18 1112 1065 66 16 11 47
is_linear=0
shrinkage=0.05


Tree=144
num_leaves=15
num_cat=0
split_feature=2 4 3 1 3 1 2 2 2 4 5 4 2 4
split_gain=2.16272 1.35348 2.15838 2.31277 2.803 4.87464 5.43784 7.60093 2.60823 1.63228 1.46691 1.2101 1.18933 1.18443
threshold=0.36523199023199027 9.5000000000000018 31.500000000000004 -2.4999999999999996 47.500000000000007 -1.4999999999999998 0.27207792207792209 0.2991228070175439 0.019237883832778396 11.500000000000002 1.5000000000000002 12.500000000000002 0.37617924528301894 14.500000000000002
decision_type=2 2 2 2 2 2 2 2 2 2 2 2 2 2
left_child=1 10 -3 8 -5 -6 9 -8 11 -7 -1 -4 -2 -13
right_child=12 2 3 4 5 6 7 -9 -10 -11 -12 13 -14 -15
leaf_value=-0.030622568163669889 0.038903087408237655 0.1329897292175152 0.061824721603818016 -0.034536059418893782 0.21777646203928544 0.073415510668712089 0.37166324152113311 -0.034362153134027761 -0.029829864923986101 -0.035199751113965387 0.054914353005158859 -0.050664348045750908 0.001593207638601846 0.025692932014651615
leaf_weight=10.604700051248074 2.1716159507632247 0.2817338109016444 1.1814166195690696 1.2842727899551345 0.3937373794615272 0.45352293923497233 0.24619950354099263 0.21673846617341042 9.7749195843934995 1.457638658583164 0.52609403803944665 0.77592751383781466 130.10316355153918 1.4700441844761369
leaf_count=205 18 1 6 26 4 4 5 5 180 22 7 4 763 12
internal_value=-0.000492548 -0.012943 -0.00428728 -0.00652877 0.0265136 0.0548405 0.027818 0.18157 -0.0166703 -0.00942511 -0.0265797 0.020861 0.00220574 -0.000686614
internal_weight=160.942 28.6669 17.5362 17.2544 4.05211 2.76784 2.3741 0.462938 13.2023 1.91116 11.1308 3.42739 132.275 2.24597
internal_count=1262 481 269 268 66 40 36 10 202 26 212 22 781 16
is_linear=0
shrinkage=0.05


Tree=145
num_leaves=15
num_cat=0
split_feature=3 3 2 2 1 1 8 4 2 3 7 2 2 7
split_gain=1.04168 2.54478 3.00249 3.36298 2.66774 3.7068 1.89993 2.40294 1.94123 1.87797 2.07499 1.6534 1.55283 2.34352
threshold=46.500000000000007 41.500000000000007 0.30272911051212942 0.41588050314465413 1.5000000000000002 -3.4999999999999996 1.0000000180025095e-35 8.5000000000000018 0.12174833635813674 32.500000000000007 1.0000000180025095e-35 0.42179392142327654 0.39529630613871919 1.0000000180025095e-35
decision_type=2 2 2 2 2 2 2 2 2 2 2 2 2 2
left_child=1 2 4 12 5 9 7 -2 -9 -1 -11 -5 13 -4
right_child=6 -3 3 11 -6 -7 -8 8 -10 10 -12 -13 -14 -15
leaf_value=0.088423478075135328 0.019298267945544963 -0.015985482050265475 0.018959676795605541 0.059061406248448522 -0.054218964506493508 0.074718594155636961 0.030431105726756176 -0.01863072333772282 0.0044201470235276808 0.056671981779349567 -0.0028573770658041615 0.00082372199364886276 -0.039528327157368953 -0.029602719593221534
leaf_weight=0.78107577562332053 16.05868773907423 25.862911026924849 4.268158286809923 1.2290758341550816 1.0609157979488362 3.2574551254510871 7.0742393881082526 13.981445074081419 26.341694824397564 1.7864006161689729 8.1070353239774704 144.87856959924102 7.2804370597004882 5.9442428573966026
leaf_count=4 74 133 13 9 3 13 23 56 107 5 50 676 41 55
internal_value=0.000409891 -0.00132702 0.000795743 -0.00116684 0.0222112 0.0280314 0.00600623 0.00294163 -0.0035724 0.0137842 0.0078915 0.00131362 -0.0218847 -0.00930661
internal_weight=267.912 204.456 178.593 163.6 14.9929 13.932 63.4561 56.3818 40.3231 10.6745 9.89344 146.108 17.4928 10.2124
internal_count=1262 1002 869 794 75 72 260 237 163 59 55 685 109 68
is_linear=0
shrinkage=0.05


Tree=146
num_leaves=15
num_cat=0
split_feature=2 4 1 2 8 5 3 3 2 2 4 4 0 1
split_gain=1.38306 1.316 1.82642 1.43154 1.21169 2.50954 1.30085 0.967383 2.00275 2.77423 3.06291 2.46961 2.24361 2.29168
threshold=0.72703081232493005 3.5000000000000004 8.5000000000000018 0.75576441102756908 1.0000000180025095e-35 3.5000000000000004 15.500000000000002 22.500000000000004 0.5147186147186148 0.5196153846153847 17.500000000000004 2.5000000000000004 18.500000000000004 13.500000000000002
decision_type=2 2 2 2 2 2 2 2 2 2 2 2 2 2
left_child=7 2 -2 -3 6 -6 -5 -1 12 -10 11 -11 -9 -14
right_child=1 3 -4 4 5 -7 -8 8 9 10 -12 -13 13 -15
leaf_value=0.0070239130558607523 0.030719108952026737 -0.041339401328181209 -0.03148209097107324 -0.037073424315686172 -0.010362669567066204 0.051360928524621791 0.014842333156570638 -0.001778938927993713 -0.050625167107846036 -0.03582209337786451 -0.06758065566787301 2.9529471966799171e-05 0.012929329932664699 -0.026295060800656557
leaf_weight=53.350117757916451 3.797395437955859 4.4357710182666805 1.7123294472694395 5.6153011992573747 9.5587474182248098 1.9895143359899528 1.5368520617485044 113.67754089832306 3.6266929805278769 5.3103836923837653 1.9227839708328236 50.315921917557716 54.69574236869812 3.9957920685410491
leaf_count=192 14 21 9 47 44 10 5 441 10 16 7 164 264 18
internal_value=-9.67968e-05 -0.0105727 0.011388 -0.0158026 -0.00974517 0.000270964 -0.0259178 0.000949207 -0.000438476 -0.00821057 -0.00553764 -0.00339306 0.00231993 0.0102589
internal_weight=315.541 28.6459 5.50972 23.1362 18.7004 11.5483 7.15215 286.895 233.545 61.1758 57.5491 55.6263 172.369 58.6915
internal_count=1262 150 23 127 106 54 52 1112 920 197 187 180 723 282
is_linear=0
shrinkage=0.05


Tree=147
num_leaves=15
num_cat=0
split_feature=2 1 2 2 2 4 7 4 3 0 2 2 3 4
split_gain=2.05182 1.09815 2.711 4.17713 1.92079 1.29401 4.90028 5.03713 15.1284 2.00234 1.25572 2.33105 1.04344 0.917869
threshold=0.47156334231805935 -8.4999999999999982 0.19139194139194141 0.1937134502923977 0.019237883832778396 14.500000000000002 1.0000000180025095e-35 16.500000000000004 47.500000000000007 32.500000000000007 0.36523199023199027 0.41123949579831937 37.500000000000007 9.5000000000000018
decision_type=2 2 2 2 2 2 2 2 2 2 2 2 2 2
left_child=1 2 4 -4 -1 -3 -7 8 12 -9 -5 -12 -8 -2
right_child=13 5 3 10 -6 6 7 9 -10 -11 11 -13 -14 -15
leaf_value=0.0089751545737656296 -0.0016240554650663421 -0.022454737035491446 0.18269312258799864 -0.036205816998717485 -0.034884107719700991 -0.035105531294394025 0.076166520589585979 -0.034533258340958356 0.41897787513069407 0.10505930274899467 0.073449278043881253 -0.037623549179998689 -0.034634001412092594 0.0071013295613981927
leaf_weight=5.2741518318653089 60.330978766083717 20.130535848438743 0.44516675546765272 0.77631045132875476 4.7396081499755383 3.5638571996241799 0.42050615698099159 1.2270135097205637 0.33017884939908981 0.32492071390151966 1.475516699254513 0.69478896632790554 0.42951994389295578 60.231350123882294
leaf_count=40 309 390 4 13 90 59 4 27 5 1 8 7 9 296
internal_value=-0.000515513 -0.0103541 0.00130218 0.0399369 -0.0117839 -0.0162671 0.00351687 0.0538967 0.131748 -0.00530746 0.0183696 0.0378911 0.0201788 0.00273503
internal_weight=160.394 39.8321 13.4055 3.39178 10.0138 26.4265 6.296 2.73214 1.1802 1.55193 2.94662 2.17031 0.850026 120.562
internal_count=1262 657 162 32 130 495 105 46 18 28 28 15 13 605
is_linear=0
shrinkage=0.05


Tree=148
num_leaves=15
num_cat=0
split_feature=7 3 5 2 0 5 0 0 2 4 3 2 3 4
split_gain=1.03328 2.42934 2.01487 3.77537 1.98922 1.74859 1.2428 2.59818 2.28508 2.12907 1.61509 3.88945 2.43866 1.29665
threshold=1.0000000180025095e-35 8.5000000000000018 1.5000000000000002 0.35924528301886799 28.500000000000004 1.5000000000000002 8.5000000000000018 16.500000000000004 0.46871945259042042 18.500000000000004 36.500000000000007 0.45368782161234994 27.500000000000004 17.500000000000004
decision_type=2 2 2 2 2 2 2 2 2 2 2 2 2 2
left_child=1 -1 3 -3 -2 -6 9 10 -9 -4 11 -8 -13 -10
right_child=4 2 6 -5 5 -7 7 8 13 -11 -12 12 -14 -15
leaf_value=-0.035532638402782916 -0.00091137898473029873 0.0029139799972830588 -0.03165348658742121 0.028492156433296063 -0.035547881290594344 0.0046048865112573627 -0.045173905811436224 -0.0440502073160512 -0.0046949093645463113 0.031307872743640379 0.055640869416648156 0.013859707282798134 0.076515656001430815 0.019920141932718346
leaf_weight=3.9746819511055937 99.691183172166348 50.393226563930511 6.8761247396469098 20.213065654039383 8.1956102736294252 4.0519501566886893 2.4929486513137844 3.4145706743001929 45.871492013335228 1.6685187816619871 2.4364505410194388 10.101274654269217 1.8351164758205403 6.0564516782760611
leaf_count=56 565 153 43 89 100 15 9 13 153 5 7 31 5 18
internal_value=0.000414611 0.00305373 0.00406701 0.0102365 -0.00324762 -0.0222638 -0.00132725 0.000806503 -0.00442932 -0.019359 0.0179871 0.0116291 0.0234925 -0.00182401
internal_weight=267.273 155.334 151.359 70.6063 111.939 12.2476 80.7529 72.2083 55.3425 8.54464 16.8658 14.4293 11.9364 51.9279
internal_count=1262 582 526 242 680 115 284 236 184 48 52 45 36 171
is_linear=0
shrinkage=0.05


Tree=149
num_leaves=15
num_cat=0
split_feature=2 2 6 5 1 3 4 1 0 4 1 7 1 4
split_gain=1.31602 1.31353 1.24965 1.29047 2.03822 1.20495 1.53895 1.72851 1.92998 2.11459 1.88532 1.2225 1.21351 2.36871
threshold=0.66134305835010065 0.66431924882629112 1.0000000180025095e-35 1.5000000000000002 20.500000000000004 22.500000000000004 9.5000000000000018 -14.499999999999998 14.500000000000002 15.500000000000002 -1.4999999999999998 1.0000000180025095e-35 -17.499999999999996 18.500000000000004
decision_type=2 2 2 2 2 2 2 2 2 2 2 2 2 2
left_child=5 -2 3 -3 -5 6 11 -8 -9 10 -10 -1 13 -7
right_child=1 2 -4 4 -6 12 7 8 9 -11 -12 -13 -14 -15
leaf_value=0.013059403662628527 -0.045361842574671907 -0.022643497078240662 -0.038169217491734048 -0.0036499871279263457 0.035410016713438651 -0.0040617302777777404 0.043898784767886695 -0.033758473909143875 0.047635546650603988 0.051977993759151089 -0.020895723292310452 0.044486035612861727 0.0011086524091693476 -0.057121273518297037
leaf_weight=10.778437413275244 2.1438001543283454 7.6813296079635611 2.7732659950852385 40.710168920457363 3.6383270919322959 10.802316099405287 1.8941766768693913 4.4706688523292533 1.254080504178998 1.9868855178356168 5.0239141359925279 4.3407573699951163 214.32589453458786 2.6120191365480414
leaf_count=46 8 44 21 164 13 39 7 13 4 6 19 16 853 9
internal_value=-8.94577e-05 -0.00696773 -0.00546582 -0.00372268 -0.000445525 0.00143176 0.0108954 -0.000665501 -0.00729361 0.00702186 -0.00720604 0.0220821 0.000195552 -0.0143934
internal_weight=314.436 56.9469 54.8031 52.0298 44.3485 257.489 29.7489 14.6297 12.7355 8.26488 6.27799 15.1192 227.74 13.4143
internal_count=1262 250 242 221 177 1012 111 49 42 29 23 62 901 48
is_linear=0
shrinkage=0.05


Tree=150
num_leaves=15
num_cat=0
split_feature=2 4 4 1 4 7 2 5 0 4 2 1 3 4
split_gain=1.95237 1.30332 1.96905 1.68063 3.90117 7.80566 3.71432 1.26211 1.21296 1.47689 1.0763 1.07287 2.32221 1.73286
threshold=0.36523199023199027 9.5000000000000018 16.500000000000004 -4.4999999999999991 14.500000000000002 1.0000000180025095e-35 0.21010186757215624 1.5000000000000002 1.5000000000000002 12.500000000000002 0.37617924528301894 9.5000000000000018 30.500000000000004 16.500000000000004
decision_type=2 2 2 2 2 2 2 2 2 2 2 2 2 2
left_child=1 7 3 8 6 -6 -5 -1 9 -3 -2 12 -12 -13
right_child=10 2 -4 4 5 -7 -8 -9 -10 -11 11 13 -14 -15
leaf_value=-0.030326070265298322 0.037015314722704015 0.06246191478345451 -0.027434288738896515 0.093013225845899189 -0.034741293749264233 0.19902212473935124 -0.035003454715373479 0.04659877323778483 -0.023148817033126077 -0.013350983565095826 0.00073134819610632957 0.0048624967687464589 -0.028717517338341499 0.041038298604394313
leaf_weight=10.095182951539755 2.1636916734278193 1.1451522260904341 5.906883616000413 0.7715147510170931 0.6232723034918306 0.83622092381119728 2.1334570460021496 0.56295279413461763 4.3726417794823647 1.4632030539214609 78.948204610496759 39.675436675548553 7.3145221415907136 3.6116328611969939
leaf_count=205 18 5 98 9 11 8 37 7 93 8 435 190 120 18
internal_value=-0.000503856 -0.0125164 -0.00402401 0.00816429 0.0325025 0.0991941 -0.00100424 -0.026263 -0.00705176 0.0199333 0.00204163 0.00145751 -0.00176573 0.0078808
internal_weight=159.624 27.9105 17.2523 11.3455 4.36447 1.45949 2.90497 10.6581 6.981 2.60836 131.713 129.55 86.2627 43.2871
internal_count=1262 481 269 171 65 19 46 212 106 13 781 763 555 208
is_linear=0
shrinkage=0.05


Tree=151
num_leaves=15
num_cat=0
split_feature=7 3 0 1 5 4 2 5 0 0 3 5 3 0
split_gain=0.965135 2.32106 1.89983 1.88292 1.71366 1.29391 1.27715 3.02233 1.96653 2.02952 1.4552 1.22862 1.63026 1.10402
threshold=1.0000000180025095e-35 8.5000000000000018 28.500000000000004 7.5000000000000009 1.5000000000000002 3.5000000000000004 0.7231800766283526 1.5000000000000002 23.500000000000004 40.500000000000007 21.500000000000004 3.5000000000000004 10.500000000000002 4.5000000000000009
decision_type=2 2 2 2 2 2 2 2 2 2 2 2 2 2
left_child=1 -1 -2 11 -4 -5 7 8 -7 -10 -9 12 -3 -14
right_child=2 3 4 5 -6 6 -8 10 9 -11 -12 -13 13 -15
leaf_value=-0.035443073767457332 -0.0008769371316160265 0.077462858352633002 -0.035472591106550537 0.047681851579033679 0.0044787869701066428 -0.02789681728096919 0.031524943338535234 -0.053934069828138503 0.03902959073004493 -0.022593374924659147 0.0053496811363307126 -0.045632095992890961 -0.01247887987799913 0.003144397356996806
leaf_weight=3.836182113736867 99.592438973486423 0.71144673228263755 7.9282094947993738 2.9480921179056194 4.057924747467041 1.8904084265232111 6.2027372866868964 2.6401199698448172 7.5419890731573087 1.623800992965698 1.702711224555969 1.3691964894533146 12.585772946476935 111.34962068498135
leaf_count=56 565 2 100 12 15 6 21 8 42 9 5 6 60 355
internal_value=0.000402682 0.00296305 -0.00314035 0.00394158 -0.021947 0.0166097 0.0123691 0.00465314 0.018536 0.0281125 -0.0306905 0.00147364 0.00199108 0.00155784
internal_weight=265.981 154.402 111.579 150.566 11.9861 24.5499 21.6018 15.399 11.0562 9.16579 4.34283 126.016 124.647 123.935
internal_count=1262 582 680 526 115 103 91 70 57 51 13 423 417 415
is_linear=0
shrinkage=0.05


Tree=152
num_leaves=15
num_cat=0
split_feature=2 4 1 2 8 5 4 3 2 3 2 0 4 2
split_gain=1.27972 1.25382 1.70513 1.38645 1.12761 2.39447 1.27065 0.9336 1.26661 0.930993 1.78318 3.29505 1.55048 1.56468
threshold=0.72703081232493005 3.5000000000000004 8.5000000000000018 0.75576441102756908 1.0000000180025095e-35 3.5000000000000004 8.5000000000000018 2.5000000000000004 0.93968253968253979 17.500000000000004 0.65031897926634785 30.500000000000004 9.5000000000000018 0.7076149425287358
decision_type=2 2 2 2 2 2 2 2 2 2 2 2 2 2
left_child=9 2 -2 -3 6 7 -5 -6 -9 -1 -11 -12 -13 -14
right_child=1 3 -4 4 5 -7 -8 8 -10 10 11 12 13 -15
leaf_value=0.013994660268567112 0.029947376848954623 -0.040994809525456651 -0.030852317460862436 0.011680938615459538 -0.044205292896486448 0.051097620174494984 -0.037806871601381208 -0.019757868380621577 0.021161027414609717 0.0014091879408554015 -0.025047551877813087 0.060009611908321547 -0.043037576584795303 0.041058102748358138
leaf_weight=12.989002063870428 3.7609742730855968 4.3046710267663029 1.6631034463644025 1.7311873137950904 1.6571727246046046 1.9217101186513907 5.1728591322898865 4.5859689265489578 3.2184025794267654 252.7880887389183 15.196535572409632 1.8181388378143299 1.1417642757296564 1.0728592723608015
leaf_count=47 14 21 9 9 8 10 43 26 10 999 50 5 7 4
internal_value=-8.52279e-05 -0.010282 0.0113053 -0.0154649 -0.00945536 0.000213888 -0.0253978 -0.010121 -0.00288355 0.000917113 0.000292652 -0.0143853 0.0257929 -0.002298
internal_weight=313.022 28.016 5.42408 22.592 18.2873 11.3833 6.90405 9.46154 7.80437 285.006 272.017 19.2293 4.03276 2.21462
internal_count=1262 150 23 127 106 54 52 44 36 1112 1065 66 16 11
is_linear=0
shrinkage=0.05


Tree=153
num_leaves=15
num_cat=0
split_feature=2 4 4 1 4 6 2 5 2 1 3 4 0 1
split_gain=1.84659 1.25723 1.87539 1.60325 4.55334 8.71531 3.78036 1.19434 0.992531 1.01211 2.21866 1.61203 1.24674 1.22736
threshold=0.36523199023199027 9.5000000000000018 16.500000000000004 -2.4999999999999996 14.500000000000002 1.0000000180025095e-35 0.21010186757215624 1.5000000000000002 0.37617924528301894 9.5000000000000018 30.500000000000004 16.500000000000004 50.500000000000007 -10.499999999999998
decision_type=2 2 2 2 2 2 2 2 2 2 2 2 2 2
left_child=1 7 3 -3 6 -6 -5 -1 -2 10 -10 12 -11 -12
right_child=8 2 -4 4 5 -7 -8 -9 9 11 13 -13 -14 -15
leaf_value=-0.030134789617854148 0.035315710397380497 -0.0046594928004071801 -0.027172802117877023 0.098891469171725296 0.28085101912588029 -0.034781780222761544 -0.035019266553650695 0.043747163750630341 0.00067450465548090136 0.0070195404278624697 0.035062024493338381 0.039760267061029746 -0.029811931434226127 -0.035253320510576981
leaf_weight=9.8048111125826836 2.1933035850524893 7.8572678565979031 5.7659810185432425 0.73474980890750874 0.47153809294104565 0.40788820758461952 1.8643269874155519 0.57932463660836298 78.816992349922657 37.072165232151747 0.68686085194349278 3.5833443999290457 2.4494250789284697 6.4331017620861521
leaf_count=205 18 121 98 7 4 7 32 7 435 178 6 18 12 114
internal_value=-0.000505261 -0.0122897 -0.00395695 0.00785188 0.0361127 0.134457 0.00283682 -0.026013 0.00196287 0.00139597 -0.00174015 0.00764836 0.00473684 -0.02847
internal_weight=158.721 27.4859 17.1018 11.3358 3.4785 0.879426 2.59908 10.3841 131.235 129.042 85.937 43.1049 39.5216 7.11996
internal_count=1262 481 269 171 50 11 39 212 781 763 555 208 190 120
is_linear=0
shrinkage=0.05


Tree=154
num_leaves=15
num_cat=0
split_feature=3 2 2 8 4 2 4 2 3 0 0 0 3 2
split_gain=0.931847 2.46923 3.14617 1.73174 2.21148 1.83874 1.52682 2.80873 2.328 1.99253 1.56702 2.07807 1.49794 1.41845
threshold=46.500000000000007 0.18090909090909094 0.18719676549865233 1.0000000180025095e-35 8.5000000000000018 0.12174833635813674 15.500000000000002 0.17301587301587304 48.500000000000007 7.5000000000000009 11.500000000000002 14.500000000000002 64.500000000000014 0.23736536868268435
decision_type=2 2 2 2 2 2 2 2 2 2 2 2 2 2
left_child=1 -1 -3 4 -2 12 8 -8 -7 -10 -11 -12 -6 -13
right_child=3 2 -4 -5 5 6 7 -9 9 10 11 13 -14 -15
leaf_value=-0.040254003057882903 0.018502643969292635 0.08719596494578559 -0.00092732640330422012 0.029203126283215381 -0.025501878159964759 0.057834976214980072 0.01263489210496057 -0.039753859901488747 0.056142001265401489 -0.034181255797055804 0.048770072547085909 -0.041690799078048742 0.018857306961058012 0.0092733271038642397
leaf_weight=3.9794007614254943 16.002270363271236 1.0180779695510853 196.88194743916392 6.9726788848638526 11.584765240550039 2.5449639707803753 5.7544135451316816 4.6065031960606575 1.7066013514995564 2.8173963725566855 2.3643228560686094 1.9469218924641607 2.2772275954484931 4.5701267272233963
leaf_count=25 74 3 974 23 46 11 18 23 5 13 10 8 10 19
internal_value=0.000400059 -0.00125812 -0.000473984 0.00570111 0.00278397 -0.00347727 0.00428705 -0.0106573 0.0139945 0.00567158 -0.00169098 0.00861576 -0.0182146 -0.00595184
internal_weight=265.028 201.879 197.9 63.1482 56.1755 40.1732 26.3112 10.3609 15.9503 13.4054 11.6988 8.88137 13.862 6.51705
internal_count=1262 1002 977 260 237 163 107 41 66 55 50 37 56 27
is_linear=0
shrinkage=0.05


Tree=155
num_leaves=15
num_cat=0
split_feature=2 4 1 2 8 5 3 0 5 4 3 2 2 1
split_gain=1.19375 1.19481 1.58844 1.33215 1.08354 2.23948 1.2868 0.914412 1.38875 1.52509 0.913438 1.84157 1.5721 1.94231
threshold=0.72703081232493005 3.5000000000000004 8.5000000000000018 0.75576441102756908 1.0000000180025095e-35 3.5000000000000004 15.500000000000002 27.500000000000004 1.5000000000000002 15.500000000000002 22.500000000000004 0.64537223340040251 0.60673847003590176 -14.499999999999998
decision_type=2 2 2 2 2 2 2 2 2 2 2 2 2 2
left_child=10 2 -2 -3 6 7 -5 -6 -9 -10 12 -12 -1 -14
right_child=1 3 -4 4 5 -7 -8 8 9 -11 11 -13 13 -15
leaf_value=0.031726371052870676 0.029164731984696175 -0.040644774057037487 -0.030202747033124117 -0.036803303762298852 -0.029229804188693011 0.050298663761201769 0.015455941136790824 -0.037635736635676376 0.034905347000335971 -0.036809481774122257 0.00031128859271503092 -0.025813588852539052 0.030266897518962645 -8.1649161390725061e-05
leaf_weight=5.6563626527786246 3.721120938658717 4.1649083197116878 1.6160312443971632 5.2402733713388452 3.6499542295932752 1.865932077169419 1.5195054709911344 1.5401392951607702 3.1482762843370438 0.96967569738626469 224.74697434902191 6.9543093368411055 6.0511431246995917 40.950609184801579
leaf_count=22 14 21 9 47 14 10 5 12 10 8 895 25 28 142
internal_value=-8.28465e-05 -0.010043 0.0111889 -0.0151708 -0.0092548 0.00030433 -0.0250561 -0.00971776 0.00286919 0.0180183 0.000878139 -0.000472827 0.00682253 0.00382551
internal_weight=311.795 27.4358 5.33715 22.0987 17.9338 11.174 6.75978 9.30805 5.65809 4.11795 284.359 231.701 52.6581 47.0018
internal_count=1262 150 23 127 106 54 52 44 30 18 1112 920 192 170
is_linear=0
shrinkage=0.05


Tree=156
num_leaves=15
num_cat=0
split_feature=2 1 2 2 2 4 1 3 2 3 2 2 1 1
split_gain=1.73773 1.0611 2.37485 3.20641 1.85577 1.1819 2.34361 1.41003 4.20414 1.61868 1.10666 2.0626 1.06626 5.80835
threshold=0.47156334231805935 -8.4999999999999982 0.19139194139194141 0.1937134502923977 0.019237883832778396 11.500000000000002 9.5000000000000018 47.500000000000007 0.27207792207792209 29.500000000000004 0.36523199023199027 0.41123949579831937 -2.4999999999999996 -1.4999999999999998
decision_type=2 2 2 2 2 2 2 2 2 2 2 2 2 2
left_child=1 2 4 -4 -1 -3 7 9 12 -7 -5 -12 -9 -14
right_child=-2 5 3 10 -6 6 -8 8 -10 -11 11 -13 13 -15
leaf_value=0.0094101843801686381 0.0024520609560925504 -0.02474930318877493 0.15438331996556948 -0.036017922375347011 -0.034770004692167795 0.063512267509101411 0.077801731950975353 -0.034603367819508735 0.13732054249776798 -0.034820851556426391 0.068113418011520946 -0.037555269618097152 0.16789747937570085 -0.034988513515299434
leaf_weight=5.1798124089837057 119.67735647037625 14.927698913961651 0.50267784297466223 0.72278201580047641 4.3925016559660435 0.45679935812949768 0.82947441935539323 1.8477213382720947 0.57700637355446804 4.9922342002391815 1.4938651695847514 0.66845225542783726 0.48229112476110469 1.3135537356138227
leaf_count=40 605 314 4 13 90 3 6 36 8 103 8 7 3 22
internal_value=-0.000517076 -0.00977385 0.00187005 0.0378479 -0.010863 -0.0157088 -0.00285485 -0.0097737 0.011921 -0.0265775 0.0175437 0.0354473 -0.00793761 0.0194984
internal_weight=158.064 38.3869 12.9601 3.38778 9.57231 25.4268 10.4991 9.66961 4.22057 5.44903 2.8851 2.16232 3.64357 1.79584
internal_count=1262 657 162 32 130 495 181 175 69 106 28 15 61 25
is_linear=0
shrinkage=0.05


Tree=157
num_leaves=15
num_cat=0
split_feature=7 3 1 0 2 3 5 2 4 5 3 2 2 3
split_gain=0.927386 2.18627 1.82749 1.81382 1.96646 1.94528 3.5015 2.46963 2.83352 2.22147 1.55041 1.72587 1.89126 3.33276
threshold=1.0000000180025095e-35 8.5000000000000018 7.5000000000000009 14.500000000000002 0.62828947368421062 23.500000000000004 1.5000000000000002 0.3984126984126985 16.500000000000004 3.5000000000000004 25.500000000000004 0.31203515889114269 0.27793103448275869 39.500000000000007
decision_type=2 2 2 2 2 2 2 2 2 2 2 2 2 2
left_child=1 -1 -3 4 -2 9 10 -8 -9 -5 -7 12 -12 -14
right_child=3 2 -4 5 -6 6 7 8 -10 -11 11 -13 13 -15
leaf_value=-0.035350303455450212 0.00051401012456441647 0.001418260705875223 0.016431351857804956 -0.030090603570400162 0.030896005827955361 0.023682022488321186 0.083150954064841562 0.00049547229340625811 0.056186706189462435 0.04544259553882541 -0.026358578836542614 -0.02741735854898792 -0.039498400837801928 0.039372432780130223
leaf_weight=3.6450651027262202 37.887704983353615 125.60126187652349 24.170775592327118 13.327575404196976 6.1970282495021811 2.4503045119345215 1.1470568478107477 17.578946039080623 2.625042960047721 1.0501283407211293 4.6751066371798533 17.716076780110598 1.9193106442689893 4.4329987466335297
leaf_count=56 209 423 103 85 23 20 4 67 9 5 35 190 10 23
internal_value=0.000391205 0.00290997 0.00384113 -0.00308985 0.00478483 -0.00827724 -0.00381806 0.0117831 0.00773127 -0.0245738 -0.0144965 -0.0177511 -0.00222182 0.0155421
internal_weight=264.424 153.417 149.772 111.007 44.0847 66.9225 52.5448 21.351 20.204 14.3777 31.1938 28.7435 11.0274 6.35231
internal_count=1262 582 526 680 232 448 358 80 76 90 278 258 68 33
is_linear=0
shrinkage=0.05


Tree=158
num_leaves=15
num_cat=0
split_feature=2 4 1 2 8 5 3 3 2 3 2 0 4 2
split_gain=1.13382 1.13962 1.49638 1.28962 1.03858 2.13627 1.24891 0.899809 1.13661 0.898801 1.62404 3.03495 1.46429 1.42964
threshold=0.72703081232493005 3.5000000000000004 8.5000000000000018 0.75576441102756908 1.0000000180025095e-35 3.5000000000000004 15.500000000000002 2.5000000000000004 0.93968253968253979 17.500000000000004 0.65031897926634785 30.500000000000004 9.5000000000000018 0.7076149425287358
decision_type=2 2 2 2 2 2 2 2 2 2 2 2 2 2
left_child=9 2 -2 -3 6 7 -5 -6 -9 -1 -11 -12 -13 -14
right_child=1 3 -4 4 5 -7 -8 8 -10 10 11 12 13 -15
leaf_value=0.013720120203253304 0.028426776530512229 -0.040360392683876457 -0.029618770763823424 -0.036678567364332601 -0.043664061876508946 0.0498211590093652 0.01488547287772189 -0.018739336565878586 0.020411658939737155 0.0013098164465122023 -0.024156620050800534 0.058225334671571399 -0.042514124476885823 0.038104594607489918
leaf_weight=12.968362651765345 3.6912100613117245 4.0555803328752544 1.5879714190959928 5.0818390920758256 1.5920279696583728 1.8188122957944877 1.527201175689697 4.4233095496892929 3.1912872120738029 251.74547916650772 15.015438772737982 1.8040930628776539 1.1092373654246332 1.0905844569206236
leaf_count=47 14 21 9 47 8 10 5 26 10 999 50 5 7 4
internal_value=-6.98828e-05 -0.00986681 0.0109667 -0.0149375 -0.00909077 0.000303889 -0.0247633 -0.00947848 -0.0023311 0.000861329 0.000245453 -0.0138428 0.0248362 -0.00254656
internal_weight=310.702 26.9692 5.27918 21.6901 17.6345 11.0254 6.60904 9.20662 7.6146 283.733 270.765 19.0194 4.00391 2.19982
internal_count=1262 150 23 127 106 54 52 44 36 1112 1065 66 16 11
is_linear=0
shrinkage=0.05


Tree=159
num_leaves=15
num_cat=0
split_feature=2 4 4 1 4 2 2 0 6 2 2 0 2 3
split_gain=1.64233 1.2151 1.73944 1.3656 3.14537 3.24823 1.72178 1.1081 3.33459 0.899954 0.99188 1.00299 0.948844 1.27481
threshold=0.36523199023199027 9.5000000000000018 16.500000000000004 -2.4999999999999996 14.500000000000002 0.21010186757215624 0.27207792207792209 6.5000000000000009 1.0000000180025095e-35 0.37617924528301894 0.36579089924160352 11.500000000000002 0.40336728919071879 40.500000000000007
decision_type=2 2 2 2 2 2 2 2 2 2 2 2 2 2
left_child=1 7 3 -3 5 -5 -6 8 -1 10 -2 -12 -11 -14
right_child=9 2 -4 4 6 -7 -8 -9 -10 12 11 -13 13 -15
leaf_value=-0.036442211445944776 0.076648147266688518 -0.0042815851386005729 -0.026692189811124867 0.086403324692136949 0.048527672337991198 -0.034913633337699361 0.17774230891048662 -0.034361909773149547 0.098564370015432792 -0.034388696903842893 0.050747403611317909 -0.035015867281267751 0.0012997384087250724 0.055342983079039058
leaf_weight=1.4386900253593942 0.82991509139537734 7.7216666415333775 5.4997059348970643 0.80431994423270214 0.57791265845298745 1.7570818550884721 0.46543984115123749 7.814532533288002 0.67055070400238026 1.8406890034675587 0.67327842116355896 0.69056224450469017 125.33772611245513 1.1007819026708592
leaf_count=17 4 121 98 7 7 32 4 193 2 45 2 12 704 14
internal_value=-0.000519456 -0.0118055 -0.00362159 0.00758068 0.0329906 0.00318178 0.10617 -0.0256817 0.00647786 0.00179444 0.0335488 0.00732233 0.00125139 0.00177024
internal_weight=157.223 26.7499 16.8261 11.3264 3.60475 2.5614 1.04335 9.92377 2.10924 130.473 2.19376 1.36384 128.279 126.439
internal_count=1262 481 269 171 50 39 11 212 19 781 18 14 763 718
is_linear=0
shrinkage=0.05


Tree=160
num_leaves=15
num_cat=0
split_feature=0 7 5 2 2 2 2 4 2 5 3 2 4 1
split_gain=0.877763 1.68118 3.63417 2.24783 2.28714 2.07894 1.93519 1.90154 4.17722 1.79537 2.21335 1.7327 2.03396 1.44025
threshold=17.500000000000004 1.0000000180025095e-35 1.5000000000000002 0.35924528301886799 0.25931034482758625 0.46871945259042042 0.26587828859952173 17.500000000000004 0.69905660377358492 1.5000000000000002 23.500000000000004 0.29701013096120588 8.5000000000000018 -1.0000000180025095e-35
decision_type=2 2 2 2 2 2 2 2 2 2 2 2 2 2
left_child=-1 2 3 4 -2 -4 -6 13 -9 -3 -11 -8 -13 -7
right_child=1 9 5 -5 6 7 11 8 -10 10 -12 12 -14 -15
leaf_value=0.0034641582743276111 0.046663191655889905 -0.018213402967044715 -0.043652799175043097 0.025688433063926354 -0.067229816358018377 -0.020030676804666553 0.032794828037047308 0.058027455136723888 -0.02957103763444905 -0.021388393848394679 0.0093787214377031927 0.0079020068507944241 -0.064443721692394068 -0.00070450787611300381
leaf_weight=123.30961010232568 1.8038282096385971 27.371395651251078 3.3455486595630637 20.117163687944412 1.4818657040596006 13.607681859284638 2.1345299929380417 3.5200758278369895 2.2187251076102257 8.4518835619092005 18.954865112900734 2.2692554593086247 1.6988615691661832 33.063709057867527
leaf_count=535 6 271 13 95 4 57 7 10 9 41 71 10 5 128
internal_value=0.000387923 -0.00232081 0.00207036 0.0162606 -0.00394116 -0.00543901 -0.0159764 -0.00299968 0.0241603 -0.00915559 -0.000109455 -0.00353089 -0.0230712 -0.00633932
internal_weight=263.349 140.039 85.2612 29.5055 9.38834 55.7557 7.58451 52.4102 5.7388 54.7781 27.4067 6.10265 3.96812 46.6714
internal_count=1262 727 344 127 32 217 26 204 19 383 112 22 15 185
is_linear=0
shrinkage=0.05


Tree=161
num_leaves=15
num_cat=0
split_feature=2 4 0 2 3 2 2 4 4 0 1 2 3 2
split_gain=1.06564 1.09563 0.988777 1.00169 0.881582 1.69339 2.62263 2.86082 2.32786 2.04909 2.04532 1.75476 2.16188 2.57937
threshold=0.72703081232493005 9.5000000000000018 50.500000000000007 0.93968253968253979 22.500000000000004 0.5147186147186148 0.5196153846153847 17.500000000000004 2.5000000000000004 18.500000000000004 13.500000000000002 0.64537223340040251 24.500000000000004 0.62095088819226762
decision_type=2 2 2 2 2 2 2 2 2 2 2 2 2 2
left_child=4 -2 -3 -4 -1 9 -7 8 -8 -6 -11 12 -10 -14
right_child=1 2 3 -5 5 6 7 -9 11 10 -12 -13 13 -15
leaf_value=0.0066856568246318809 -0.00098957677645364448 -0.028460403494078773 -0.036916155187408477 0.037852549038341426 -0.0018630628142810787 -0.048988491880977314 -0.03436378780803364 -0.065299462085020799 0.025359047573875495 0.012299851548478773 -0.02516531385316504 -0.023843057974026128 -0.0052712054739284062 0.052981563500083276
leaf_weight=52.388505429029465 15.309804163873197 9.1840165928006154 0.7016308605670919 1.238989971578121 112.31946835666895 3.6108501553535453 5.3362075686454764 1.9046860188245762 9.313002832233904 53.501993216574192 3.9090456739068022 6.5025004744529715 32.089946746826172 2.0199077129364005
leaf_count=192 69 70 6 5 441 10 16 7 31 264 18 24 103 6
internal_value=-6.62363e-05 -0.00966669 -0.0216082 0.0108199 0.000830852 -0.000499796 -0.00766148 -0.0050511 -0.00297454 0.00206466 0.0097489 0.000380459 0.00400789 -0.00182161
internal_weight=309.331 26.4344 11.1246 1.94062 282.896 230.508 60.7771 57.1663 55.2616 169.731 57.411 49.9254 43.4229 34.1099
internal_count=1262 150 81 11 1112 920 197 187 180 723 282 164 140 109
is_linear=0
shrinkage=0.05


Tree=162
num_leaves=15
num_cat=0
split_feature=2 1 2 2 2 4 1 3 2 3 2 2 1 1
split_gain=1.54482 1.0022 2.09839 2.5332 1.80445 1.0977 2.08886 1.30257 3.08437 1.53396 1.00067 1.85853 0.981181 4.59999
threshold=0.47156334231805935 -8.4999999999999982 0.19139194139194141 0.1937134502923977 0.019237883832778396 11.500000000000002 9.5000000000000018 47.500000000000007 0.27207792207792209 29.500000000000004 0.36523199023199027 0.41123949579831937 -2.4999999999999996 -1.4999999999999998
decision_type=2 2 2 2 2 2 2 2 2 2 2 2 2 2
left_child=1 2 4 -4 -1 -3 7 9 12 -7 -5 -12 -9 -14
right_child=-2 5 3 10 -6 6 -8 8 -10 -11 11 -13 13 -15
leaf_value=0.0095401825749130316 0.0022473473642185978 -0.02427404377723557 0.13361955737223827 -0.035869860500553734 -0.034693993914216952 0.059947654855511338 0.071185821173165478 -0.034537942268873176 0.10736154804425609 -0.034794274622739617 0.063734415052647875 -0.037419893861779158 0.13679555843351926 -0.034920302896563102
leaf_weight=5.1503714136779291 119.19365676492453 14.2797858864069 0.55232052877545301 0.68855895474553142 4.1739668641239405 0.46902303770184151 0.87115906924009401 1.7587425261735916 0.69289467856287945 4.7954946625977755 1.5116017013788225 0.64906988665461529 0.5624680593609811 1.27201621979475
leaf_count=40 605 314 4 13 90 3 6 36 8 103 8 7 3 22
internal_value=-0.000535262 -0.00939692 0.00200215 0.0356176 -0.0102609 -0.0152695 -0.00293173 -0.00969234 0.0107722 -0.0263536 0.0166201 0.0333475 -0.0078535 0.0177292
internal_weight=156.621 37.4275 12.7259 3.40155 9.32434 24.7016 10.4218 9.55064 4.28612 5.26452 2.84923 2.16067 3.59323 1.83448
internal_count=1262 657 162 32 130 495 181 175 69 106 28 15 61 25
is_linear=0
shrinkage=0.05


Tree=163
num_leaves=15
num_cat=0
split_feature=7 3 5 2 0 5 3 2 3 0 3 4 8 0
split_gain=0.835093 2.07676 1.65841 3.42764 1.65767 1.69306 1.19196 1.75312 2.5687 1.745 2.20668 1.4253 1.62069 1.324
threshold=1.0000000180025095e-35 8.5000000000000018 1.5000000000000002 0.35924528301886799 28.500000000000004 1.5000000000000002 46.500000000000007 0.019237883832778396 69.500000000000014 18.500000000000004 37.500000000000007 6.5000000000000009 1.0000000180025095e-35 11.500000000000002
decision_type=2 2 2 2 2 2 2 2 2 2 2 2 2 2
left_child=1 -1 3 6 -2 -6 9 8 -8 10 -3 -9 -13 -12
right_child=4 2 -4 -5 5 -7 7 11 -10 -11 13 12 -14 -15
leaf_value=-0.035278527738828405 -0.00084440262575995293 0.052143081402338171 -0.001235343276540242 0.02726829065048747 -0.035295881465983024 0.0051123136347548783 -0.055142370469433002 0.046883221671760136 0.019992925741267532 -0.043944293718483816 -0.038900808390710272 0.004690324877691136 0.045857013070991298 0.0001191130621851925
leaf_weight=3.5005059465765944 98.514430895447731 1.7169664502143884 79.697767920792103 19.253842115402222 7.3400896489620191 4.0075177699327469 2.4714384526014319 2.7665134221315411 2.10761359333992 2.839246153831481 2.7603096216917029 22.464860484004024 2.675573617219924 10.23462402820587
leaf_count=56 565 5 284 89 100 15 9 11 8 9 9 64 9 29
internal_value=0.000394587 0.00278901 0.00368341 0.0093409 -0.00292888 -0.0210253 0.0024426 0.0081149 -0.0205596 -0.00805645 -0.00113046 0.0128199 0.00907149 -0.00816928
internal_weight=262.351 152.489 148.989 69.291 109.862 11.3476 50.0371 32.486 4.57905 17.5511 14.7119 27.9069 25.1404 12.9949
internal_count=1262 582 526 242 680 115 153 101 17 52 43 84 73 38
is_linear=0
shrinkage=0.05


Tree=164
num_leaves=15
num_cat=0
split_feature=2 4 1 2 8 5 4 0 2 2 2 2 4 3
split_gain=1.00181 1.05452 1.39975 1.25957 0.968291 2.03073 1.25547 0.880076 1.30408 0.918824 0.859413 0.825889 1.04018 0.692821
threshold=0.72703081232493005 3.5000000000000004 8.5000000000000018 0.75576441102756908 1.0000000180025095e-35 3.5000000000000004 8.5000000000000018 27.500000000000004 0.79288856304985345 0.93968253968253979 0.72111111111111115 0.75576441102756908 1.5000000000000002 49.500000000000007
decision_type=2 2 2 2 2 2 2 2 2 2 2 2 2 2
left_child=10 2 11 -3 6 7 -5 -6 -9 -10 13 -2 -13 -1
right_child=1 3 -4 4 5 -7 -8 8 9 -11 -12 12 -14 -15
leaf_value=0.0017141829791912082 0.063791401071149043 -0.04004834286499042 -0.029065857754774122 0.01295892938215476 -0.028360801378272432 0.049706542147289701 -0.037483331968923589 0.054116654459449326 -0.038528162187182774 0.0089171477684469296 0.031488570587719547 -0.020330681434787969 0.043538934683057688 -0.0047947234798011492
leaf_weight=229.9443001896143 1.1025044322013884 3.9001724496483829 1.5507050082087515 1.6795068532228477 3.5621007159352285 1.7585197389125831 4.6456583216786385 1.0348658189177511 1.5982602164149282 2.8225196450948715 2.2637957334518424 1.2593395784497263 1.2909440100193021 49.723964788019657
leaf_count=917 3 21 9 9 14 10 43 6 12 12 9 5 6 186
internal_value=-6.38902e-05 -0.00941514 0.0107353 -0.0144077 -0.0085601 0.00055494 -0.0240895 -0.00902995 0.00359156 -0.00823592 0.000805292 0.0276319 0.0119999 0.000556924
internal_weight=308.137 26.2051 5.20349 21.0016 17.1014 10.7763 6.32517 9.01775 5.45565 4.42078 281.932 3.65279 2.55028 279.668
internal_count=1262 150 23 127 106 54 52 44 30 24 1112 14 11 1103
is_linear=0
shrinkage=0.05


Tree=165
num_leaves=15
num_cat=0
split_feature=2 4 4 0 4 2 3 0 6 2 1 3 4 0
split_gain=1.48339 1.17991 1.60659 1.21122 3.13367 3.05011 1.3934 1.01426 2.88983 0.854354 0.934569 1.98442 1.52289 1.12169
threshold=0.36523199023199027 9.5000000000000018 16.500000000000004 14.500000000000002 14.500000000000002 0.21320346320346323 47.500000000000007 6.5000000000000009 1.0000000180025095e-35 0.37617924528301894 9.5000000000000018 30.500000000000004 16.500000000000004 33.500000000000007
decision_type=2 2 2 2 2 2 2 2 2 2 2 2 2 2
left_child=1 7 3 -3 5 -5 -6 8 -1 -2 11 -11 13 -12
right_child=9 2 -4 4 6 -7 -8 -9 -10 10 12 -13 -14 -15
leaf_value=-0.036368146502712917 0.032931723179769709 -0.0039987988069522451 -0.0262317441257683 0.14507163667301942 0.029259981622703286 -0.034771527217068762 0.12341990705796224 -0.034297410527684563 0.087686840812549821 0.00032692329204835264 0.014104008810179494 -0.028012588092351288 0.038677866150085012 -0.0030105573530552765
leaf_weight=1.4070552997291108 2.1461095064878455 7.7003021091222781 5.257139164954423 0.27263433486223299 0.68610156700015046 1.743050569668412 0.91940185055136681 7.347923718392849 0.70448434352874745 78.371362335979939 16.763113003224134 6.7057056538760653 3.5173835381865493 22.32273393496871
leaf_count=17 18 120 98 2 7 35 7 193 2 435 79 120 18 111
internal_value=-0.000538271 -0.0114301 -0.00339021 0.00721626 0.0310646 -0.0104466 0.0831813 -0.0255208 0.00502099 0.0016462 0.00112034 -0.00190677 0.00716537 0.00432953
internal_weight=155.865 26.0381 16.5786 11.3215 3.62119 2.01568 1.6055 9.45946 2.11154 129.826 127.68 85.0771 42.6032 39.0858
internal_count=1262 481 269 171 51 37 14 212 19 781 763 555 208 190
is_linear=0
shrinkage=0.05


Tree=166
num_leaves=15
num_cat=0
split_feature=7 3 0 3 1 4 2 5 0 2 3 4 0 5
split_gain=0.789172 1.98708 1.62445 1.73668 2.17442 3.0235 1.64179 2.47411 2.17171 2.08401 1.77791 1.73823 1.57848 1.65443
threshold=1.0000000180025095e-35 8.5000000000000018 8.5000000000000018 49.500000000000007 1.5000000000000002 9.5000000000000018 0.21320346320346323 1.5000000000000002 16.500000000000004 0.46871945259042042 27.500000000000004 17.500000000000004 28.500000000000004 1.5000000000000002
decision_type=2 2 2 2 2 2 2 2 2 2 2 2 2 2
left_child=1 -1 -3 6 -5 -6 11 10 -9 -10 -8 -4 -2 -14
right_child=12 2 3 4 5 -7 7 8 9 -11 -12 -13 13 -15
leaf_value=-0.035214744756609094 -0.00083329067877894016 -0.008604464819678111 -0.0047111259868975993 0.045930654893950519 0.044969102591571185 -0.02311032246106922 0.035310927043625054 0.016776187677884257 -0.043107249477220333 -0.0017938905138994211 0.0095954809211969711 -0.056023201917062185 -0.035222643200803698 0.0049283646516139895
leaf_weight=3.3754843864589921 98.41605669260025 23.088833995163441 7.7402918040752393 5.7980605661869031 2.7256099879741669 4.0604147911071777 9.5367204993963224 15.845743790268896 3.2451690286397925 51.418652817606926 22.76872630417347 2.0977791249752045 7.0982927083969098 4.0178835093975067
leaf_count=56 565 97 22 16 10 11 48 49 13 171 83 6 100 15
internal_value=0.000383627 0.00271879 0.00358205 0.00582877 0.0234454 0.00423381 0.00386087 0.00572804 0.00047797 -0.0042465 0.0171868 -0.0156524 -0.00285056 -0.0207103
internal_weight=261.234 151.701 148.326 125.237 12.5841 6.78602 112.653 102.815 70.5096 54.6638 32.3054 9.83807 109.532 11.1162
internal_count=1262 582 526 429 37 21 392 364 233 184 131 28 680 115
is_linear=0
shrinkage=0.05


Tree=167
num_leaves=15
num_cat=0
split_feature=2 5 4 0 4 2 2 3 3 3 2 0 4 2
split_gain=0.954684 1.03237 1.22552 1.46069 1.14335 1.11743 1.24037 1.18358 0.87632 0.819559 1.49599 2.92209 1.37254 2.02586
threshold=0.72703081232493005 1.5000000000000002 15.500000000000002 48.500000000000007 3.5000000000000004 0.75576441102756908 0.82497911445279881 14.500000000000002 16.500000000000004 17.500000000000004 0.65031897926634785 30.500000000000004 9.5000000000000018 0.71320346320346328
decision_type=2 2 2 2 2 2 2 2 2 2 2 2 2 2
left_child=9 -2 3 4 8 -6 7 -7 -3 -1 -11 -12 -13 -14
right_child=1 2 -4 -5 5 6 -8 -9 -10 10 11 12 13 -15
leaf_value=0.013102409449608325 -0.037742398076959491 0.036497235965604696 -0.036360561574216521 0.052348777336687781 -0.040162932627915433 0.04492342783734328 -0.017594672081862248 -0.0071762389806372022 -0.0080261442890901952 0.0012250273631707297 -0.023541929746143712 0.057195014206660746 -0.042031764114453703 0.056809364176812642
leaf_weight=12.898654282093046 2.8318770378828075 2.5534606426954367 2.8616759777069083 1.1897326111793507 2.7729257419705382 1.9667478799819926 7.2293291613459587 2.4456525146961212 1.9484876692295072 249.45493268221617 14.87238045781851 1.7917377650737756 1.2814722582697871 0.8706076145172118
leaf_count=47 22 12 29 5 14 7 46 9 6 999 50 5 8 3
internal_value=-5.31614e-05 -0.00925824 -0.00574624 -0.00138899 -0.00476875 -0.0116384 -0.00484423 0.0160462 0.0172271 0.000791488 0.000199571 -0.0133954 0.0248679 -0.00204633
internal_weight=306.97 25.7999 22.968 20.1063 18.9166 14.4147 11.6417 4.4124 4.50195 281.17 268.271 18.8162 3.94382 2.15208
internal_count=1262 150 128 99 94 76 62 16 18 1112 1065 66 16 11
is_linear=0
shrinkage=0.05


Tree=168
num_leaves=15
num_cat=0
split_feature=2 4 4 1 4 7 2 0 4 0 6 2 2 1
split_gain=1.39259 1.14808 1.53349 1.10818 1.75173 3.69292 2.47664 1.0316 1.37306 0.985636 2.67938 0.866957 0.792236 0.87937
threshold=0.36523199023199027 9.5000000000000018 16.500000000000004 -4.4999999999999991 14.500000000000002 1.0000000180025095e-35 0.21010186757215624 1.5000000000000002 12.500000000000002 6.5000000000000009 1.0000000180025095e-35 0.019237883832778396 0.37617924528301894 9.5000000000000018
decision_type=2 2 2 2 2 2 2 2 2 2 2 2 2 2
left_child=1 9 3 7 6 -6 -5 8 -3 10 -1 -4 -2 -14
right_child=12 2 11 4 5 -7 -8 -9 -10 -11 -12 -13 13 -15
leaf_value=-0.036261954210107361 0.031524704668025504 0.059359668204173703 0.021655941345738908 0.064199363404254209 -0.034962390470023134 0.11082369406927871 -0.034722950769029197 -0.022087452153049445 -0.013787531916451282 -0.034259910662294807 0.083041595274325974 -0.034820270853952083 -0.0018882857040198198 0.0069273794658860138
leaf_weight=1.3653347082436105 2.1693540550768367 1.1425292454659968 0.80589482560753722 0.97452864423394148 0.6542948484420773 1.2924459278583527 1.8039673548191784 4.0281694307923317 1.4631341733038423 7.0855944994837046 0.71816065907478321 4.3335886336863041 84.797286355867982 42.448554433882236
leaf_count=17 18 5 8 9 11 8 37 93 8 193 2 90 555 208
internal_value=-0.000546718 -0.0111857 -0.00330248 0.00695111 0.0254554 0.0618253 -2.69754e-05 -0.00622941 0.018286 -0.0253705 0.00486082 -0.0259645 0.00156337 0.00105257
internal_weight=155.083 25.6676 16.4986 11.3591 4.72524 1.94674 2.7785 6.63383 2.60566 9.16909 2.0835 5.13948 129.415 127.246
internal_count=1262 481 269 171 65 19 46 106 13 212 19 98 781 763
is_linear=0
shrinkage=0.05


Tree=169
num_leaves=15
num_cat=0
split_feature=0 7 5 2 2 2 2 4 2 2 4 5 3 1
split_gain=0.749289 1.45294 3.0783 2.04873 2.06641 1.91655 1.78875 1.71783 3.767 1.61772 1.80687 1.59897 2.09468 1.35583
threshold=17.500000000000004 1.0000000180025095e-35 1.5000000000000002 0.35924528301886799 0.25931034482758625 0.46871945259042042 0.26587828859952173 17.500000000000004 0.69905660377358492 0.29701013096120588 8.5000000000000018 1.5000000000000002 23.500000000000004 -1.0000000180025095e-35
decision_type=2 2 2 2 2 2 2 2 2 2 2 2 2 2
left_child=-1 2 3 4 -2 -4 -6 13 -9 -8 -11 -3 -13 -7
right_child=1 11 5 -5 6 7 9 8 -10 10 -12 12 -14 -15
leaf_value=0.0032198487868867649 0.04546193182873276 -0.017378030478704391 -0.042701543167455891 0.024568376003955131 -0.064588355977104495 -0.019268301093849676 0.032337063060167079 0.05469500923967946 -0.028730757982674944 0.0077173486745329388 -0.060368642990903276 -0.02101071386900678 0.0090443555068520764 -0.00037409344509365967
leaf_weight=122.97138615325093 1.7156209647655503 26.301000155508518 3.1668628752231589 19.292825762182474 1.4812472462654112 13.367000147700308 2.0873940736055374 3.5760640799999228 2.1767661161720753 2.2282157242298131 1.7317576408386228 8.3377237394452113 19.026352509856224 32.77678344398737
leaf_count=535 6 271 13 95 4 57 7 10 9 10 5 41 71 128
internal_value=0.000385267 -0.00215413 0.00196735 0.0152948 -0.00405914 -0.00493972 -0.015344 -0.0026354 0.0231282 -0.00328205 -0.0220577 -0.00857466 -0.000113303 -0.0058474
internal_weight=260.237 137.266 83.6005 28.5371 9.24424 55.0635 7.52861 51.8966 5.75283 6.04737 3.95997 53.6651 27.3641 46.1438
internal_count=1262 727 344 127 32 217 26 204 19 22 15 383 112 185
is_linear=0
shrinkage=0.05


Tree=170
num_leaves=15
num_cat=0
split_feature=2 5 4 0 4 2 2 3 3 2 2 4 4 0
split_gain=0.906205 0.994915 1.17525 1.38041 1.07321 1.0837 1.17746 1.08679 0.839939 1.53799 2.48484 2.59933 2.18234 1.85378
threshold=0.72703081232493005 1.5000000000000002 15.500000000000002 48.500000000000007 3.5000000000000004 0.75576441102756908 0.82497911445279881 14.500000000000002 22.500000000000004 0.5147186147186148 0.5196153846153847 17.500000000000004 2.5000000000000004 18.500000000000004
decision_type=2 2 2 2 2 2 2 2 2 2 2 2 2 2
left_child=8 -2 3 4 -3 -6 7 -7 -1 13 -11 12 -12 -10
right_child=1 2 -4 -5 5 6 -8 -9 9 10 11 -13 -14 -15
leaf_value=0.0065052720118999388 -0.037604768638680938 0.016754781600657041 -0.036234008424260972 0.051421733790612302 -0.039900223985450865 0.042893465464481667 -0.017238921712724811 -0.0068785915160895347 -0.001803236034688682 -0.047693889865537499 -0.03314563911201298 -0.0625202357164375 0.00043187666888791889 0.0093275967242770954
leaf_weight=51.98199699819088 2.7306373566389111 4.4468340724706747 2.7604395002126685 1.1636322885751713 2.6999098733067504 1.9954864382743815 7.1810948625206947 2.4352362006902695 111.69301991909742 3.5945350825786582 5.3625216782093039 1.8875148445367802 49.57785602658987 56.241661205887794
leaf_count=192 22 18 29 5 14 7 46 9 441 10 16 7 164 282
internal_value=-5.06105e-05 -0.00909147 -0.00565891 -0.0014224 -0.00470043 -0.0113668 -0.00473242 0.0155375 0.000768961 -0.000536823 -0.00737769 -0.00482757 -0.0028455 0.0019245
internal_weight=305.752 25.4133 22.6826 19.9222 18.7586 14.3117 11.6118 4.43072 280.339 228.357 60.4224 56.8279 54.9404 167.935
internal_count=1262 150 128 99 94 76 62 16 1112 920 197 187 180 723
is_linear=0
shrinkage=0.05


Tree=171
num_leaves=15
num_cat=0
split_feature=2 4 4 3 3 1 1 4 3 4 2 1 1 0
split_gain=1.31606 1.11267 1.46348 1.08297 1.13067 1.82783 2.33626 1.56049 1.40009 1.34499 2.52799 0.971976 3.57177 0.960112
threshold=0.36523199023199027 9.5000000000000018 16.500000000000004 55.500000000000007 47.500000000000007 -2.4999999999999996 3.5000000000000004 12.500000000000002 31.500000000000004 14.500000000000002 0.21320346320346323 -8.4999999999999982 -9.4999999999999982 6.5000000000000009
decision_type=2 2 2 2 2 2 2 2 2 2 2 2 2 2
left_child=1 13 3 4 8 7 9 -6 -3 10 -7 12 -10 -1
right_child=-2 2 -4 -5 5 6 -8 -9 11 -11 -12 -13 -14 -15
leaf_value=0.004769447183398166 0.0014863345363344174 0.084577366068738558 -0.025738407415344462 -0.034558301427355005 0.046820556625755919 0.11264192387254367 -0.035231178229459495 -0.021588029834072431 -0.034489673870885099 0.12890142482532357 -0.035128874774775352 -0.034354768869698259 0.2077924371985776 -0.034226747755323764
leaf_weight=2.0517362914979476 129.09899886883795 0.35818302631378385 5.0147728361189357 1.3941636364907015 1.2923369705677035 0.65145128965377874 0.53619549423456181 2.3487192802131176 0.57818580232560635 0.87540308386087407 0.52081383764743805 2.5604323744773847 0.20642817392945501 6.8418071698397398
leaf_count=19 781 1 98 30 9 3 8 24 14 5 8 64 5 193
internal_value=-0.000554867 -0.0109992 -0.00325208 0.00670735 0.0125021 0.0255166 0.0576791 0.00269255 -0.00937455 0.0820083 0.0469903 -0.0194348 0.0292536 -0.0252303
internal_weight=154.33 25.2306 16.3371 11.3223 9.92815 6.22492 2.58386 3.64106 3.70323 2.04767 1.17227 3.34505 0.784614 8.89354
internal_count=1262 481 269 171 141 57 24 33 84 16 11 83 19 212
is_linear=0
shrinkage=0.05


Tree=172
num_leaves=15
num_cat=0
split_feature=3 3 2 2 1 1 3 7 2 4 8 2 2 7
split_gain=0.726366 2.37256 2.47428 3.01801 2.44772 3.13308 1.73003 2.03348 1.63744 1.5843 1.85683 1.73774 1.52292 2.11526
threshold=46.500000000000007 41.500000000000007 0.30272911051212942 0.41588050314465413 1.5000000000000002 -3.4999999999999996 33.500000000000007 1.0000000180025095e-35 0.42179392142327654 8.5000000000000018 1.0000000180025095e-35 0.12174833635813674 0.39529630613871919 1.0000000180025095e-35
decision_type=2 2 2 2 2 2 2 2 2 2 2 2 2 2
left_child=1 2 4 12 5 6 -1 -8 -5 -2 11 -11 13 -4
right_child=9 -3 3 8 -6 -7 7 -9 -10 10 -12 -13 -14 -15
leaf_value=0.062870091643860801 0.018494434466012576 -0.015435042344938213 0.018562956152464706 0.059766073269387258 -0.053342119980264037 0.067572374335562221 0.053314857718667653 -0.0068513828267649252 0.0010058389319717938 -0.017960605226567467 0.026047361805466265 0.0039994609663839137 -0.039201193687338598 -0.028769324968925692
leaf_weight=1.4690748751163472 16.280969403684139 25.190588314086199 4.1561854779720324 1.1957926973700512 1.0499689280986775 3.4031625539064398 1.7288965880870799 7.4809288680553436 139.14671911299229 13.766721293330191 6.0931023508310309 26.064762808382511 6.8237656056880942 5.4630284532904625
leaf_count=8 77 133 13 9 3 13 5 46 676 56 20 107 41 55
internal_value=0.000382279 -0.00110433 0.000995506 -0.000867997 0.0203036 0.0257946 0.0124809 0.00444321 0.00150651 0.00509284 0.000341769 -0.00359047 -0.0211346 -0.00831841
internal_weight=259.314 197.108 171.918 156.785 15.132 14.0821 10.6789 9.20983 140.343 62.2056 45.9246 39.8315 16.443 9.61921
internal_count=1262 1002 869 794 75 72 59 51 685 260 183 163 109 68
is_linear=0
shrinkage=0.05


Tree=173
num_leaves=15
num_cat=0
split_feature=2 4 0 2 3 2 1 1 2 3 4 2 0 1
split_gain=0.855983 0.972949 0.890993 0.820007 0.786597 1.55253 1.82383 3.33956 1.52415 1.30265 1.5732 3.27661 1.35737 2.72906
threshold=0.72703081232493005 9.5000000000000018 50.500000000000007 0.93968253968253979 22.500000000000004 0.60673847003590176 -14.499999999999998 -2.4999999999999996 0.64537223340040251 19.500000000000004 3.5000000000000004 0.62828947368421062 33.500000000000007 17.500000000000004
decision_type=2 2 2 2 2 2 2 2 2 2 2 2 2 2
left_child=4 -2 -3 -4 5 -1 -7 -8 -6 12 11 -11 -9 -14
right_child=1 2 3 -5 8 6 7 9 -10 10 -12 -13 13 -15
leaf_value=0.031463141507967932 -0.00069544169002735739 -0.027455162624069076 -0.036353014290832951 0.035571020581140846 0.00019486217360514696 0.029247425115670484 -0.025171888034380741 0.029127243729237241 -0.024060706905391881 0.041374653145895571 0.0069704615795952206 -0.059360417123195813 -0.047268956756760808 0.039379955526472547
leaf_weight=5.4847813099622718 14.826339200139047 8.4935391545295698 0.59606723114848037 1.1823669373989103 221.02616084367037 5.922046795487403 10.219241142272947 9.8309199661016482 6.6720560714602462 1.1488816142082243 12.886599130928515 2.714636966586113 1.9353320077061646 1.7130586951971052
leaf_count=22 69 70 6 5 895 28 33 30 25 5 48 9 11 6
internal_value=-4.43052e-05 -0.00888957 -0.0207168 0.0114647 0.000749822 0.00630753 0.0033321 -0.000462136 -0.000515879 0.00789114 -0.0014198 -0.0294052 0.0194614 -0.00658399
internal_weight=304.652 25.0983 10.272 1.77843 279.554 51.8555 46.3707 40.4487 227.698 30.2294 16.7501 3.86352 13.4793 3.64839
internal_count=1262 150 81 11 1112 192 170 142 920 109 62 14 47 17
is_linear=0
shrinkage=0.05


Tree=174
num_leaves=15
num_cat=0
split_feature=2 1 2 2 2 1 4 7 3 4 2 1 4 2
split_gain=1.26264 0.923242 1.83183 1.891 1.63774 1.00603 1.61898 2.46891 1.32467 1.68105 1.06269 1.29564 1.03341 0.915378
threshold=0.47156334231805935 -8.4999999999999982 0.19139194139194141 0.1937134502923977 0.019237883832778396 -4.4999999999999991 11.500000000000002 1.0000000180025095e-35 41.500000000000007 16.500000000000004 0.16941270263087962 -2.4999999999999996 15.500000000000002 0.41123949579831937
decision_type=2 2 2 2 2 2 2 2 2 2 2 2 2 2
left_child=1 2 4 -4 -1 -3 -7 10 12 -10 11 -8 -9 -5
right_child=-2 5 3 13 -6 6 7 8 9 -11 -12 -13 -14 -15
leaf_value=0.0089633237306688072 0.0019607835918730443 -0.034398051895690326 0.11389539014827482 0.031672832272776744 -0.034556257972775346 -0.02129992602254039 -0.034374422394106735 -0.034928752590528474 0.088530488380575451 -0.034290781350441772 -0.035112095286598581 0.10213385271375486 0.038536290279588443 -0.037209630687606896
leaf_weight=5.0669416412711126 118.21628373861313 5.0329411551356342 0.6035329252481455 2.1520962882786994 3.7704631220549345 11.014872761443259 0.34736800566315651 0.82179009728133712 1.5508499182760713 0.33960215374827374 2.8073546588420868 0.3479210883378977 1.1465459298342464 0.62161751464009274
leaf_count=40 605 127 4 21 90 252 8 19 14 9 52 2 12 7
internal_value=-0.000525826 -0.00877753 0.00236568 0.0336879 -0.00960423 -0.0145919 -0.00916737 0.00898652 0.0365741 0.0664668 -0.0214062 0.033934 0.00786427 0.0162356
internal_weight=153.84 35.6239 12.2147 3.37725 8.8374 23.4092 18.3763 7.36143 3.85879 1.89045 3.50264 0.695289 1.96834 2.77371
internal_count=1262 657 162 32 130 495 368 116 54 23 62 10 31 28
is_linear=0
shrinkage=0.05


Tree=175
num_leaves=15
num_cat=0
split_feature=7 3 0 3 1 3 2 5 0 2 3 0 4 0
split_gain=0.715662 1.8909 1.52398 1.60973 2.03103 2.75711 1.54934 2.23688 1.95558 1.90003 1.71951 2.22631 1.89596 2.15592
threshold=1.0000000180025095e-35 8.5000000000000018 8.5000000000000018 49.500000000000007 1.5000000000000002 52.500000000000007 0.21320346320346323 1.5000000000000002 16.500000000000004 0.46871945259042042 22.500000000000004 40.500000000000007 11.500000000000002 23.500000000000004
decision_type=2 2 2 2 2 2 2 2 2 2 2 2 2 2
left_child=1 -1 -3 6 -5 -6 -4 10 -9 -10 -8 12 13 -12
right_child=-2 2 3 4 5 -7 7 8 9 -11 11 -13 -14 -15
leaf_value=-0.035156215766147574 -0.0027285130452190014 -0.0084439659130122451 -0.015278457938667046 0.04445961050674007 0.049446298777116066 -0.01881629115171839 0.039517019708755187 0.015996115143978543 -0.042235559999442056 -0.0016716485127436537 -0.010908118965683049 -0.062990447574314282 0.030904434066453924 0.030147231401141145
leaf_weight=3.2444611247628918 108.64963100105524 22.808136351406574 9.7908446937799436 5.7533219754695875 2.2171389311552048 4.4442885220050812 6.4888199269771603 15.867942854762076 3.059547781944274 51.137333288788795 9.9212222099304253 0.98602074384689231 9.6133205741643888 4.7184518650174132
leaf_count=56 680 97 28 16 8 13 35 49 13 171 29 6 36 25
internal_value=0.000361999 0.00259979 0.00343421 0.00561907 0.0226984 0.00390371 0.00371883 0.00554607 0.000558341 -0.00396158 0.0165605 0.0106585 0.0136528 0.00232426
internal_weight=258.7 150.051 146.806 123.998 12.4147 6.66143 111.584 101.793 70.0648 54.1969 31.7278 25.239 24.253 14.6397
internal_count=1262 582 526 429 37 21 392 364 233 184 131 96 90 54
is_linear=0
shrinkage=0.05


Tree=176
num_leaves=15
num_cat=0
split_feature=2 5 4 0 4 2 2 3 3 2 1 7 3 4
split_gain=0.798826 0.957025 1.12581 1.27516 1.14564 0.914491 1.48513 1.00076 0.83903 0.76149 0.628404 1.63364 0.989635 0.887706
threshold=0.72703081232493005 1.5000000000000002 15.500000000000002 44.500000000000007 3.5000000000000004 0.75576441102756908 0.82497911445279881 14.500000000000002 16.500000000000004 0.72111111111111115 9.5000000000000018 1.0000000180025095e-35 48.500000000000007 8.5000000000000018
decision_type=2 2 2 2 2 2 2 2 2 2 2 2 2 2
left_child=9 -2 3 4 8 -6 7 -7 -3 10 -1 12 -12 -13
right_child=1 2 -4 -5 5 6 -8 -9 -10 -11 11 13 -14 -15
leaf_value=0.0014141457977416231 -0.037375729635387177 0.035537484515889756 -0.036083814216280249 0.034592463805132638 -0.039635044452039976 0.041470405161248808 -0.022732730792972972 -0.0062924228336406762 -0.0082942971227503281 0.029642893105468238 -0.032531673473089461 0.0074592649455257776 0.029180930371794422 -0.010239488391212189
leaf_weight=240.2280103713274 2.5927057825028923 2.4817128181457617 2.6181447245180598 2.2108883857727042 2.6112214997410765 2.0125188976526243 6.0095782801508904 2.4100434333086014 1.9493983834981916 2.2579936012625685 6.7090996280312529 16.246795989573005 0.71927830576896656 12.563153594732283
leaf_count=942 22 12 29 8 14 7 43 9 6 9 54 62 4 41
internal_value=-4.20136e-05 -0.00862328 -0.0052809 -0.00118413 -0.00571062 -0.0131726 -0.00654891 0.0154424 0.0162544 0.000724482 0.000488296 -0.00564927 -0.0265561 -0.00025863
internal_weight=303.621 24.8962 22.3035 19.6854 17.4745 13.0434 10.4321 4.42256 4.43111 278.724 276.466 36.2383 7.42838 28.8099
internal_count=1262 150 128 99 91 73 59 16 18 1112 1103 161 58 103
is_linear=0
shrinkage=0.05


Tree=177
num_leaves=15
num_cat=0
split_feature=3 4 0 2 3 0 1 3 3 2 2 1 4 0
split_gain=1.23164 1.35108 1.39821 1.50217 1.32096 1.63616 2.19857 2.05009 1.73396 1.5386 2.66859 2.2515 2.37696 1.30454
threshold=55.500000000000007 9.5000000000000018 18.500000000000004 0.49164578111946539 34.500000000000007 33.500000000000007 13.500000000000002 27.500000000000004 18.500000000000004 0.64850506548060305 0.66904761904761911 3.5000000000000004 2.5000000000000004 37.500000000000007
decision_type=2 2 2 2 2 2 2 2 2 2 2 2 2 2
left_child=1 2 -1 13 5 6 7 8 -5 -10 -11 -12 -13 -4
right_child=-2 -3 3 4 -6 -7 -8 -9 9 10 11 12 -14 -15
leaf_value=-0.017680839260110919 -0.034369642437101937 0.0046266448044816211 -0.024234587783576542 -0.013831447757055877 0.057426284222591523 -0.01696146448623195 0.053316003224457453 -0.04047301269099967 0.0018758740104291936 0.069434881972908619 -0.04589369802759425 -0.020833274007186729 0.046315034216838108 0.071288062153392409
leaf_weight=16.417102627456188 2.6398284863680592 78.357929902151227 8.342702286317941 7.9352282956242588 1.0681259632110585 9.7817619852721673 2.3070601522922507 2.5247165709733954 13.119258821010591 2.7913063764572126 1.3659076094627378 1.9256641864776609 4.1759529262781143 0.37342405319213945
leaf_count=212 66 596 159 41 3 54 7 17 68 10 6 8 14 1
internal_value=-0.000512688 8.12307e-05 -0.00485677 -0.00107774 0.00245812 0.00117972 0.00608917 0.00286927 0.00636385 0.0132187 0.0277243 0.0121332 0.0251231 -0.0201421
internal_weight=153.126 150.486 72.1282 55.7111 46.995 45.9269 36.1451 33.838 31.3133 23.3781 10.2588 7.46752 6.10162 8.71613
internal_count=1262 1196 600 388 228 225 171 164 147 106 38 28 22 160
is_linear=0
shrinkage=0.05


Tree=178
num_leaves=15
num_cat=0
split_feature=3 2 2 4 8 2 4 2 3 0 2 0 0 4
split_gain=0.684771 2.29544 2.82971 1.46953 1.73477 1.60412 1.48332 2.45136 2.11319 1.85653 1.47701 1.47607 1.72682 1.46569
threshold=46.500000000000007 0.18090909090909094 0.18719676549865233 8.5000000000000018 1.0000000180025095e-35 0.12174833635813674 15.500000000000002 0.17301587301587304 48.500000000000007 7.5000000000000009 0.019237883832778396 11.500000000000002 14.500000000000002 14.500000000000002
decision_type=2 2 2 2 2 2 2 2 2 2 2 2 2 2
left_child=1 -1 -3 -2 5 13 8 -8 -7 -10 -6 -11 -13 -5
right_child=3 2 -4 4 10 6 7 -9 9 11 -12 12 -14 -15
leaf_value=-0.039565177517544473 0.017853790798674888 0.082622774981213509 -0.000776431298142657 -0.045137873859225582 -0.014272768922305158 0.054981400081694623 0.010591114882540907 -0.03872951548565301 0.054615715968276204 -0.033436112065890727 0.040803265773688535 0.044532802286431167 -0.0052615563322904266 -0.0076725549353514003
leaf_weight=3.8020773231983176 16.246000699698925 1.0225341618061055 190.91451857611537 3.5209387242794028 1.692631646990775 2.5629108399152782 5.7525211721658689 4.4824988543987274 1.6725629568099964 2.788088083267211 4.3347388207912445 2.3945182859897596 6.3806690201163292 10.095446363091467
leaf_count=25 77 3 974 15 6 11 18 23 5 13 14 10 27 41
internal_value=0.000355595 -0.0010942 -0.000332127 0.00493836 0.000344769 -0.00345433 0.00381892 -0.0110092 0.0134251 0.00537841 0.0253366 -0.00174349 0.00832602 -0.0173604
internal_weight=257.663 195.739 191.937 61.9235 45.6775 39.6502 26.0338 10.235 15.7987 13.2358 6.02737 11.5633 8.77519 13.6164
internal_count=1262 1002 977 260 183 163 107 41 66 55 20 50 37 56
is_linear=0
shrinkage=0.05


Tree=179
num_leaves=15
num_cat=0
split_feature=2 4 0 3 2 1 1 2 3 3 4 2 1 2
split_gain=0.755262 0.919588 0.840849 0.784389 1.49057 1.70461 3.12614 1.4238 1.26608 1.22511 1.51188 3.11372 1.22773 1.71346
threshold=0.72703081232493005 9.5000000000000018 50.500000000000007 22.500000000000004 0.60673847003590176 -14.499999999999998 -2.4999999999999996 0.64537223340040251 24.500000000000004 19.500000000000004 3.5000000000000004 0.62828947368421062 3.5000000000000004 0.67890835579514841
decision_type=2 2 2 2 2 2 2 2 2 2 2 2 2 2
left_child=3 -2 -3 4 -1 -6 -7 -5 -9 12 11 -11 -8 -14
right_child=1 2 -4 7 5 6 9 8 -10 10 -12 -13 13 -15
leaf_value=0.031104395990783712 -0.00050363189215719864 -0.026925159307160548 0.011605944333702579 0.00012061295207366034 0.028637558938955338 -0.024194730844596182 0.035308069951396036 -0.036303192656688348 0.013768876247957829 0.041032540653062846 0.0069552326595661365 -0.058414165257857191 0.05062188511549829 -0.0082672556529683437
leaf_weight=5.4082491546869269 14.648670271039011 8.1653523743152601 1.712938968092202 219.81056914106011 5.8232584446668616 10.215614676475523 6.2363891899585742 4.9108685106039038 1.6992673873901365 1.1174231618642836 12.846369557082651 2.6628101766109467 1.5914082452654836 5.5188033357262611
leaf_count=22 69 70 11 895 28 33 19 20 5 5 48 9 6 22
internal_value=-4.33833e-05 -0.00845399 -0.0202437 0.000699079 0.00627386 0.00335529 -0.000308048 -0.000566959 -0.0234312 0.00783313 -0.00122368 -0.0290181 0.0191157 0.00491332
internal_weight=302.368 24.527 9.87829 277.841 51.4203 46.0121 40.1888 226.421 6.61014 29.9732 16.6266 3.78023 13.3466 7.11021
internal_count=1262 150 81 1112 192 170 142 920 25 109 62 14 47 28
is_linear=0
shrinkage=0.05


Tree=180
num_leaves=15
num_cat=0
split_feature=3 4 2 0 5 5 6 1 2 3 2 3 8 2
split_gain=1.18918 1.25623 1.31825 1.12948 0.98661 2.10311 1.52009 1.32494 1.68969 1.49821 1.49722 1.0556 1.6968 1.34834
threshold=55.500000000000007 9.5000000000000018 0.36523199023199027 6.5000000000000009 1.5000000000000002 2.5000000000000004 1.0000000180025095e-35 -2.4999999999999996 0.019237883832778396 31.500000000000004 0.18090909090909094 17.500000000000004 1.0000000180025095e-35 0.95584415584415605
decision_type=2 2 2 2 2 2 2 2 2 2 2 2 2 2
left_child=1 2 3 -1 7 -6 11 8 -3 -10 -9 13 -13 -7
right_child=-2 4 -4 -5 5 6 -8 10 9 -11 -12 12 -14 -15
leaf_value=0.011700258222307428 -0.034336999358085138 0.026887265212260349 -0.002347218455201265 -0.034156514792236303 -0.0079687617959227318 0.028698284196930615 0.048398893046468897 0.1327562559478995 0.078406440678406852 -0.025870246070276805 0.016786813431642716 -0.041719496342842506 0.012825607135425321 -0.017074217932193322
leaf_weight=1.7208229079842556 2.5549914594739667 2.8873685523867625 63.723613262176514 6.1125502996146679 30.480787361040711 7.023548327386381 2.6775239631533614 0.28206327557564037 0.36659288406372059 5.7053564414381981 20.949990121647716 2.3667796477675429 3.586209811270237 2.0869674757122993
leaf_count=10 66 10 403 187 197 24 15 1 1 132 170 16 18 12
internal_value=-0.000512482 6.3775e-05 -0.00472662 -0.0240828 0.00443531 -2.48904e-06 0.0136843 0.0115234 -0.00460105 -0.0195746 0.0183274 0.00751385 -0.00886034 0.0182131
internal_weight=152.525 149.97 71.557 7.83337 78.4132 48.2218 17.741 30.1914 8.95932 6.07195 21.2321 15.0635 5.95299 9.11052
internal_count=1262 1196 600 197 596 282 85 314 143 133 171 70 34 36
is_linear=0
shrinkage=0.05


Tree=181
num_leaves=15
num_cat=0
split_feature=7 3 0 5 0 3 1 4 3 4 2 5 0 2
split_gain=0.668749 1.81047 1.42781 1.6141 1.39668 1.48711 1.87335 2.64249 1.48064 2.21271 1.4427 2.06652 1.78546 1.83511
threshold=1.0000000180025095e-35 8.5000000000000018 28.500000000000004 1.5000000000000002 8.5000000000000018 49.500000000000007 1.5000000000000002 9.5000000000000018 64.500000000000014 18.500000000000004 0.21320346320346323 1.5000000000000002 16.500000000000004 0.46871945259042042
decision_type=2 2 2 2 2 2 2 2 2 2 2 2 2 2
left_child=1 -1 -2 -4 8 10 -7 -8 9 -3 -6 -12 -13 -14
right_child=2 4 3 -5 5 6 7 -9 -10 -11 11 12 13 -15
leaf_value=-0.03509134691980377 -0.00074024956570021107 -0.022025183844980357 -0.035097563357889099 0.0050980273745611961 -0.014776848563755713 0.042941972551201191 0.043726749595059511 -0.021225155687466885 0.020617834344115959 0.022058244271452983 0.016050882789113787 0.015301198576958342 -0.041873081307704091 -0.0015234142781445376
leaf_weight=3.1311234775930634 97.547550141811371 15.30229034274817 6.6572669036686403 3.9971014708280563 9.7427281588315946 5.6938759088516218 2.5482845082879066 4.0620657801628113 3.7412709891796103 3.4970281422138205 31.277136035263538 15.920361801981924 2.9827731102704993 50.970696985721588
leaf_count=56 565 73 100 15 28 16 10 11 13 11 131 49 13 171
internal_value=0.000352846 0.00252699 -0.00263846 -0.0200178 0.00333521 0.00542889 0.0219206 0.00381375 -0.00810806 -0.0138248 0.00359905 0.00536899 0.000587534 -0.00375411
internal_weight=257.072 148.87 108.202 10.6544 145.739 123.198 12.3042 6.61035 22.5406 18.7993 110.894 101.151 69.8738 53.9535
internal_count=1262 582 680 115 526 429 37 21 97 84 392 364 233 184
is_linear=0
shrinkage=0.05


Tree=182
num_leaves=15
num_cat=0
split_feature=2 5 4 0 4 2 2 2 2 3 4 4 3 0
split_gain=0.732902 0.920082 1.06736 1.21381 0.911894 1.18961 1.13519 2.24532 0.917704 0.927087 0.904453 0.789262 0.921795 0.821208
threshold=0.72703081232493005 1.5000000000000002 15.500000000000002 48.500000000000007 2.5000000000000004 0.75576441102756908 0.7421798631476052 0.77167919799498763 0.82497911445279881 14.500000000000002 9.5000000000000018 5.5000000000000009 2.5000000000000004 28.500000000000004
decision_type=2 2 2 2 2 2 2 2 2 2 2 2 2 2
left_child=-1 -2 3 4 6 -6 -3 -8 9 -7 11 13 -13 -10
right_child=1 2 -4 -5 5 8 7 -9 10 -11 -12 12 -14 -15
leaf_value=0.00068957022389407562 -0.037219121523072725 0.061283034772162098 -0.035946468756073179 0.049554296581463292 -0.039405745119947107 0.040168892110970474 -0.057936965095358388 0.041577930993179392 -0.050552551322589859 -0.0058057063565862118 -0.038957240040490539 -0.017885991009611846 0.035567718730105502 0.015260754616977339
leaf_weight=276.96610813960433 2.4802049100399044 1.0867683291435342 2.483545519411563 1.1133425682783116 2.7274611964821807 2.0288662463426572 0.9844511300325397 1.3361068814992902 1.2887518405914309 2.3862198740243912 2.3719719424843788 1.3872083798050883 1.9267342686653135 0.74972500652074803
leaf_count=1112 22 3 29 5 15 7 3 7 8 9 23 8 7 4
internal_value=-4.1618e-05 -0.00835797 -0.00508509 -0.00113176 -0.00421976 -0.00956686 0.0191109 -0.000639308 -0.00286275 0.015321 -0.0132562 -0.00186652 0.0131921 -0.0263473
internal_weight=301.317 24.3514 21.8712 19.3876 18.2743 14.8669 3.40733 2.32056 12.1395 4.41509 7.72439 5.35242 3.31394 2.03848
internal_count=1262 150 128 99 94 81 13 10 66 16 50 27 15 12
is_linear=0
shrinkage=0.05


Tree=183
num_leaves=15
num_cat=0
split_feature=3 4 0 2 0 0 3 2 3 1 3 2 2 1
split_gain=1.13992 1.1701 1.30197 1.41985 1.97763 1.47515 1.90782 1.81196 1.85625 1.35827 1.87568 0.982813 2.37524 2.13788
threshold=55.500000000000007 9.5000000000000018 18.500000000000004 0.5147186147186148 35.500000000000007 33.500000000000007 18.500000000000004 0.54915769124551239 14.500000000000002 13.500000000000002 27.500000000000004 0.64850506548060305 0.66904761904761911 3.5000000000000004
decision_type=2 2 2 2 2 2 2 2 2 2 2 2 2 2
left_child=1 2 -1 4 -4 6 -5 -7 -9 10 11 -8 -13 -14
right_child=-2 -3 3 5 -6 7 9 8 -10 -11 -12 12 13 -15
leaf_value=-0.01715994869867277 -0.034296068357264453 0.0042652130073464623 -0.024261734811878665 -0.013391003947825773 0.032407401841074511 0.060732188556890249 0.0051038882381188901 0.0071157793931586168 -0.040283421495562494 0.05118717853524251 -0.037589134325462459 0.065338473279849985 -0.04561445867113173 0.024159618080054644
leaf_weight=15.996501171961425 2.4575417824089518 78.020014945417643 10.484858701005576 7.8356541395187369 1.8045069575309742 0.74014788866042991 11.317808356136092 3.5044572539627534 5.0306035280227661 2.3306881785392752 1.8196405619382847 2.8424347713589651 1.3386772274971006 6.101889044046402
leaf_count=212 66 596 167 41 5 2 62 18 33 7 15 10 6 22
internal_value=-0.000520084 3.63751e-05 -0.00460092 -0.000958215 -0.0159407 0.00333756 0.00821206 -0.0143137 -0.0208215 0.0147855 0.011163 0.0152699 0.0264589 0.0116061
internal_weight=151.625 149.168 71.1479 55.1514 12.2894 42.862 33.5868 9.27521 8.53506 25.7511 23.4204 21.6008 10.283 7.44057
internal_count=1262 1196 600 388 172 216 163 53 51 122 115 100 38 28
is_linear=0
shrinkage=0.05


Tree=184
num_leaves=15
num_cat=0
split_feature=7 3 0 5 1 4 3 2 2 2 0 5 0 3
split_gain=0.643443 1.7203 1.3588 1.5738 1.34169 1.20167 1.08598 1.72331 2.75197 1.53612 1.13052 0.939593 0.900589 1.38219
threshold=1.0000000180025095e-35 8.5000000000000018 28.500000000000004 1.5000000000000002 7.5000000000000009 3.5000000000000004 17.500000000000004 0.63714733542319768 0.72703081232493005 0.33568075117370894 38.500000000000007 1.5000000000000002 8.5000000000000018 64.500000000000014
decision_type=2 2 2 2 2 2 2 2 2 2 2 2 2 2
left_child=1 -1 -2 -4 12 -6 -7 9 11 -8 -11 -9 13 -3
right_child=2 4 3 -5 5 6 7 8 -10 10 -12 -13 -14 -15
leaf_value=-0.035018064803031733 -0.00074882656046223323 -0.013409658122850207 -0.035034026551892979 0.0048708128026947713 0.046366680588607864 0.031296747016505588 -0.013637712869923388 -5.8943985649644884e-05 0.029009853021006504 0.044458399265852405 -0.016003603825777316 -0.05001568000944915 0.0032315484397053801 0.019973791010579223
leaf_weight=2.9952243138104668 97.431915748864412 18.656252875924114 6.4392480403184873 4.0091683268547058 2.615224406123164 4.6990264654159573 2.39239254593849 1.2978289127349851 2.450695127248764 4.6062286123633385 0.9290686398744582 3.4254593849182129 100.37904073297977 3.718617007136344
leaf_count=56 565 84 100 15 12 21 10 8 8 27 6 11 326 13
internal_value=0.000351009 0.00248978 -0.00258643 -0.0197221 0.00326366 0.0145122 0.010305 0.00377319 -0.0139823 0.0198406 0.0343102 -0.036289 0.00120958 -0.00786146
internal_weight=256.045 148.165 107.88 10.4484 145.17 22.4159 19.8007 15.1017 7.17398 7.92769 5.5353 4.72329 122.754 22.3749
internal_count=1262 582 680 115 526 103 91 70 27 43 33 19 423 97
is_linear=0
shrinkage=0.05


Tree=185
num_leaves=15
num_cat=0
split_feature=2 5 4 0 4 2 2 2 2 4 3 3 2 0
split_gain=0.699333 0.883171 1.0183 1.14288 0.858901 1.1502 1.06854 2.13175 0.876058 0.867104 0.855088 0.779469 1.24905 2.71971
threshold=0.72703081232493005 1.5000000000000002 15.500000000000002 48.500000000000007 2.5000000000000004 0.75576441102756908 0.7421798631476052 0.77167919799498763 0.82497911445279881 9.5000000000000018 14.500000000000002 17.500000000000004 0.65031897926634785 30.500000000000004
decision_type=2 2 2 2 2 2 2 2 2 2 2 2 2 2
left_child=11 -2 3 4 6 -6 -3 -8 10 -10 -7 -1 -13 -14
right_child=1 2 -4 -5 5 8 7 -9 9 -11 -12 12 13 -15
leaf_value=0.012789815768328161 -0.03707816422933307 0.059634341062472319 -0.035856800839261065 0.048667888860672762 -0.039182825889685871 0.03847463713532423 -0.056734165411419284 0.041224967160946945 -0.0020326857099010423 -0.038850304520513274 -0.0055740628217108559 0.0010318146087846822 -0.022397326301825178 0.024962305904659272
leaf_weight=12.664152912795542 2.3901023827493217 1.0786017179489236 2.3832240030169478 1.0839707106351841 2.6560322344303122 2.0535144060850126 0.97304405272007022 1.2938610315322874 5.3023849725723267 2.289784137159586 2.3771372884511948 245.26220545917749 14.502107329666616 3.8325554057955733
leaf_count=47 22 3 29 5 15 7 3 7 27 23 9 999 50 16
internal_value=-3.6703e-05 -0.00824543 -0.0050389 -0.00119524 -0.00419397 -0.00940467 0.0186687 -0.000822912 -0.00282621 -0.0131368 0.0148416 0.000672908 9.07678e-05 -0.0124976
internal_weight=300.143 23.8817 21.4916 19.1083 18.0244 14.6789 3.34551 2.26691 12.0228 7.59217 4.43065 276.261 263.597 18.3347
internal_count=1262 150 128 99 94 81 13 10 66 50 16 1112 1065 66
is_linear=0
shrinkage=0.05


Tree=186
num_leaves=15
num_cat=0
split_feature=3 4 1 0 2 1 1 2 5 5 6 1 2 3
split_gain=1.09773 1.09897 1.2677 2.12501 2.24708 1.02216 1.50173 2.06431 0.937034 1.95642 1.44858 1.24826 1.57199 1.40552
threshold=55.500000000000007 9.5000000000000018 -12.499999999999998 6.5000000000000009 0.36523199023199027 -10.499999999999998 -5.4999999999999991 0.37377450980392163 1.5000000000000002 2.5000000000000004 1.0000000180025095e-35 -2.4999999999999996 0.019237883832778396 31.500000000000004
decision_type=2 2 2 2 2 2 2 2 2 2 2 2 2 2
left_child=1 2 -1 -4 -5 -6 -7 -8 11 -10 -11 12 -3 -14
right_child=-2 8 3 4 5 6 7 -9 9 10 -12 -13 13 -15
leaf_value=-0.036579812754828474 -0.034261483104963859 0.025408381452620435 0.061429956447943593 -0.034109585902012816 0.05700432444281061 -0.040918104996108533 0.13019644628893087 -0.0012647794126571571 -0.0079214572419386321 0.007147023266519139 0.047993315757414029 0.017600997448234144 0.074892658410444138 -0.025668785135305613
leaf_weight=2.9516885727643958 2.3727045282721511 2.9087268412113207 1.2519874274730671 5.7794468346983185 0.73805743455886741 2.4035938046872536 0.30019181966782227 57.048897182568908 30.322334660217166 14.94503219984472 2.5394065752625457 21.235641030594707 0.37047591805458058 5.5948882680386305
leaf_count=30 66 10 5 187 6 20 4 348 197 70 15 171 1 132
internal_value=-0.00052096 1.85375e-05 -0.00450586 -0.00310377 -0.00432295 -0.00147706 -0.00219941 -0.00057665 0.00411076 -0.000240762 0.0130795 0.0110199 -0.0047286 -0.0194235
internal_weight=150.763 148.39 70.4739 67.5222 66.2702 60.4907 59.7527 57.3491 77.9165 47.8068 17.4844 30.1097 8.87409 5.96536
internal_count=1262 1196 600 570 565 378 372 352 596 282 85 314 143 133
is_linear=0
shrinkage=0.05


Tree=187
num_leaves=15
num_cat=0
split_feature=0 2 2 4 1 7 3 5 4 3 3 3 2 0
split_gain=0.644848 1.2973 1.44363 1.43882 1.31096 1.30861 2.94972 2.02355 1.61926 2.57902 2.13142 1.51774 1.79543 1.44134
threshold=17.500000000000004 0.84119496855345932 0.75576441102756908 13.500000000000002 1.5000000000000002 1.0000000180025095e-35 23.500000000000004 1.5000000000000002 11.500000000000002 28.500000000000004 28.500000000000004 25.500000000000004 0.31881313131313133 25.500000000000004
decision_type=2 2 2 2 2 2 2 2 2 2 2 2 2 2
left_child=-1 2 4 -4 -2 -6 -7 11 9 13 -10 -8 -13 -9
right_child=1 -3 3 -5 5 6 7 8 10 -11 -12 12 -14 -15
leaf_value=0.002994062613225967 -0.01049006537055298 -0.030365158269937794 0.038443003523640412 -0.0096715935233151126 0.0064414900333777739 -0.038130523516846648 0.025945128461955722 -0.031887499710128032 0.068576703711317064 0.036804453433949315 0.0013490811119393146 0.022432938487727226 -0.02432918878342942 0.015678257378928227
leaf_weight=121.56205192394555 35.70515513420105 3.9233115445822468 4.3586390390992156 2.4145367220044136 47.827615521848202 6.0039840415120116 2.3602280765771892 4.5565000325441343 2.5552846491336814 3.601045235991478 2.1889837235212326 2.430027723312377 13.218441791832445 2.4484523087739944
leaf_count=535 159 53 19 9 187 52 20 18 9 13 8 13 158 9
internal_value=0.000359013 -0.00203875 -0.00118169 0.0212909 -0.00242023 0.000884429 -0.00586763 -6.0919e-05 0.0132775 0.00241623 0.0375582 -0.0114303 -0.0170676 -0.0152618
internal_weight=255.154 133.592 129.669 6.77318 122.896 87.1906 39.3629 33.359 15.3503 10.606 4.74427 18.0087 15.6485 7.00495
internal_count=1262 727 674 28 646 487 300 248 57 40 17 191 171 27
is_linear=0
shrinkage=0.05


Tree=188
num_leaves=15
num_cat=0
split_feature=2 5 4 0 4 2 2 2 2 4 3 4 3 0
split_gain=0.664256 0.845602 0.977343 1.09019 0.811595 1.09794 1.01539 2.0169 0.840689 0.828741 0.797159 0.752242 0.876679 0.782317
threshold=0.72703081232493005 1.5000000000000002 15.500000000000002 48.500000000000007 2.5000000000000004 0.75576441102756908 0.7421798631476052 0.77167919799498763 0.82497911445279881 9.5000000000000018 14.500000000000002 5.5000000000000009 2.5000000000000004 28.500000000000004
decision_type=2 2 2 2 2 2 2 2 2 2 2 2 2 2
left_child=-1 -2 3 4 6 -6 -3 -8 10 11 -7 13 -13 -10
right_child=1 2 -4 -5 5 8 7 -9 9 -11 -12 12 -14 -15
leaf_value=0.00064373348518497961 -0.036938816469835073 0.058334534765378344 -0.035755592438944488 0.048020974247019704 -0.038929923598676773 0.037024087867337935 -0.055728231518312382 0.040829893250511472 -0.050359683722165233 -0.038705133477700944 -0.0054393326600309109 -0.017991811644085472 0.03432115659800767 0.014447086935393505
leaf_weight=275.54954056441784 2.2965690530836609 1.0680906474590401 2.3011137917637816 1.0600558668375004 2.5643118247389785 2.0719248354434949 0.95549990236759219 1.2461066767573354 1.2638813480734827 2.2206230089068413 2.3688770085573196 1.3787442594766619 1.9107861742377279 0.73734763264656056
leaf_count=1112 22 3 29 5 15 7 3 7 8 23 9 8 7 4
internal_value=-4.36866e-05 -0.00812332 -0.004994 -0.00123803 -0.00417386 -0.00924285 0.0183309 -0.00107645 -0.00287356 -0.0130697 0.0143726 -0.00231004 0.0123952 -0.0264818
internal_weight=298.993 23.4439 21.1474 18.8462 17.7862 14.5165 3.2697 2.20161 11.9522 7.51138 4.4408 5.29076 3.28953 2.00123
internal_count=1262 150 128 99 94 81 13 10 66 50 16 27 15 12
is_linear=0
shrinkage=0.05


Tree=189
num_leaves=15
num_cat=0
split_feature=3 4 1 0 2 2 5 2 0 3 6 4 0 3
split_gain=1.05858 1.02871 1.22621 2.00791 2.17916 1.75332 0.8757 1.84479 1.97378 2.10892 1.78712 1.19697 1.15518 2.56771
threshold=55.500000000000007 9.5000000000000018 -12.499999999999998 6.5000000000000009 0.36523199023199027 0.37377450980392163 1.5000000000000002 0.56100478468899528 13.500000000000002 23.500000000000004 1.0000000180025095e-35 18.500000000000004 22.500000000000004 15.500000000000002
decision_type=2 2 2 2 2 2 2 2 2 2 2 2 2 2
left_child=1 2 -1 -4 -5 -6 11 8 9 -8 12 -3 -9 -14
right_child=-2 6 3 4 5 -7 7 10 -10 -11 -12 -13 13 -15
leaf_value=-0.036466262399913289 -0.03422898042925384 0.012831264005413493 0.060391084949116658 -0.034082666707404889 0.1127127282726679 -0.0020771696530564039 0.14370481282420586 0.010349063447373939 -0.036245712156051761 -0.0013783730225460956 0.037836669582710286 -0.034717965558334112 0.023562105025752615 -0.020903111325330855
leaf_weight=2.8585171028971663 2.2936614435166112 28.707432625815276 1.2252853214740742 5.5865326914936295 0.33451029285788436 59.97954960167408 0.26722940802573969 17.156745634973049 6.3662330619990826 3.9951893426477909 3.7306086644530287 1.3875135257840145 4.5272679328918484 11.478540703654287
leaf_count=30 66 283 5 187 4 374 1 79 75 33 19 31 20 55
internal_value=-0.000522156 1.63451e-06 -0.00439428 -0.00302852 -0.00420767 -0.00144053 0.00396528 -0.000261113 -0.0186151 0.00771752 0.00502654 0.010639 0.00133557 -0.00832606
internal_weight=149.895 147.601 69.9844 67.1259 65.9006 60.3141 77.6168 47.5218 10.6287 4.26242 36.8932 30.0949 33.1626 16.0058
internal_count=1262 1196 600 570 565 378 596 282 109 34 173 314 154 75
is_linear=0
shrinkage=0.05


Tree=190
num_leaves=15
num_cat=0
split_feature=0 0 2 1 0 0 0 0 0 3 3 4 2 3
split_gain=0.605136 1.05847 1.93726 1.32432 0.847621 0.615062 1.05391 2.00131 1.92481 1.88596 2.22648 1.80586 1.65557 1.4083
threshold=52.500000000000007 40.500000000000007 0.5986111111111112 20.500000000000004 38.500000000000007 17.500000000000004 15.500000000000002 14.500000000000002 12.500000000000002 51.500000000000007 42.500000000000007 15.500000000000002 0.67423506556580881 39.500000000000007
decision_type=2 2 2 2 2 2 2 2 2 2 2 2 2 2
left_child=1 4 -3 -4 5 6 7 8 -1 10 13 -11 -9 -10
right_child=-2 2 3 -5 -6 -7 -8 12 9 11 -12 -13 -14 -15
leaf_value=9.4711216889689512e-05 0.032367809703013249 -0.11292379595762275 0.038792224606270631 -0.026603652017573767 0.033342038828299392 -0.0021052560491529706 0.014339676933369037 -0.027421275891614996 0.018433684074767798 0.091383478692178208 -0.011382328353043612 0.0035841519222561281 0.01817567805393086 0.070362214610269175
leaf_weight=75.22861204110086 1.4674955420196045 0.53114659339189429 0.99908706918358792 3.4387885220348835 1.9639857634901989 124.57218595594168 17.257073162123561 9.6787477768957597 6.7387096881866473 1.5769837498664849 6.0225005000829688 0.93164615333080281 2.5062341988086692 1.6193965375423429
leaf_count=341 10 3 6 28 14 666 73 39 27 6 29 5 8 7
internal_value=0.000352873 0.000167222 -0.0226818 -0.0118813 0.000624857 0.000363794 0.00289403 0.00100033 0.00351927 0.0187731 0.0117946 0.0587769 -0.0180428 0.0284949
internal_weight=254.533 253.065 4.96902 4.43788 248.096 246.132 121.56 104.303 92.1178 16.8892 14.3806 2.50863 12.185 8.35811
internal_count=1262 1252 37 34 1215 1201 535 462 415 74 63 11 47 34
is_linear=0
shrinkage=0.05


Tree=191
num_leaves=15
num_cat=0
split_feature=2 6 4 5 7 2 2 1 2 2 2 4 0 0
split_gain=0.629624 2.39517 2.24128 2.15817 3.04441 2.0956 2.17513 2.00033 1.89958 2.08472 2.03539 2.5242 1.98445 1.79017
threshold=0.43760810476896467 1.0000000180025095e-35 15.500000000000002 1.5000000000000002 1.0000000180025095e-35 0.30272911051212942 0.28119594761551775 20.500000000000004 0.47493734335839605 0.54915769124551239 0.5147186147186148 6.5000000000000009 27.500000000000004 33.500000000000007
decision_type=2 2 2 2 2 2 2 2 2 2 2 2 2 2
left_child=5 2 3 4 -2 6 -1 -5 -6 10 11 -10 -13 -11
right_child=1 -3 -4 7 8 -7 -8 -9 9 13 -12 12 -14 -15
leaf_value=0.0012300501592759834 -0.038079092791827973 -0.036807577962882546 -0.014562429587174098 0.0043690460533689591 0.028101824385756854 0.012821900567335448 -0.023281086622028543 0.042859268361439364 0.02798421844687525 -0.012619101299570704 -0.038955627876021685 -0.067793031652703131 0.0015339867968376369 0.022235404080055289
leaf_weight=88.609805651009083 6.9568292535841456 4.8308448344469062 25.770351774990559 87.758500624448061 4.5967929586768141 35.982230305671692 10.08075290173292 3.5105566531419745 3.7045702040195483 6.6080892980098715 7.1210278272628784 1.8276697695255277 2.3717102110385895 8.3252711296081525
leaf_count=365 57 32 104 321 30 208 38 12 11 19 20 5 7 33
internal_value=-3.87485e-05 -0.00212516 -0.00106843 0.0015505 -0.00790142 0.00249244 -0.00127364 0.00584953 -0.00182589 -0.00641798 -0.0195674 -0.00209966 -0.0286388 0.00681211
internal_weight=298.055 163.382 158.551 132.781 41.512 134.673 98.6906 91.2691 34.5551 29.9583 15.025 7.90395 4.19938 14.9334
internal_count=1262 651 619 515 182 611 403 333 125 95 43 23 12 52
is_linear=0
shrinkage=0.05


Tree=192
num_leaves=15
num_cat=0
split_feature=3 4 1 0 2 2 1 1 0 0 2 0 5 5
split_gain=1.02029 0.943572 1.18879 1.89494 2.12302 3.82864 0.960429 1.38124 0.819906 2.09225 1.13277 1.08798 0.917175 1.32304
threshold=55.500000000000007 9.5000000000000018 -12.499999999999998 6.5000000000000009 0.36523199023199027 0.36579089924160352 -10.499999999999998 -5.4999999999999991 50.500000000000007 40.500000000000007 0.67673784643343937 38.500000000000007 2.5000000000000004 1.5000000000000002
decision_type=2 2 2 2 2 2 2 2 2 2 2 2 2 2
left_child=1 2 -1 -4 -5 -6 -7 -8 9 11 -11 12 13 -3
right_child=-2 8 3 4 5 6 7 -9 -10 10 -12 -13 -14 -15
leaf_value=-0.036353800073188149 -0.03419685096692146 0.0084807447429874668 0.059347282710999011 -0.034056914327209961 0.22187217731518516 0.054321735808805317 -0.040554923947084084 -0.0012195761281658432 -0.027024367795738597 0.097877804719324196 0.027804886673982367 -0.046681804065997284 0.013799573919752657 -0.0071872977858796405
leaf_weight=2.7652137018740168 2.2140699662268153 26.241238567978144 1.2007172107696522 5.4041297938674679 0.19149839878082175 0.74609678983687544 2.3229243196546951 56.848287750035539 2.0989211797714225 0.7386117130517954 2.6316867843270302 1.0916590280830849 16.850940620526671 27.69220033288002
leaf_count=30 66 288 5 187 1 6 20 351 12 6 14 6 83 187
internal_value=-0.000508021 -2.25085e-09 -0.00422911 -0.00289758 -0.0040384 -0.00133956 -0.00205296 -0.00276379 0.00379899 0.00465878 0.0431616 0.00285336 0.00361731 0.000435966
internal_weight=149.038 146.824 69.4789 66.7137 65.5129 60.1088 59.9173 59.1712 77.3453 75.2463 3.3703 71.876 70.7844 53.9334
internal_count=1262 1196 600 570 565 378 377 371 596 584 20 564 558 475
is_linear=0
shrinkage=0.05


Tree=193
num_leaves=15
num_cat=0
split_feature=3 3 2 2 1 1 2 3 7 2 7 8 4 2
split_gain=0.581957 2.20203 2.10709 2.85892 2.31463 2.62041 1.55913 1.5325 1.87349 1.44773 1.95335 1.34527 1.65788 1.43755
threshold=46.500000000000007 41.500000000000007 0.30272911051212942 0.41588050314465413 1.5000000000000002 -3.4999999999999996 0.42179392142327654 33.500000000000007 1.0000000180025095e-35 0.39529630613871919 1.0000000180025095e-35 1.0000000180025095e-35 8.5000000000000018 0.12174833635813674
decision_type=2 2 2 2 2 2 2 2 2 2 2 2 2 2
left_child=1 2 4 9 5 7 -5 -1 -9 10 -4 12 -2 -14
right_child=11 -3 3 6 -6 -7 -8 8 -10 -11 -12 -13 13 -15
leaf_value=0.057851803862507413 0.015868566914432627 -0.014956917884257607 0.01780038094919657 0.058389495518299118 -0.053046327353651238 0.061322363016806047 0.0011014231526073782 0.051573790312688855 -0.0068592695528082422 -0.038803786208654316 -0.028397006033669125 0.025960669283766363 -0.016719272310034557 0.0034484594827047092
leaf_weight=1.5379434823989857 15.503493465483187 24.656733725219965 4.0769068449735624 1.1981555968523014 1.0452598929405201 3.5400180220603934 135.66567049920559 1.681349515914915 7.4495988264679909 6.5625784732401362 5.2151410616934299 6.5735436528921118 13.419791996479033 25.86786375939846
leaf_count=8 74 133 13 9 3 13 676 5 46 41 55 23 56 107
internal_value=0.000347052 -0.00100378 0.0010444 -0.000725464 0.0187636 0.0240462 0.00160294 0.0116776 0.00390044 -0.0208253 -0.0081278 0.00458744 0.0020232 -0.00344039
internal_weight=253.994 192.629 167.973 152.718 15.2542 14.2089 136.864 10.6689 9.13095 15.8546 9.29205 61.3647 54.7911 39.2877
internal_count=1262 1002 869 794 75 72 685 59 51 109 68 260 237 163
is_linear=0
shrinkage=0.05


Tree=194
num_leaves=15
num_cat=0
split_feature=1 4 1 5 0 7 4 2 2 3 2 0 2 4
split_gain=0.632644 1.36942 0.837572 1.83521 2.21484 1.06534 0.951381 1.19729 0.91902 2.6076 1.49968 1.39664 1.03548 1.86628
threshold=9.5000000000000018 16.500000000000004 20.500000000000004 1.5000000000000002 40.500000000000007 1.0000000180025095e-35 13.500000000000002 0.41123949579831937 0.5147186147186148 34.500000000000007 0.47493734335839605 30.500000000000004 0.59402026192241175 11.500000000000002
decision_type=2 2 2 2 2 2 2 2 2 2 2 2 2 2
left_child=-1 2 5 4 -4 -2 7 -7 9 -9 -11 -10 -13 -14
right_child=1 -3 3 -5 -6 6 -8 8 11 10 -12 12 13 -15
leaf_value=0.00092229792641572027 -0.022640883438535757 -0.045252098351621722 0.040968203221245822 0.036576923523202791 -0.039162494381329571 -0.091366956343408634 0.037075104178717233 0.054606390529787413 -0.039313751623354348 0.013232513426515222 -0.054347634430843561 -0.014459143820574309 0.023216216380094502 -0.042580628206108577
leaf_weight=252.88910287246108 8.212159186601637 2.0715343616902819 1.2904637381434434 3.7094710245728493 2.599410954862833 0.38888105750084534 1.4699522852897633 2.3820653706789043 3.0477260202169445 2.0774521902203564 1.3572353124618528 8.2324604094028455 5.9988051801919928 1.3137477934360502
leaf_count=1042 62 18 6 14 21 3 7 9 9 17 4 24 22 4
internal_value=-4.18613e-05 -0.00556435 -0.00361057 0.0114154 -0.0125792 -0.00692223 -0.00200817 -0.00432488 -0.00293817 0.0144072 -0.0134721 -0.00836469 -0.00229688 0.0113954
internal_weight=297.04 44.1514 42.0798 7.59935 3.88987 34.4805 26.2683 24.7984 24.4095 5.81675 3.43469 18.5927 15.545 7.31255
internal_count=1262 220 202 41 27 161 99 92 89 30 21 59 50 26
is_linear=0
shrinkage=0.05


Tree=195
num_leaves=15
num_cat=0
split_feature=3 4 1 0 2 2 0 0 0 2 5 6 5 7
split_gain=0.982259 0.877059 1.15072 1.80134 2.05934 3.07193 0.757222 1.92444 1.01917 0.907949 0.861177 1.25063 1.22287 1.46383
threshold=55.500000000000007 9.5000000000000018 -12.499999999999998 6.5000000000000009 0.36523199023199027 0.36579089924160352 50.500000000000007 40.500000000000007 38.500000000000007 0.67673784643343937 2.5000000000000004 1.0000000180025095e-35 1.5000000000000002 1.0000000180025095e-35
decision_type=2 2 2 2 2 2 2 2 2 2 2 2 2 2
left_child=1 2 -1 -4 -5 -6 7 8 10 -9 12 -12 13 -3
right_child=-2 6 3 4 5 -7 -8 9 -10 -11 11 -13 -14 -15
leaf_value=-0.036245854498103414 -0.034165842780434129 -0.0088397603105931696 0.058344952993115311 -0.034031988109983688 0.18423630380930051 -0.00198248790194201 -0.02622108059326957 0.088116813966904517 -0.045850365150700734 0.02698624291703617 0.0078142795210198457 0.046948106226987182 -0.0069775363724629393 0.016299103421666825
leaf_weight=2.6763116233050814 2.1350711081176987 8.5994889289140719 1.1828410178422917 5.221338413655757 0.22228869795799155 59.719433590769768 2.0645207539200774 0.79366258531808798 1.0632895678281773 2.5883746892213821 14.499020153656604 2.3761496320366851 27.573666948825121 17.730017762631178
leaf_count=30 66 109 5 187 1 377 12 6 6 14 68 15 187 179
internal_value=-0.000496793 -5.46889e-06 -0.00410193 -0.00280528 -0.00391528 -0.00129191 0.00365288 0.00447277 0.00273759 0.0413318 0.00346751 0.0133246 0.000381605 0.00808849
internal_weight=148.445 146.31 69.0222 66.3459 65.1631 59.9417 77.2882 75.2237 71.8416 3.38204 70.7783 16.8752 53.9032 26.3295
internal_count=1262 1196 600 570 565 378 596 584 564 20 558 83 475 288
is_linear=0
shrinkage=0.05


Tree=196
num_leaves=15
num_cat=0
split_feature=0 2 2 4 0 1 2 2 4 3 0 2 3 0
split_gain=0.57954 1.17788 1.31561 1.35981 1.22193 1.21465 1.23629 2.26387 1.62771 1.59108 3.0456 1.45205 0.982536 2.11849
threshold=17.500000000000004 0.84119496855345932 0.75576441102756908 13.500000000000002 36.500000000000007 1.5000000000000002 0.25931034482758625 0.26587828859952173 11.500000000000002 19.500000000000004 31.500000000000004 0.71764549561520075 29.500000000000004 25.500000000000004
decision_type=2 2 2 2 2 2 2 2 2 2 2 2 2 2
left_child=-1 2 5 4 -4 -2 -7 -8 9 10 -9 -11 13 -10
right_child=1 -3 3 -5 -6 6 7 8 12 11 -12 -13 -14 -15
leaf_value=0.0028422418810089452 -0.010123077391151522 -0.029558545838824266 0.054660994865277583 -0.0098044545392463999 -0.0034466118295045176 0.044385490796236715 -0.061408010235567058 -0.050694390932471578 0.045427017889115434 -0.0021898737994124613 0.013153793236131809 0.043113836627517832 -0.0028234171572325724 0.0075083743930162636
leaf_weight=121.12013724632561 35.416207812726498 3.7522835787385693 3.0143733173608771 2.3905503675341606 1.2927367426455019 1.6020755022764195 1.4724064767360676 4.6166053637862197 4.9548319280147615 45.482426039874554 3.1367848590016365 1.840259701013564 8.924158498644827 14.356036290526388
leaf_count=535 159 53 10 9 9 6 4 16 18 305 19 5 48 66
internal_value=0.000343478 -0.00194497 -0.00113863 0.0204362 0.0372206 -0.00232499 0.000872055 4.98218e-05 0.001136 -0.00386802 -0.0248634 -0.000428127 0.010897 0.0172376
internal_weight=253.372 132.252 128.499 6.69766 4.30711 121.802 86.3856 84.7835 83.3111 55.0761 7.75339 47.3227 28.235 19.3109
internal_count=1262 727 674 28 19 646 487 481 477 345 35 310 132 84
is_linear=0
shrinkage=0.05


Tree=197
num_leaves=15
num_cat=0
split_feature=2 5 4 0 4 2 2 4 3 2 0 4 2 1
split_gain=0.601435 0.76676 0.899676 0.962872 0.764875 1.05335 0.828616 0.786603 0.761059 1.18358 2.43383 1.16745 1.75122 1.12342
threshold=0.72703081232493005 1.5000000000000002 15.500000000000002 48.500000000000007 2.5000000000000004 0.75576441102756908 0.82497911445279881 9.5000000000000018 17.500000000000004 0.65031897926634785 30.500000000000004 9.5000000000000018 0.71320346320346328 -1.4999999999999998
decision_type=2 2 2 2 2 2 2 2 2 2 2 2 2 2
left_child=8 -2 3 4 -3 -6 -7 -8 13 -10 -11 -12 -13 -1
right_child=1 2 -4 -5 5 6 7 -9 9 10 11 12 -14 -15
leaf_value=-0.0060887340240177723 -0.036724966081771594 0.017973183051531918 -0.035631713214804885 0.046402762374624956 -0.038744021543996136 0.014237864430902828 -0.0026396766165578765 -0.038762584405488368 0.00094592196985277129 -0.02173347344004728 0.053629886395973436 -0.041640963196437286 0.051792661456904844 0.024685057998097351
leaf_weight=4.8640870600938797 2.0910986289382008 3.1988420933485129 2.139171388000249 0.99746669828891654 2.4730398729443541 4.4239049255847913 5.1576877385377884 2.1292042620480061 242.89057706296444 14.316628251224758 1.7291791141033166 1.1856889463961127 0.8691006302833556 7.5985260605812055
leaf_count=17 22 13 29 5 15 16 27 23 999 50 5 8 3 30
internal_value=-4.48586e-05 -0.00788203 -0.00494268 -0.00137094 -0.00411233 -0.00909321 -0.00283167 -0.0131947 0.000603154 2.67479e-05 -0.0123076 0.0233552 -0.00212197 0.0126742
internal_weight=296.064 22.6104 20.5193 18.3801 17.3827 14.1838 11.7108 7.28689 273.454 260.991 18.1006 3.78397 2.05479 12.4626
internal_count=1262 150 128 99 94 81 66 50 1112 1065 66 16 11 47
is_linear=0
shrinkage=0.05


Tree=198
num_leaves=15
num_cat=0
split_feature=3 4 0 2 0 0 1 2 3 3 3 0 3 2
split_gain=0.946986 0.827655 1.11178 1.28548 1.8139 1.25911 1.64188 1.62699 1.76805 1.31649 1.60791 0.960119 2.08265 1.19429
threshold=55.500000000000007 9.5000000000000018 18.500000000000004 0.5147186147186148 35.500000000000007 33.500000000000007 13.500000000000002 0.54915769124551239 14.500000000000002 27.500000000000004 18.500000000000004 21.500000000000004 23.500000000000004 0.65031897926634785
decision_type=2 2 2 2 2 2 2 2 2 2 2 2 2 2
left_child=1 2 -1 4 -4 6 9 -7 -9 10 -5 12 -12 -13
right_child=-2 -3 3 5 -6 7 -8 8 -10 -11 11 13 -14 -15
leaf_value=-0.016217535329218987 -0.034136672454504711 0.0035312102770852201 -0.023558609528769807 -0.012433012562787114 0.031115348765207714 0.057982534611636306 0.048010984310396403 0.0079332481658666004 -0.039677700669739885 -0.03739081475313711 0.005863638193330605 -0.00070752216522934998 0.1228456595516601 0.02372654020281361
leaf_weight=14.68248815089464 2.0634853951632968 77.047746820375323 10.018836380913852 7.6442597582936349 1.7877148687839497 0.73025584220886131 2.361102581024169 3.3276050761342031 4.7098698653280735 1.748197317123412 0.97451221197843796 10.202859919518234 0.62414482235908508 9.8090222701430303
leaf_count=212 66 596 167 41 5 2 7 18 33 15 8 51 5 36
internal_value=-0.000502049 -2.55939e-05 -0.00401919 -0.000698691 -0.01528 0.00338742 0.00781841 -0.013474 -0.0199662 0.00475746 0.00727614 0.0142478 0.0515355 0.0112691
internal_weight=147.732 145.669 68.6209 53.9384 11.8066 42.1318 33.3641 8.76773 8.03747 31.003 29.2548 21.6105 1.59866 20.0119
internal_count=1262 1196 600 388 172 216 163 53 51 156 141 100 13 87
is_linear=0
shrinkage=0.05


Tree=199
num_leaves=15
num_cat=0
split_feature=7 3 0 3 1 3 4 1 3 4 0 2 3 5
split_gain=0.567639 1.47447 1.21476 1.35067 1.70832 2.50636 1.31077 2.89056 1.23834 2.06295 1.2144 1.74206 1.73929 2.65523
threshold=1.0000000180025095e-35 8.5000000000000018 8.5000000000000018 49.500000000000007 1.5000000000000002 52.500000000000007 18.500000000000004 -1.4999999999999998 64.500000000000014 18.500000000000004 14.500000000000002 0.62828947368421062 23.500000000000004 1.5000000000000002
decision_type=2 2 2 2 2 2 2 2 2 2 2 2 2 2
left_child=1 -1 8 6 -5 -6 -4 -8 9 -3 11 -2 -12 -14
right_child=10 2 3 4 5 -7 7 -9 -10 -11 12 -13 13 -15
leaf_value=-0.034798462880265765 5.4902781711187899e-06 -0.021106898687339198 0.004748046875641003 0.041042464708800949 0.048501016997191275 -0.018106570273143434 -0.051956098891309144 0.010190183904550419 0.018897787812213174 0.02160030126905849 -0.023156430300705966 0.029071094354648764 -0.012596402939716889 0.010642280409255935
leaf_weight=2.6212968807667485 37.66342294216156 14.929904222488409 101.74943639338017 5.6155708432197553 2.0834283828735352 4.3845583349466324 3.3031686544418335 4.3157062381505957 3.6398136168718329 3.4883278757333747 13.005451079457996 5.9727064371109 28.686944771558046 21.507559254765511
leaf_count=56 209 73 368 16 8 13 10 14 13 11 90 23 278 80
internal_value=0.000338442 0.00236361 0.0030424 0.00500285 0.020866 0.00334866 0.0032502 -0.0167534 -0.00775185 -0.0130184 -0.0024316 0.00398385 -0.00686112 -0.00263899
internal_weight=252.967 146.131 143.51 121.452 12.0836 6.46799 109.368 7.61887 22.058 18.4182 106.836 43.6361 63.2 50.1945
internal_count=1262 582 526 429 37 21 392 24 97 84 680 232 448 358
is_linear=0
shrinkage=0.05


Tree=200
num_leaves=15
num_cat=0
split_feature=1 4 1 5 1 0 2 5 4 3 3 3 2 0
split_gain=0.579937 1.29708 0.966413 1.82967 2.16162 0.794218 2.06439 1.69405 1.83877 1.63223 1.9641 1.82487 1.779 1.34883
threshold=9.5000000000000018 14.500000000000002 20.500000000000004 1.5000000000000002 21.500000000000004 18.500000000000004 0.43760810476896467 1.5000000000000002 19.500000000000004 31.500000000000004 33.500000000000007 46.500000000000007 0.38061703554661303 22.500000000000004
decision_type=2 2 2 2 2 2 2 2 2 2 2 2 2 2
left_child=5 2 -2 4 -4 -1 9 -8 -9 -7 -11 12 -12 -13
right_child=1 -3 3 -5 -6 6 7 8 -10 10 11 13 -14 -15
leaf_value=-0.0016229408206750639 -0.0061762047221900771 -0.031934724302674168 0.043729123828867733 0.040656372665050587 -0.038975045947972561 0.048288429666784309 -0.01544570330995333 0.0045649833868772775 -0.051395377576946892 -0.030414972064921404 0.051317436588485511 -0.0077544916597128664 0.012250651272389262 0.037487088858970445
leaf_weight=140.17729408293962 32.46888954564929 4.1556837223470202 1.1977117881178849 3.3866789489984512 2.3213149979710579 3.3806370049715069 14.536594055593012 67.193597141653299 1.5007164925336827 2.5386858507990864 5.2183878570795077 8.5745735317468625 6.5992285683751106 2.039315201342105
leaf_count=581 147 37 5 12 19 21 62 231 5 16 33 38 39 16
internal_value=-3.87615e-05 -0.00536761 -0.00256366 0.0144216 -0.0108264 0.00088262 0.00403029 6.10332e-05 0.00334246 0.015683 0.0112687 0.0159863 0.0295016 0.000938066
internal_weight=295.289 43.5303 39.3746 6.90571 3.51903 251.759 111.582 83.2309 68.6943 28.3508 24.9702 22.4315 11.8176 10.6139
internal_count=1262 220 183 36 24 1042 461 298 236 163 142 126 72 54
is_linear=0
shrinkage=0.05


Tree=201
num_leaves=15
num_cat=0
split_feature=3 4 1 0 2 2 1 0 2 3 2 2 1 1
split_gain=0.90929 0.772754 1.09891 1.7164 1.95013 2.54761 0.705852 1.75771 2.0114 1.69899 1.44192 3.39924 1.34303 2.0055
threshold=55.500000000000007 9.5000000000000018 -12.499999999999998 6.5000000000000009 0.36523199023199027 0.36579089924160352 10.500000000000002 33.500000000000007 0.54915769124551239 14.500000000000002 0.64850506548060305 0.66904761904761911 7.5000000000000009 3.5000000000000004
decision_type=2 2 2 2 2 2 2 2 2 2 2 2 2 2
left_child=1 2 -1 -4 -5 -6 10 -8 -9 -10 -7 -12 13 -13
right_child=-2 -3 3 4 5 6 7 8 9 -11 11 12 -14 -15
leaf_value=-0.036094896854014312 -0.034106208737754141 0.0033600891896399601 0.057468146361837336 -0.033993740921259834 0.15815441811266381 -0.015504354921255096 0.024933556516952161 0.029760126319300459 0.0076705513401920779 -0.039424623447305393 0.050559104575870241 -0.014466967655305953 -0.044182931185892567 0.021107937994695136
leaf_weight=2.5591116510331622 1.989341253414749 76.996825248003006 1.1643635034561146 4.932952892035245 0.24951422214507957 19.34273680858314 7.4370352961123016 2.78649954497814 3.2979865819215775 4.5669019035995007 3.2337710447609451 9.9994410648942047 1.9559476412832726 6.5610212311148635
leaf_count=30 66 596 5 187 1 183 36 9 18 33 14 48 11 25
internal_value=-0.000531719 -7.13576e-05 -0.00395183 -0.00269652 -0.00378492 -0.00127749 -0.00194967 0.00628066 -0.0067432 -0.0196762 -0.00557253 0.00325998 -0.00500051 -0.000372693
internal_weight=147.073 145.084 68.0873 65.5282 64.3638 59.4309 59.1813 18.0884 10.6514 7.86489 41.0929 21.7502 18.5164 16.5605
internal_count=1262 1196 600 570 565 378 377 96 60 51 281 98 84 73
is_linear=0
shrinkage=0.05


Tree=202
num_leaves=15
num_cat=0
split_feature=0 0 2 1 0 0 0 4 0 2 0 1 3 3
split_gain=0.54991 0.881972 1.79995 1.16026 0.755893 0.519609 1.74869 1.76179 1.38931 1.57973 1.42248 1.27817 1.09675 2.16463
threshold=52.500000000000007 40.500000000000007 0.5986111111111112 20.500000000000004 38.500000000000007 14.500000000000002 12.500000000000002 4.5000000000000009 15.500000000000002 0.67423506556580881 17.500000000000004 -1.4999999999999998 51.500000000000007 43.500000000000007
decision_type=2 2 2 2 2 2 2 2 2 2 2 2 2 2
left_child=1 4 -3 -4 5 6 11 -8 9 -7 -10 -1 13 -9
right_child=-2 2 3 -5 -6 8 7 12 10 -11 -12 -13 -14 -15
leaf_value=-0.0011983412786979058 0.031917458904795554 -0.10929879595731953 0.038457047066734189 -0.024456438539288909 0.032337435721101093 -0.027023796258532198 -0.015785818451289454 0.033982176944571167 0.013375760761984989 0.017669176629476244 -0.0019300335122729127 0.034624600554615387 0.055408063597771388 -0.013114380457935886
leaf_weight=72.08303008787334 1.3722287155687798 0.51639387384056945 0.94346839748322953 3.2825581803917885 1.8608203195035447 9.5296380370855314 3.1633742600679424 7.6202711164951307 17.315188083797693 2.4947881847620001 123.10501047968864 2.5791317652910939 2.5201670676469794 3.5887524113059044
leaf_count=333 10 3 6 28 14 39 16 30 73 8 666 8 11 17
internal_value=0.000351649 0.000178804 -0.0211786 -0.0104109 0.000590769 0.000348659 0.00332601 0.0178534 -0.00143947 -0.017751 -4.26789e-05 3.91274e-05 0.0256043 0.0189034
internal_weight=251.975 250.603 4.74242 4.22603 245.86 243.999 91.5547 16.8926 152.445 12.0244 140.42 74.6622 13.7292 11.209
internal_count=1262 1252 37 34 1215 1201 415 74 786 47 739 341 58 47
is_linear=0
shrinkage=0.05


Tree=203
num_leaves=15
num_cat=0
split_feature=2 3 2 1 1 0 1 2 3 1 4 1 1 2
split_gain=0.581334 0.755503 1.49236 1.47988 3.40351 1.2708 1.76691 1.25959 1.13267 1.05323 2.22139 1.91222 1.51805 1.8685
threshold=0.72703081232493005 22.500000000000004 0.60673847003590176 -12.499999999999998 -2.4999999999999996 7.5000000000000009 -18.499999999999996 0.64537223340040251 16.500000000000004 -17.499999999999996 18.500000000000004 -16.499999999999996 -14.499999999999998 0.12174833635813674
decision_type=2 2 2 2 2 2 2 2 2 2 2 2 2 2
left_child=1 2 -1 5 8 6 -4 9 -5 10 -3 -11 -13 -14
right_child=-2 7 3 4 -6 -7 -8 -9 -10 11 -12 12 13 -15
leaf_value=0.031292363516807975 -0.00783664710578795 -0.0037047237597360467 0.028922507396451788 -0.00079769234820061354 0.0076113962821234733 0.076843850250642845 -0.043027428876823121 -0.022721160027554026 -0.039657253728569514 0.048501906440305671 -0.056267672106728499 -0.035797135129008915 0.021442978554984435 -0.00024954694718810905
leaf_weight=5.2800221294164649 22.086859591305256 10.392353281378744 4.6531251668930054 2.6983540058135969 29.117055207490921 0.99982991814613331 1.0448983013629902 6.2822450771927825 6.1470430195331573 2.0855205208063117 2.4920475333929053 2.8590088337659827 10.481767266988752 187.5135845951736
leaf_count=22 150 39 25 9 109 3 4 25 20 8 9 11 35 793
internal_value=-3.53751e-05 0.000597992 0.00615475 0.00318282 -0.00064026 0.0248515 0.0157284 -0.000651436 -0.0278029 -9.02701e-06 -0.0138712 0.000871067 0.000376504 0.000898844
internal_weight=294.134 272.047 49.9403 44.6603 37.9625 6.69785 5.69802 222.107 8.8454 215.824 12.8844 202.94 200.854 197.995
internal_count=1262 1112 192 170 138 32 29 920 29 895 48 847 839 828
is_linear=0
shrinkage=0.05


Tree=204
num_leaves=15
num_cat=0
split_feature=3 4 1 0 2 2 0 0 0 5 6 3 8 5
split_gain=0.874701 0.733877 1.05215 1.63478 1.88963 2.17972 0.691161 1.69347 0.937388 0.786355 1.22099 1.18101 1.56245 1.12318
threshold=55.500000000000007 9.5000000000000018 -12.499999999999998 6.5000000000000009 0.36523199023199027 0.36579089924160352 50.500000000000007 40.500000000000007 38.500000000000007 2.5000000000000004 1.0000000180025095e-35 17.500000000000004 1.0000000180025095e-35 1.5000000000000002
decision_type=2 2 2 2 2 2 2 2 2 2 2 2 2 2
left_child=1 2 -1 -4 -5 -6 7 8 9 13 11 -11 -13 -3
right_child=-2 6 3 4 5 -7 -8 -9 -10 10 -12 12 -14 -15
leaf_value=-0.035997387942373747 -0.034077620140376109 0.0075117091272801518 0.05656966300061015 -0.033972408385518411 0.1398583554088669 -0.0019331035038604107 -0.025821822419258608 0.038794722998124413 -0.045016382043541608 0.019305226286296696 0.046571170114983691 -0.041511780908570106 0.010637535160126728 -0.0069264830672010518
leaf_weight=2.4566264264285556 1.91596159338951 26.461123602464795 1.1443659290671337 4.7771454118192187 0.27229821681976218 58.855496032163501 1.9895283952355374 3.3479505926370612 1.0268250368535508 8.4234908670187014 2.2803565859794608 2.3519040439277878 3.6894663758575916 27.436053477227688
leaf_count=30 66 288 5 187 1 377 12 20 6 34 15 16 18 187
internal_value=-0.000515739 -7.07728e-05 -0.00387636 -0.00266329 -0.003724 -0.00128012 0.0032653 0.00403672 0.00241303 0.00310245 0.0125667 0.00720591 -0.00966418 0.000162029
internal_weight=146.429 144.513 67.5059 65.0493 63.9049 59.1278 77.0067 75.0172 71.6692 70.6424 16.7452 14.4649 6.04137 53.8972
internal_count=1262 1196 600 570 565 378 596 584 564 558 83 68 34 475
is_linear=0
shrinkage=0.05


Tree=205
num_leaves=15
num_cat=0
split_feature=7 5 0 3 5 4 0 1 4 5 2 0 2 2
split_gain=0.53719 1.43897 1.15533 1.53114 1.21614 1.12449 1.07159 1.40169 1.24535 1.18624 1.9327 1.57107 1.76611 2.0194
threshold=1.0000000180025095e-35 3.5000000000000004 8.5000000000000018 53.500000000000007 3.5000000000000004 18.500000000000004 4.5000000000000009 -20.499999999999996 18.500000000000004 1.5000000000000002 0.35924528301886799 16.500000000000004 0.42640692640692646 0.48814016172506741
decision_type=2 2 2 2 2 2 2 2 2 2 2 2 2 2
left_child=1 6 3 -2 -4 -5 7 8 -1 10 -8 12 -11 -14
right_child=2 -3 4 5 -6 -7 9 -9 -10 11 -12 -13 13 -15
leaf_value=-0.0063035054848144013 0.014076651065231 -0.040211838597213334 -0.0060055193381067344 -0.03803481225586669 0.028287762881514213 0.032780160548915548 0.0035176343770948145 -0.032997915854851151 0.054041810284225826 -0.011458127708928704 0.023208294266591292 -0.0043707756699899588 0.070835977479703285 0.014507856649180315
leaf_weight=5.6667501777410507 17.56977661699057 1.9613764397799958 82.68135941401124 2.6203502789139743 2.6687049120664588 0.71315926313400257 41.638527102768421 4.6323368325829488 1.006864011287689 5.3766247704625156 17.784571498632431 54.397067924961448 1.8611331582069386 10.968734633177517
leaf_count=35 68 29 578 17 12 5 128 24 3 20 95 207 5 36
internal_value=0.000348926 0.00232486 -0.00235302 0.00818228 -0.00493325 -0.0228849 0.00290693 -0.0118668 0.00280094 0.00417206 0.0094108 -0.000115634 0.0125978 0.022679
internal_weight=251.547 145.294 106.253 20.9033 85.3501 3.33351 143.333 11.306 6.67361 132.027 59.4231 72.6036 18.2065 12.8299
internal_count=1262 582 680 90 590 22 553 62 38 491 223 268 61 41
is_linear=0
shrinkage=0.05


Tree=206
num_leaves=15
num_cat=0
split_feature=2 4 5 0 4 2 2 3 3 2 1 1 2 4
split_gain=0.538962 0.726521 0.823812 0.870854 0.705975 0.888449 0.981431 0.763299 0.700638 1.41036 1.40815 2.5807 1.17197 1.06868
threshold=0.72703081232493005 15.500000000000002 1.5000000000000002 48.500000000000007 3.5000000000000004 0.75576441102756908 0.82497911445279881 14.500000000000002 22.500000000000004 0.60673847003590176 -14.499999999999998 -2.4999999999999996 0.64537223340040251 12.500000000000002
decision_type=2 2 2 2 2 2 2 2 2 2 2 2 2 2
left_child=8 2 -2 4 -4 -6 7 -7 9 -1 -11 13 -10 -12
right_child=1 -3 3 -5 5 6 -8 -9 12 10 11 -13 -14 -15
leaf_value=0.030501178565259492 -0.036564823668731559 -0.035453958933887142 0.014279588387872872 0.045232984343211935 -0.038549582186332365 0.036551915086623567 -0.016211274749347557 -0.0051416019672303505 -1.7556533969240012e-05 0.027177180996178746 -0.0055518335379021143 0.0073120961405466634 -0.022066883788244875 -0.038184684473255306
leaf_weight=5.2281720191240302 1.8308453224599421 2.112110059708356 4.049242287874228 0.94989550113677879 2.2051864787936202 2.0695010423660261 6.4136077761650085 2.3377676606178284 215.53439964354038 5.3211003988981238 4.9487029612064344 29.054293103516102 6.1998855285346499 5.0887164026498795
leaf_count=22 20 31 18 5 14 7 46 9 895 28 16 109 25 17
internal_value=-4.17681e-05 -0.00757444 -0.00460886 -0.00136305 -0.00395518 -0.00962358 -0.00372876 0.0144362 0.000568011 0.00593744 0.00304585 -0.000238864 -0.000634075 -0.0220959
internal_weight=293.343 21.9682 19.856 18.0252 17.0753 13.0261 10.8209 4.40727 271.375 49.641 44.4128 39.0917 221.734 10.0374
internal_count=1262 150 119 99 94 76 62 16 1112 192 170 142 920 33
is_linear=0
shrinkage=0.05


Tree=207
num_leaves=15
num_cat=0
split_feature=1 4 3 0 1 2 2 4 2 4 1 0 0 0
split_gain=0.84839 1.2312 1.00958 1.63425 1.60592 1.41024 1.11101 3.32391 1.69284 1.3798 1.20037 1.4852 1.22682 1.44477
threshold=9.5000000000000018 16.500000000000004 28.500000000000004 20.500000000000004 8.5000000000000018 0.61416040100250646 0.5196153846153847 9.5000000000000018 0.56100478468899528 2.5000000000000004 -18.499999999999996 5.5000000000000009 11.500000000000002 12.500000000000002
decision_type=2 2 2 2 2 2 2 2 2 2 2 2 2 2
left_child=2 -2 4 5 6 -4 7 9 -8 -1 -10 -12 -13 -14
right_child=1 -3 3 -5 -6 -7 8 -9 10 -11 11 12 13 -15
leaf_value=0.045182491086611654 0.003096007322119081 0.035390835039120994 -0.0045058155394314897 -0.027147385717682361 -0.045656288184523136 0.098637200272195857 -0.039238835344770295 0.061807335564541002 -0.036163668099309133 -0.020840189380010681 0.042695844868762461 -0.022453434178185759 0.043366183776940626 0.0017522641875300682
leaf_weight=1.0138717591762532 37.1097208596766 3.206201344728469 26.461630379781131 9.7198068629950267 1.818790704011916 0.3356042206287374 2.6703130714595309 2.9192237220704556 2.0398025102913371 3.605655912309885 2.2482590451836577 4.9650445245206347 2.1863287985324851 45.333902832120657
leaf_count=4 202 18 485 180 9 1 21 15 25 18 14 26 10 234
internal_value=-0.000503759 0.00566432 -0.0028649 -0.00958444 0.000701571 -0.00321407 0.00196034 0.0200426 -0.000332886 -0.00634985 0.00149704 0.00290058 0.00119591 0.00366685
internal_weight=145.634 40.3159 105.318 36.517 68.8012 26.7972 66.9824 7.53875 59.4437 4.61953 56.7733 54.7335 52.4853 47.5202
internal_count=1262 220 1042 666 376 486 367 37 330 22 309 284 270 244
is_linear=0
shrinkage=0.05


Tree=208
num_leaves=15
num_cat=0
split_feature=7 3 0 5 1 4 3 2 2 2 0 5 2 3
split_gain=0.522806 1.37744 1.13132 1.52802 1.07127 1.13622 0.93027 1.57501 2.18403 1.47346 1.11764 0.939705 0.803422 2.01007
threshold=1.0000000180025095e-35 8.5000000000000018 28.500000000000004 1.5000000000000002 7.5000000000000009 3.5000000000000004 17.500000000000004 0.63714733542319768 0.72703081232493005 0.33568075117370894 38.500000000000007 1.5000000000000002 0.019237883832778396 69.500000000000014
decision_type=2 2 2 2 2 2 2 2 2 2 2 2 2 2
left_child=1 -1 -2 -4 12 -6 -7 9 11 -8 -11 -9 13 -3
right_child=2 4 3 -5 5 6 7 8 -10 10 -12 -13 -14 -15
leaf_value=-0.034725930170211965 -0.00068051700962070923 -0.053612167589782579 -0.034848672340850179 0.0055413395543497199 0.045523604611886641 0.029383154116623789 -0.014264093075676996 0.0013248652270984728 0.025595981260663054 0.043961144758704877 -0.017004362670655644 -0.048534609964844398 0.0018853103375334641 0.016467547944576423
leaf_weight=2.4691697023808947 96.12837503477931 2.1731279194355002 5.8099133372306806 3.9226478934288025 2.4222180545330074 4.3644801974296596 2.3394468799233419 1.328988119959831 2.2941252738237381 4.3521501943469048 0.90870984643697728 3.2707696706056595 116.7958954051137 1.933684781193733
leaf_count=56 565 9 100 15 12 21 10 8 8 27 6 11 406 8
internal_value=0.000344853 0.00229887 -0.0023252 -0.0185697 0.00294185 0.0132865 0.00914599 0.00305219 -0.0142539 0.0187497 0.0334306 -0.0341289 0.00112101 -0.0206153
internal_weight=250.514 144.653 105.861 9.73256 142.184 21.2809 18.8587 14.4942 6.89388 7.60031 5.26086 4.59976 120.903 4.10681
internal_count=1262 582 680 115 526 103 91 70 27 43 33 19 423 17
is_linear=0
shrinkage=0.05


Tree=209
num_leaves=15
num_cat=0
split_feature=2 6 4 2 2 5 7 2 2 2 4 0 3 2
split_gain=0.526332 2.0339 1.87267 1.7778 2.0093 1.76412 2.82557 1.73893 1.85842 1.84499 2.26071 1.90897 1.68509 1.83873
threshold=0.43760810476896467 1.0000000180025095e-35 15.500000000000002 0.30272911051212942 0.28119594761551775 1.5000000000000002 1.0000000180025095e-35 0.47493734335839605 0.54915769124551239 0.5147186147186148 6.5000000000000009 27.500000000000004 32.500000000000007 0.30815538391640168
decision_type=2 2 2 2 2 2 2 2 2 2 2 2 2 2
left_child=3 2 5 4 -1 6 -2 -8 9 10 -9 -12 -5 -14
right_child=1 -3 -4 12 -6 -7 7 8 -10 -11 11 -13 13 -15
leaf_value=0.0012526923080608337 -0.037809678305834954 -0.035413818103366294 -0.013489150196106159 0.035962425186563354 -0.022291804241692456 0.0053019327414994301 0.027589675982510515 0.027207368204243455 0.0067379775722767599 -0.0370097075791542 -0.065372914685869685 0.0030902258024509753 0.056828325553050812 0.0037551267547484384
leaf_weight=87.68065670132637 6.3865527287125579 4.423049107193946 25.236423935741186 6.0449855625629416 10.106052458286284 89.546422317624092 4.4476089030504218 3.6218217909336108 14.526071429252623 7.0236294269561768 1.8115242421627042 2.3249320685863495 1.7360659092664743 27.212518312036991
leaf_count=365 57 32 104 35 38 333 30 11 52 20 5 7 8 165
internal_value=-4.45899e-05 -0.00198193 -0.00102747 0.00228039 -0.00118058 0.00139748 -0.0073123 -0.0015422 -0.00596308 -0.0184443 -0.00163694 -0.0268926 0.0119518 0.00693796
internal_weight=292.128 159.348 154.925 132.78 97.7867 129.689 40.1421 33.7556 29.308 14.7819 7.75828 4.13646 34.9936 28.9486
internal_count=1262 651 619 611 403 515 182 125 95 43 23 12 208 173
is_linear=0
shrinkage=0.05


Tree=210
num_leaves=15
num_cat=0
split_feature=3 1 4 2 2 1 4 1 4 5 4 4 4 5
split_gain=0.842464 0.698208 1.13413 0.841765 1.78484 1.56629 1.41246 1.29614 2.36259 2.01063 1.86689 1.06908 1.68851 1.29661
threshold=55.500000000000007 9.5000000000000018 16.500000000000004 0.69669913419913432 0.67673784643343937 7.5000000000000009 19.500000000000004 4.5000000000000009 3.5000000000000004 2.5000000000000004 6.5000000000000009 16.500000000000004 14.500000000000002 1.5000000000000002
decision_type=2 2 2 2 2 2 2 2 2 2 2 2 2 2
left_child=1 3 -3 4 11 6 7 9 -9 -5 -10 12 -1 -14
right_child=-2 2 -4 5 -6 -7 -8 8 10 -11 -12 -13 13 -15
leaf_value=-0.0046904524194476983 -0.034050293047494705 0.0030626134986667967 0.034203770711823227 -0.023805652824608097 -0.04268744391509445 -0.043219494012838866 0.064108287276345072 -0.021369236388563466 0.083518458109820087 0.010027976120732137 0.020188140691199463 -0.018369363454038834 0.03941205144277618 0.0026994546621993531
leaf_weight=49.845943246036768 1.8473514039069403 36.937154383398592 3.1750308498740187 6.6074747741222515 3.0328022316098204 1.6034556925296772 1.0635323524475087 2.1114796996116629 1.7447050511837003 13.090847443789242 3.4943748041987419 10.320488523691891 4.1053891535848361 5.8067102022469044
leaf_count=616 66 202 18 28 15 9 3 10 5 65 13 128 41 43
internal_value=-0.000501067 -6.74758e-05 0.00552755 -0.00225006 -0.00513418 0.00484588 0.00758739 0.00536506 0.0232825 -0.00132095 0.0412782 -0.00350898 -0.000942522 0.0179051
internal_weight=144.787 142.939 40.1122 102.827 73.1113 29.7159 28.1124 27.0489 7.35056 19.6983 5.23908 70.0785 59.758 9.9121
internal_count=1262 1196 220 976 843 133 124 121 28 93 18 828 700 84
is_linear=0
shrinkage=0.05


Tree=211
num_leaves=15
num_cat=0
split_feature=3 2 2 4 8 2 2 4 4 2 3 0 0 0
split_gain=0.497083 2.16984 2.6006 1.22806 1.39808 1.49514 1.22223 1.37935 1.36646 2.20838 2.00594 1.83518 1.32328 1.29066
threshold=46.500000000000007 0.18090909090909094 0.18719676549865233 8.5000000000000018 1.0000000180025095e-35 0.019237883832778396 0.12174833635813674 14.500000000000002 15.500000000000002 0.17301587301587304 48.500000000000007 7.5000000000000009 11.500000000000002 14.500000000000002
decision_type=2 2 2 2 2 2 2 2 2 2 2 2 2 2
left_child=1 -1 -3 -2 6 -6 7 -5 10 -10 -8 -12 -13 -14
right_child=3 2 -4 4 5 -7 8 -9 9 -11 11 12 13 -15
leaf_value=-0.039120843384820726 0.016249546589104963 0.078974848845509538 -0.00060822698667706916 -0.04405800501816836 -0.017788558301370768 0.03885433997386338 0.052561405103199926 -0.0064958315316596448 0.009074320770564288 -0.038091006624701468 0.053800552190955732 -0.033061458868439503 0.03802195672095271 -0.0051566196721732896
leaf_weight=3.6448486372828475 15.845639429986475 1.0322801768779744 184.34722573310137 3.2445581182837477 1.6180750876665104 4.1607557833194733 2.5764817893505123 9.9063732773065549 5.7318687140941602 4.3769651725888252 1.6362077593803395 2.7467404454946509 2.3911587893962842 6.2655273005366325
leaf_count=25 77 3 974 15 6 14 11 41 18 23 5 13 10 27
internal_value=0.000346314 -0.000916233 -0.000165071 0.00429096 4.74719e-05 0.0229943 -0.00336353 -0.0157631 0.00297526 -0.0113475 0.0122469 0.0042812 -0.00282403 0.00677021
internal_weight=249.525 189.024 185.38 60.5004 44.6547 5.77883 38.8759 13.1509 25.7249 10.1088 15.6161 13.0396 11.4034 8.65669
internal_count=1262 1002 977 260 183 20 163 56 107 41 66 55 50 37
is_linear=0
shrinkage=0.05


Tree=212
num_leaves=15
num_cat=0
split_feature=2 3 2 0 3 2 1 0 1 0 4 0 8 2
split_gain=0.496011 0.748336 1.05728 2.20108 1.0257 1.55919 4.61975 1.21937 2.3497 1.2304 2.07703 1.27396 1.59105 1.96332
threshold=0.72703081232493005 17.500000000000004 0.65031897926634785 30.500000000000004 23.500000000000004 0.64075471698113218 -12.499999999999998 32.500000000000007 14.500000000000002 14.500000000000002 8.5000000000000018 21.500000000000004 1.0000000180025095e-35 0.59402026192241175
decision_type=2 2 2 2 2 2 2 2 2 2 2 2 2 2
left_child=1 -1 4 -4 5 7 -7 9 -9 10 -3 -11 -13 -14
right_child=-2 2 3 -5 -6 6 -8 8 -10 11 -12 12 13 -15
leaf_value=0.012625386560617131 -0.0073598399294890543 0.041667859220185149 -0.02085293585647361 0.022799815684085265 -0.00047037531703139678 0.033031974430679435 -0.061773865276053712 -0.033862577997401694 0.026764037753536214 0.044743004558264257 -0.01960633010586605 0.051550138964412962 -0.041632688819859424 0.01959907194832539
leaf_weight=12.218587666749952 21.479599222540855 2.0770099461078706 14.00463216379285 3.6378007344901553 206.84460603818297 2.4742016345262527 2.6733287125825873 3.3951528295874587 3.0195600241422653 6.1713644862174979 4.139151319861412 2.2313930392265302 1.8099465221166608 4.7309387400746346
leaf_count=47 150 11 50 16 871 13 10 12 13 23 14 7 8 17
internal_value=-4.76652e-05 0.000535284 -3.90504e-05 -0.0118519 0.000830885 0.00905649 -0.0162047 0.0137722 -0.00532417 0.0195613 0.000867254 0.0273376 0.0150927 0.00265546
internal_weight=290.907 269.428 257.209 17.6424 239.567 32.722 5.14753 27.5745 6.41471 21.1598 6.21616 14.9436 8.77228 6.54089
internal_count=1262 1112 1065 66 999 128 23 105 25 80 25 55 32 25
is_linear=0
shrinkage=0.05


Tree=213
num_leaves=15
num_cat=0
split_feature=3 1 4 1 1 5 0 2 2 4 0 0 5 5
split_gain=0.814299 0.659491 1.05679 0.801761 0.983596 1.25996 0.791653 0.94711 1.71095 1.38986 1.21439 1.79504 1.31718 1.32132
threshold=55.500000000000007 9.5000000000000018 16.500000000000004 19.500000000000004 21.500000000000004 1.5000000000000002 30.500000000000004 0.69669913419913432 0.67673784643343937 19.500000000000004 7.5000000000000009 11.500000000000002 3.5000000000000004 2.5000000000000004
decision_type=2 2 2 2 2 2 2 2 2 2 2 2 2 2
left_child=1 6 3 -3 -5 -6 7 8 -1 10 -9 -12 13 -13
right_child=-2 2 -4 4 5 -7 -8 9 -10 -11 11 12 -14 -15
leaf_value=-0.0031565680691512648 -0.034029020791555793 0.0067734545290868368 0.033024991201238543 -0.042287537552216391 0.020719478840440907 -0.025803757087051623 -0.037336886305299952 0.044578892562388235 -0.042621696293918973 0.062281116146301774 -0.034608680729344456 -0.00047205188095366226 -0.031922724605997113 0.025287356533245792
leaf_weight=69.258754888549447 1.7891349587589491 29.147715701721609 3.1762358471751204 1.9262607023119915 3.1045821905136108 2.7394810989499092 1.5796295646578062 1.717791561037308 2.8597123622894278 1.0571976006031025 3.0883135385811356 12.475030876696113 2.0804785266518584 8.2841011323034763
leaf_count=819 66 158 18 10 21 13 17 12 14 3 16 47 18 30
internal_value=-0.000506939 -8.60441e-05 0.00535003 0.00296902 -0.011302 -0.0010889 -0.00221449 -0.00166421 -0.00472148 0.00601743 0.00386586 0.00116851 0.00600622 0.00980745
internal_weight=144.284 142.495 40.0943 36.918 7.77032 5.84406 102.401 100.821 72.1185 28.7029 27.6457 25.9279 22.8396 20.7591
internal_count=1262 1196 220 202 44 34 976 959 833 126 123 111 95 77
is_linear=0
shrinkage=0.05


Tree=214
num_leaves=15
num_cat=0
split_feature=7 5 0 5 3 3 1 4 0 0 5 2 0 2
split_gain=0.500233 1.33084 1.04423 1.50558 0.990509 1.45235 1.00972 1.07954 0.978632 1.3354 2.1 1.93866 0.917556 2.1195
threshold=1.0000000180025095e-35 3.5000000000000004 28.500000000000004 1.5000000000000002 8.5000000000000018 10.500000000000002 7.5000000000000009 3.5000000000000004 21.500000000000004 23.500000000000004 1.5000000000000002 0.7231800766283526 40.500000000000007 0.68989800874210794
decision_type=2 2 2 2 2 2 2 2 2 2 2 2 2 2
left_child=1 4 -2 -4 -1 -6 -7 -8 -9 -10 12 -12 -11 -14
right_child=2 -3 3 -5 5 6 7 8 9 10 11 -13 13 -15
leaf_value=-0.034910367530237386 -0.00070323346797946469 -0.039981302557163277 -0.034782938444194771 0.0056680149628310344 0.073938040285455725 0.0011241462375285835 0.044971559643779351 0.059150070367763277 -0.037072988935470584 0.037537762060363057 -0.035708529723240484 0.016649627565072198 -0.050697465693266122 0.038889761468459835
leaf_weight=1.7187805101275433 95.88323262706399 1.8401092570275057 5.5741331502795202 3.9165788739919662 0.72347250580787559 118.42063219845295 2.3503261581063297 0.92427405714988964 1.6075986474752451 6.1819526106119138 3.5481198579072943 3.5238061249256134 1.1056511104106905 1.638741075992584
leaf_count=33 565 29 100 15 2 415 12 3 5 44 12 11 6 10
internal_value=0.000347058 0.00226709 -0.00226919 -0.0180898 0.00281556 0.00327864 0.00291166 0.0130493 0.00900034 0.00636757 0.0107327 -0.00961946 0.0268568 0.00279717
internal_weight=248.957 143.583 105.374 9.49071 141.743 140.025 139.301 20.8805 18.5301 17.6059 15.9983 7.07193 8.92634 2.74439
internal_count=1262 582 680 115 553 520 518 103 91 88 83 23 60 16
is_linear=0
shrinkage=0.05


Tree=215
num_leaves=15
num_cat=0
split_feature=2 2 4 6 5 7 1 2 3 2 3 2 2 1
split_gain=0.509692 2.5071 1.59477 2.71358 1.47741 1.82913 1.62565 1.47657 1.40658 2.78453 1.50187 1.78355 2.89266 1.74562
threshold=0.41967741935483877 0.40877080665813065 15.500000000000002 1.0000000180025095e-35 1.5000000000000002 1.0000000180025095e-35 20.500000000000004 0.42179392142327654 33.500000000000007 0.37119815668202771 46.500000000000007 0.18090909090909094 0.19264507422402163 9.5000000000000018
decision_type=2 2 2 2 2 2 2 2 2 2 2 2 2 2
left_child=1 8 3 4 5 -2 -6 -4 9 -1 11 -10 -13 -14
right_child=2 -3 7 -5 6 -7 -8 -9 10 -11 -12 12 13 -15
leaf_value=-0.041054534805036548 -0.030776592051881314 0.031892915535066277 -0.12433173909587501 -0.043791865215587061 0.0037546742553566503 -0.0018503484610477615 0.039451649069341566 -0.011731103296316381 0.039897733595556997 0.036089642982428734 -0.0031409744953051267 -0.047325719248274618 0.010483144694599352 -0.044081911192484141
leaf_weight=4.7989930212497702 6.4489799328148356 6.7877365276217452 0.29433354735374706 3.3996046483516684 86.828502330929041 35.822918184101582 3.3109923154115668 26.892176359891891 4.130439080297946 1.5467366129159925 63.921943753957748 2.4446229338645926 41.892124392092228 1.5188921242952336
leaf_count=21 58 30 1 23 326 145 12 118 25 15 260 8 209 11
internal_value=-4.57151e-05 0.00232846 -0.00189617 0.000316611 0.00144908 -0.00626332 0.00506589 -0.0129502 0.000659694 -0.0222511 0.00193604 0.00842849 0.0055939 0.00857399
internal_weight=290.039 127.041 162.998 135.811 132.411 42.2719 90.1395 27.1865 120.254 6.34573 113.908 49.9861 45.8556 43.411
internal_count=1262 579 683 564 541 203 338 119 549 36 513 253 228 220
is_linear=0
shrinkage=0.05


Tree=216
num_leaves=15
num_cat=0
split_feature=3 1 4 0 2 2 4 0 1 3 2 4 4 5
split_gain=0.78876 0.621306 0.984743 0.756716 0.887711 1.64795 1.30618 1.15217 1.71314 1.36641 1.44155 1.01278 1.54942 1.25415
threshold=55.500000000000007 9.5000000000000018 16.500000000000004 30.500000000000004 0.69669913419913432 0.67673784643343937 19.500000000000004 7.5000000000000009 -4.4999999999999991 19.500000000000004 0.71320346320346328 16.500000000000004 14.500000000000002 1.5000000000000002
decision_type=2 2 2 2 2 2 2 2 2 2 2 2 2 2
left_child=1 3 -3 4 5 11 7 -6 -9 -10 -11 12 -1 -14
right_child=-2 2 -4 -5 6 -7 -8 8 9 10 -12 -13 13 -15
leaf_value=-0.0042138040349196789 -0.034006838888655723 0.0029092014395681303 0.032057635918159473 -0.037167978733767065 0.044179589301993297 -0.042278355050724012 0.060582355722858451 -0.020762254970872005 0.014878820115147219 0.018949155526251649 -0.047327300830330751 -0.017739731200135191 0.038568639740672976 0.0025065219549136562
leaf_weight=49.055102715268731 1.7343238163739432 36.755034441128373 3.1455351188778868 1.519977468997239 1.6557496376335681 2.7875643819570533 1.0493830144405354 6.629412420094023 15.838568631559605 1.3925334215164176 1.9970781952142715 10.047612881287931 4.1143350619822723 5.8233110085129738
leaf_count=610 66 202 18 17 12 14 3 31 67 5 8 127 39 43
internal_value=-0.000491953 -8.20723e-05 0.0052071 -0.00215292 -0.00162277 -0.00458768 0.00583324 0.00374506 0.0011559 0.00871274 -0.0200993 -0.00306589 -0.000566646 0.0174368
internal_weight=143.546 141.811 39.9006 101.911 100.391 71.8279 28.5627 27.5133 25.8576 19.2282 3.38961 69.0404 58.9927 9.93765
internal_count=1262 1196 220 976 959 833 126 123 111 80 13 819 692 82
is_linear=0
shrinkage=0.05


Tree=217
num_leaves=15
num_cat=0
split_feature=0 0 2 1 0 0 0 4 0 4 0 8 1 1
split_gain=0.4855 0.757614 1.69029 0.987663 0.662029 0.47625 1.63056 1.60143 1.31902 1.42986 1.31367 1.24167 1.18549 1.01867
threshold=52.500000000000007 40.500000000000007 0.5986111111111112 20.500000000000004 38.500000000000007 14.500000000000002 12.500000000000002 4.5000000000000009 15.500000000000002 4.5000000000000009 17.500000000000004 1.0000000180025095e-35 -1.4999999999999998 -7.4999999999999991
decision_type=2 2 2 2 2 2 2 2 2 2 2 2 2 2
left_child=1 4 -3 -4 5 6 12 -8 9 -7 -10 -11 13 -1
right_child=-2 2 3 -5 -6 8 7 -9 10 11 -12 -13 -14 -15
leaf_value=0.002169243975353302 0.031263902590556267 -0.10613140331682808 0.038108252967146261 -0.022183892418323914 0.031381116700478912 0.012826058495371662 -0.015186005760673086 0.024569251856753384 0.012880158193662694 -0.041392589122272616 -0.0018590354323286503 -0.0023942678667147948 0.033293738703294232 -0.011821087488964441
leaf_weight=53.697585262358189 1.2628005407750595 0.5067317858338346 0.86495371721684922 3.1636747233569622 1.730000253766774 2.9359846860170355 3.1057892888784435 13.738732226192949 17.277362136170268 5.6986875310540182 120.92856002040207 3.1800054311752319 2.5784465223550788 17.172119088470936
leaf_count=264 10 3 6 28 14 12 16 58 73 25 666 10 8 69
internal_value=0.00034044 0.000182072 -0.0200648 -0.00923906 0.000561453 0.000339584 0.0032087 0.0172392 -0.00138725 -0.0174224 -1.64633e-05 -0.0274249 -9.03813e-06 -0.00122069
internal_weight=247.841 246.579 4.53536 4.02863 242.043 240.313 90.2927 16.8445 150.021 11.8147 138.206 8.87869 73.4482 70.8697
internal_count=1262 1252 37 34 1215 1201 415 74 786 47 739 35 341 333
is_linear=0
shrinkage=0.05


Tree=218
num_leaves=15
num_cat=0
split_feature=2 6 2 2 4 3 2 5 7 2 2 2 4 0
split_gain=0.478279 1.75104 1.65185 1.87123 1.61057 1.60881 1.72126 1.51114 2.56748 1.62861 1.73247 1.74774 2.10392 1.79074
threshold=0.43760810476896467 1.0000000180025095e-35 0.30272911051212942 0.28119594761551775 15.500000000000002 32.500000000000007 0.30815538391640168 1.5000000000000002 1.0000000180025095e-35 0.47493734335839605 0.54915769124551239 0.5147186147186148 6.5000000000000009 27.500000000000004
decision_type=2 2 2 2 2 2 2 2 2 2 2 2 2 2
left_child=2 4 3 -1 7 -4 -7 8 -2 -10 11 12 -11 -14
right_child=1 -3 5 -5 -6 6 -8 -9 9 10 -12 -13 13 -15
leaf_value=0.0012086975953741986 -0.037486659603803776 -0.033905556627037023 0.035445429124412418 -0.021475505675853462 -0.012642506334980276 0.055646460976367232 0.0036182237912984654 0.0048408004634286359 0.027053691543860177 0.026433962069661955 0.0064621051936899713 -0.036123892933590314 -0.063538474763587927 0.0030453219920484643
leaf_weight=87.110146559774876 5.8536946810781947 4.1629636958241454 5.8607197105884543 10.150518395006655 25.017713285982609 1.6894342899322534 26.920739322900772 88.751188907772303 4.3210769146680823 3.587988495826723 14.412536837160586 6.9531686902046204 1.7899423539638517 2.316868931055069
leaf_count=365 57 32 35 38 104 8 165 333 30 11 52 20 5 7
internal_value=-4.76204e-05 -0.00191014 0.00217453 -0.00115872 -0.00103961 0.0115794 0.0066905 0.00122843 -0.00694284 -0.00158677 -0.00584539 -0.0179551 -0.00153738 -0.025975
internal_weight=288.899 157.167 131.732 97.2607 153.004 34.4709 28.6102 127.986 39.2353 33.3816 29.0605 14.648 7.6948 4.10681
internal_count=1262 651 611 403 619 208 173 515 182 125 95 43 23 12
is_linear=0
shrinkage=0.05


Tree=219
num_leaves=15
num_cat=0
split_feature=3 4 1 0 2 2 1 1 2 3 2 0 2 3
split_gain=0.761757 0.590282 0.957 1.468 1.81008 1.86274 0.685591 1.21769 0.718601 1.02564 1.50526 1.29319 1.14405 1.97328
threshold=55.500000000000007 9.5000000000000018 -12.499999999999998 6.5000000000000009 0.36523199023199027 0.36579089924160352 -9.4999999999999982 -5.4999999999999991 0.42179392142327654 34.500000000000007 0.5147186147186148 19.500000000000004 0.53708791208791218 25.500000000000004
decision_type=2 2 2 2 2 2 2 2 2 2 2 2 2 2
left_child=1 2 -1 -4 -5 -6 -7 -8 -9 10 11 -10 -12 -14
right_child=-2 -3 3 4 5 6 7 8 9 -11 12 -13 13 -15
leaf_value=-0.035765363752651762 -0.033985787235981113 0.0029276616352808568 0.056044117752604143 -0.033935238652053772 0.12446874155842025 0.042595681526525972 -0.040381876341335811 -0.034293754141532531 0.042318261041028232 0.030032669371904505 0.022621492217243147 -0.034297695641946978 0.0019089725073681179 -0.038102774547092606
leaf_weight=2.227545239031314 1.6774209942668665 75.422622676938772 1.0557551160454739 4.5066816918551913 0.29412811994552512 0.86130448430775786 2.0295512191951195 1.5689310338348281 0.61854388564824958 2.7055352572351685 5.6069845259189597 5.025992514565587 35.951617415994406 3.3703139647841445
leaf_count=30 66 596 5 187 1 8 18 46 4 25 18 38 193 27
internal_value=-0.00048974 -9.19437e-05 -0.00355193 -0.0024236 -0.00341062 -0.00104015 -0.00167951 -0.00234998 -0.000942673 3.94317e-05 -0.00156512 -0.0259019 0.00149237 -0.00152047
internal_weight=142.923 141.246 65.8229 63.5953 62.5396 58.0329 57.7388 56.8775 54.8479 53.279 50.5735 5.64454 44.9289 39.3219
internal_count=1262 1196 600 570 565 378 377 369 351 305 280 42 238 220
is_linear=0
shrinkage=0.05


Tree=220
num_leaves=15
num_cat=0
split_feature=0 0 2 1 0 0 0 4 2 7 3 1 0 2
split_gain=0.463387 0.71913 1.60748 0.92656 0.62187 0.461856 0.639878 0.994264 1.13364 0.762624 0.649775 0.931912 0.533347 0.921154
threshold=52.500000000000007 40.500000000000007 0.5986111111111112 20.500000000000004 38.500000000000007 36.500000000000007 33.500000000000007 10.500000000000002 0.71880405238448242 1.0000000180025095e-35 22.500000000000004 12.500000000000002 17.500000000000004 0.25931034482758625
decision_type=2 2 2 2 2 2 2 2 2 2 2 2 2 2
left_child=1 4 -3 -4 5 6 12 8 9 -8 11 -9 -1 -14
right_child=-2 2 3 -5 -6 -7 7 10 -10 -11 -12 -13 13 -15
leaf_value=0.0024687225363200214 0.03076476101931604 -0.10421958108138817 0.037810544786954857 -0.021479679076757588 0.030656830142969334 -0.022743913098505146 0.037312168363872092 0.045625192681280131 -0.083041274089599798 -0.034495142651697584 0.069373865452701161 -0.014640425316583584 0.026381186742170909 -0.0030358492456899352
leaf_weight=119.34218362160027 1.2443396560847748 0.49952900782227416 0.83348336815834079 3.1466333512216806 1.7023718245327462 2.1493106335401526 0.93275583535432705 1.5408070869743831 0.42879321426153172 0.61259221658110619 0.91784600913524617 1.0990090556442735 2.7270512804388991 110.17422255128622
leaf_count=535 10 3 6 28 14 21 7 8 2 13 5 7 16 587
internal_value=0.000329467 0.000175584 -0.0196745 -0.00906361 0.000543595 0.000329928 0.000538498 0.0173449 -0.0111116 0.008847 0.0331353 0.0205354 0.000138188 -0.0023253
internal_weight=247.351 246.107 4.47965 3.98012 241.627 239.925 237.775 5.5318 1.97414 1.54535 3.55766 2.63982 232.243 112.901
internal_count=1262 1252 37 34 1215 1201 1180 42 22 20 20 15 1138 603
is_linear=0
shrinkage=0.05


Tree=221
num_leaves=15
num_cat=0
split_feature=2 2 2 6 4 3 2 3 2 2 1 0 2 4
split_gain=0.463862 2.32842 1.4345 1.78526 1.57332 1.35934 2.54508 1.42858 1.71527 2.7214 1.62325 1.95544 1.71354 1.75003
threshold=0.41967741935483877 0.40877080665813065 0.42640692640692646 1.0000000180025095e-35 15.500000000000002 33.500000000000007 0.37119815668202771 46.500000000000007 0.18090909090909094 0.19264507422402163 9.5000000000000018 18.500000000000004 0.38061703554661303 8.5000000000000018
decision_type=2 2 2 2 2 2 2 2 2 2 2 2 2 2
left_child=1 5 -2 4 -4 6 -1 8 -7 -10 11 -11 -13 -14
right_child=2 -3 3 -5 -6 7 -8 -9 9 10 -12 12 13 -15
leaf_value=-0.039421508975566469 -0.04713259445893931 0.031025681914181986 0.0017675088684659117 -0.033407047290724565 -0.011822353172838428 0.039609422230081598 0.035910111851971328 -0.0030615758812245603 -0.045832022084393728 0.0043850487182734597 -0.042998310803684991 0.050442227178848775 0.055378502887166649 -0.013024160173439112
leaf_weight=4.8414129316806784 1.7275506034493435 6.6502137109637252 130.22819047048688 4.2217694316059342 25.461374394595623 4.0074974820017806 1.4591243639588354 63.857381150126457 2.4444647878408423 32.315714061260223 1.483587086200713 4.9718706309795362 1.3409419208765028 3.0892367884516716
leaf_count=21 11 30 532 34 106 25 15 260 8 148 11 33 12 16
internal_value=-3.9913e-05 0.00222831 -0.00181451 -0.00132493 -0.000454969 0.000629893 -0.0219757 0.00188464 0.00824579 0.00549221 0.00839629 0.010224 0.0302931 0.0076802
internal_weight=288.1 126.461 161.639 159.911 155.69 119.811 6.30054 113.511 49.6533 45.6458 43.2014 41.7178 9.40205 4.43018
internal_count=1262 579 683 672 638 549 36 513 253 228 220 209 61 28
is_linear=0
shrinkage=0.05


Tree=222
num_leaves=15
num_cat=0
split_feature=3 1 4 3 3 0 1 0 3 2 2 4 2 1
split_gain=0.736635 0.575465 0.913631 0.734857 1.9349 0.817598 1.03901 0.812085 0.777848 1.19781 2.46909 2.05125 1.28863 0.732401
threshold=55.500000000000007 9.5000000000000018 16.500000000000004 51.500000000000007 33.500000000000007 17.500000000000004 -2.4999999999999996 30.500000000000004 41.500000000000007 0.19139194139194141 0.19264507422402163 14.500000000000002 0.27207792207792209 19.500000000000004
decision_type=2 2 2 2 2 2 2 2 2 2 2 2 2 2
left_child=1 3 13 4 7 6 -5 -1 -6 -10 -11 -12 -13 -3
right_child=-2 2 -4 5 8 -7 -8 -9 9 10 11 12 -14 -15
leaf_value=0.00057415637529417739 -0.033964591408209031 0.0063804191735150036 0.030951002361169183 0.0079395214632686072 -0.034734824579108682 -0.034766765745376772 0.055260883827565083 -0.037101399796674914 -0.034462270480666295 0.095809972855177269 -0.034033888781868429 -0.035840470043453483 0.048697341745638389 -0.011122263817834066
leaf_weight=77.221170390024781 1.6248888038098801 29.047573544085026 3.1236979477107516 4.8369178418070078 5.4438536018133155 0.78594947978854168 1.5259047411382187 1.4572753906249989 3.5342864077538234 0.6300358623266219 3.2949078511446714 0.60633972100913558 1.7570480667054651 7.5254145562648764
leaf_count=500 66 158 18 37 153 17 12 16 90 4 120 12 15 44
internal_value=-0.000491758 -0.000105441 0.00499582 -0.00210857 -0.00328452 0.0133451 0.0192879 -0.000123667 -0.0195745 -0.0111724 0.0019174 -0.00853728 0.0270087 0.00277899
internal_weight=142.415 140.79 39.6967 101.094 93.9449 7.14877 6.36282 78.6784 15.2665 9.82262 6.28833 5.6583 2.36339 36.573
internal_count=1262 1196 220 976 910 66 49 516 394 241 151 147 27 202
is_linear=0
shrinkage=0.05


Tree=223
num_leaves=15
num_cat=0
split_feature=7 5 0 3 5 3 4 4 0 2 2 3 3 2
split_gain=0.442796 1.26487 0.959723 1.41737 1.1188 2.39151 1.91457 1.58939 1.47203 2.05465 1.27543 1.86535 1.25324 2.5517
threshold=1.0000000180025095e-35 3.5000000000000004 8.5000000000000018 53.500000000000007 1.5000000000000002 36.500000000000007 7.5000000000000009 12.500000000000002 28.500000000000004 0.5185439560439562 0.31203515889114269 33.500000000000007 38.500000000000007 0.27793103448275869
decision_type=2 2 2 2 2 2 2 2 2 2 2 2 2 2
left_child=1 -1 3 -2 8 6 -6 -7 9 10 11 -4 -13 -14
right_child=2 -3 4 -5 5 7 -8 -9 -10 -11 -12 12 13 -15
leaf_value=0.0026710002427315018 0.013207044314541281 -0.039971371077005831 0.047876328412641576 -0.022605563603663975 -0.020018634774128349 0.067068847701360804 0.0051001020245634646 0.0069110202840419813 -0.034705938779959797 0.046099855452060204 -0.022808892644462817 -0.039080597463129571 -0.012179835888091572 0.028423227314680895
leaf_weight=140.46558873541653 17.373398110270504 1.7608124017715443 1.6916103512048746 3.285249099135398 11.036412730813025 2.151135489344596 24.264780811965466 2.2425944060087204 5.3003268986940375 1.7643566504120816 11.676982149481772 2.6206073462963131 16.113353207707409 5.0923704802989951
leaf_count=553 68 29 8 22 53 8 99 9 100 10 138 15 124 26
internal_value=0.000326857 0.00214307 -0.00214237 0.00751193 -0.004518 0.00157682 -0.00275291 0.0363638 -0.00998424 -0.0066209 -0.00912173 -0.00285851 -0.00646055 -0.00242936
internal_weight=246.84 142.226 104.613 20.6586 83.9545 39.6949 35.3012 4.39373 44.2596 38.9593 37.1949 25.5179 23.8263 21.2057
internal_count=1262 582 680 90 590 169 152 17 421 321 311 173 165 150
is_linear=0
shrinkage=0.05


Tree=224
num_leaves=15
num_cat=0
split_feature=2 3 2 3 1 1 3 3 4 3 4 0 0 2
split_gain=0.447419 1.81032 1.63491 3.2037 1.5231 1.75459 1.47168 1.3111 1.31866 1.29074 2.44657 1.69969 2.39622 1.67899
threshold=0.64075471698113218 23.500000000000004 0.59009740259740273 27.500000000000004 -14.499999999999998 -1.4999999999999998 17.500000000000004 25.500000000000004 15.500000000000002 19.500000000000004 4.5000000000000009 18.500000000000004 26.500000000000004 0.70900537634408611
decision_type=2 2 2 2 2 2 2 2 2 2 2 2 2 2
left_child=1 -1 7 -4 -2 6 -6 8 -3 13 -11 -12 -13 -7
right_child=4 2 3 -5 5 9 -8 -9 -10 10 11 12 -14 -15
leaf_value=0.0128769285582684 0.033744837183922224 -0.0066740113207066692 0.028178935251673465 -0.050367126485904412 -0.011318767863257549 0.026062846956393659 -0.049203895618725665 0.0014802776329662433 -0.042787190519146784 -0.03956237882671932 0.11817700529260833 -0.036105050947247884 0.014307140406475169 -0.0019919096711215017
leaf_weight=27.953020535409451 2.5581490546464911 17.139134205877784 1.8750612288713444 4.2197730988264084 8.9709697403013688 7.4749761298298862 3.5888931490480891 175.4136260971427 2.965109482407569 5.364571005105975 0.30375504493713279 3.4579581022262555 7.4049668833613396 18.611583448946476
leaf_count=108 14 52 7 14 59 29 14 779 9 19 1 13 32 112
internal_value=-3.70597e-05 0.000952467 -0.000700825 -0.0262026 -0.00397156 -0.00572017 -0.0221442 9.41366e-05 -0.0120002 -0.000879858 -0.0118106 0.00152158 -0.0017404 0.00604704
internal_weight=287.302 229.566 201.613 6.09483 57.7358 55.1777 12.5599 195.518 20.1042 42.6178 16.5313 11.1667 10.8629 26.0866
internal_count=1262 969 861 21 293 279 73 840 61 206 65 46 45 141
is_linear=0
shrinkage=0.05


Tree=225
num_leaves=15
num_cat=0
split_feature=3 1 4 0 2 2 4 0 0 5 5 1 1 1
split_gain=0.71158 0.551484 0.859208 0.704396 0.80455 1.59442 1.21807 1.09945 1.59362 1.25867 1.23736 2.66759 1.48369 1.03098
threshold=55.500000000000007 9.5000000000000018 16.500000000000004 30.500000000000004 0.69669913419913432 0.67673784643343937 19.500000000000004 7.5000000000000009 11.500000000000002 3.5000000000000004 2.5000000000000004 3.5000000000000004 1.5000000000000002 -4.4999999999999991
decision_type=2 2 2 2 2 2 2 2 2 2 2 2 2 2
left_child=1 3 -3 4 5 -1 7 -6 -9 10 11 -10 13 -12
right_child=-2 2 -4 -5 6 -7 -8 8 9 -11 12 -13 -14 -15
leaf_value=-0.0029223732977804798 -0.033942778156413049 0.0027342789931960299 0.030035264218346586 -0.036918999049527751 0.04408064495940392 -0.041961386459169941 0.058677880098399832 -0.033156434896353081 -0.02874344652533203 -0.031999599879927301 0.0096097221083698003 0.018378069356446324 -0.013726828837762765 0.05147642281277949
leaf_weight=68.134359665215015 1.571114033460616 36.548569241538644 3.1286149360239497 1.4296850915998209 1.5747062005102694 2.7198531478643408 1.0390004813671101 3.0085529871284988 5.0490043386817014 2.031275335699319 2.3303246572613712 7.4133521765470505 1.9643972069025037 3.9851183108985428
leaf_count=819 66 202 18 17 12 14 3 16 22 18 9 25 8 13
internal_value=-0.000480084 -0.000105512 0.00488701 -0.00207303 -0.00157108 -0.00442095 0.00554003 0.00352187 0.00104464 0.00556287 0.00924134 -0.000712761 0.0242237 0.0360281
internal_weight=141.928 140.357 39.6772 100.68 99.2499 70.8542 28.3957 27.3567 25.782 22.7735 20.7422 12.4624 8.27984 6.31544
internal_count=1262 1196 220 976 959 833 126 123 111 95 77 47 30 22
is_linear=0
shrinkage=0.05


Tree=226
num_leaves=15
num_cat=0
split_feature=0 0 2 1 0 0 0 4 2 7 3 1 0 2
split_gain=0.441726 0.663961 1.5173 0.870876 0.601069 0.419593 0.646853 0.914819 1.07229 0.718153 0.592953 0.879502 0.478538 0.860736
threshold=52.500000000000007 40.500000000000007 0.5986111111111112 20.500000000000004 38.500000000000007 36.500000000000007 33.500000000000007 10.500000000000002 0.71880405238448242 1.0000000180025095e-35 22.500000000000004 12.500000000000002 17.500000000000004 0.25931034482758625
decision_type=2 2 2 2 2 2 2 2 2 2 2 2 2 2
left_child=1 4 -3 -4 5 6 12 8 9 -8 11 -9 -1 -14
right_child=-2 2 3 -5 -6 -7 7 10 -10 -11 -12 -13 13 -15
leaf_value=0.0023178063707167485 0.030254812562475128 -0.10147459384764888 0.037565643349068902 -0.020603171013551247 0.030284564354788865 -0.021946024887930543 0.037215796186923437 0.045038019558950537 -0.080009597735371557 -0.034403541974941165 0.067052503533517743 -0.013793930382921704 0.025584848914808229 -0.0029207124540649556
leaf_weight=119.0163718406111 1.2261121980845917 0.49542588740587135 0.81023306585848365 3.1259184964001179 1.6845053024590004 2.0987318493425837 0.91466086357831844 1.5189768150448806 0.42836585640907276 0.56700413301587105 0.92328696325421322 1.0919118225574491 2.713756561279296 109.6229179687798
leaf_count=535 10 3 6 28 14 21 7 8 2 13 5 7 16 587
internal_value=0.000318555 0.000168746 -0.019009 -0.00862947 0.000522007 0.000312145 0.000509419 0.0175449 -0.0103352 0.00980848 0.0326126 0.0204336 0.000108539 -0.00223209
internal_weight=246.238 245.012 4.43158 3.93615 240.58 238.896 236.797 5.44421 1.91003 1.48166 3.53418 2.61089 231.353 112.337
internal_count=1262 1252 37 34 1215 1201 1180 42 22 20 20 15 1138 603
is_linear=0
shrinkage=0.05


Tree=227
num_leaves=15
num_cat=0
split_feature=1 4 0 2 4 4 1 0 2 3 3 5 4 3
split_gain=0.433796 1.07855 0.642419 1.34847 1.21684 1.11916 0.693568 0.6418 1.70624 1.51766 1.76326 1.5129 1.61814 1.51219
threshold=9.5000000000000018 16.500000000000004 36.500000000000007 0.71880405238448242 3.5000000000000004 8.5000000000000018 16.500000000000004 18.500000000000004 0.43760810476896467 31.500000000000004 33.500000000000007 1.5000000000000002 19.500000000000004 46.500000000000007
decision_type=2 2 2 2 2 2 2 2 2 2 2 2 2 2
left_child=7 2 3 6 -4 -6 -2 -1 9 -9 -11 -10 -13 -12
right_child=1 -3 4 -5 5 -7 -8 8 11 10 13 12 -14 -15
leaf_value=-0.0015137753248597933 -0.0020736250265625685 -0.043255108482255139 -0.027222854489281259 -0.04890896627355288 0.032536043617042959 -0.00039573514699757658 -0.033793383595611522 0.047858849539263469 -0.015094069484887061 -0.029676969658959319 0.027709612122579854 0.0042338526640660094 -0.049666256316942076 0.0011948853124860578
leaf_weight=136.82724543102086 22.889947384595878 1.7444087006151665 2.2643870785832396 1.8327897544950236 4.3795609660446626 6.2783252336084843 1.8636418431997288 3.0306479707360294 13.757733188569544 2.4729915037751224 11.131856314837934 66.076852444559336 1.4224169850349415 10.402406953275202
leaf_count=581 107 18 12 12 22 40 9 21 62 16 72 231 5 54
internal_value=-3.59781e-05 -0.00477958 -0.00308079 -0.0075258 0.00606441 0.0131367 -0.00446173 0.000762351 0.00363817 0.0145182 0.0103093 1.78858e-05 0.00309801 0.0149013
internal_weight=286.375 41.2531 39.5087 26.5864 12.9223 10.6579 24.7536 245.122 108.295 27.0379 24.0073 81.257 67.4993 21.5343
internal_count=1262 220 202 128 74 62 116 1042 461 163 142 298 236 126
is_linear=0
shrinkage=0.05


Tree=228
num_leaves=15
num_cat=0
split_feature=3 4 1 0 2 2 1 1 2 3 2 0 2 3
split_gain=0.686619 0.544747 0.908282 1.32234 1.68853 1.55045 0.876149 1.20567 0.660494 0.927726 1.43451 1.22858 1.04743 1.87539
threshold=55.500000000000007 9.5000000000000018 -12.499999999999998 6.5000000000000009 0.36523199023199027 0.36579089924160352 -10.499999999999998 -5.4999999999999991 0.42179392142327654 34.500000000000007 0.5147186147186148 19.500000000000004 0.53708791208791218 25.500000000000004
decision_type=2 2 2 2 2 2 2 2 2 2 2 2 2 2
left_child=1 2 -1 -4 -5 -6 -7 -8 -9 10 11 -10 -12 -14
right_child=-2 -3 3 4 5 6 7 8 9 -11 12 -13 13 -15
leaf_value=-0.0356402355000228 -0.033922493398678123 0.0027631004673308365 0.054342642697264555 -0.033902569423210072 0.10889564245392001 0.051226119789004057 -0.039907984311772234 -0.034251563414603461 0.03991422642852227 0.028351172132347776 0.021576277375544795 -0.033903965568466386 0.0017583790361468548 -0.037900908285784227
leaf_weight=2.1253812052309504 1.5204478763043869 74.969967160373926 1.0100358873605717 4.2094753840938202 0.31860619783401389 0.7711220383644023 2.0676666013896385 1.4542435780167711 0.63599180430173774 2.7189755272120228 5.600731521844863 4.9559621568769217 35.778485119342804 3.2517791967838994
leaf_count=30 66 596 5 187 1 6 20 46 4 25 18 38 193 27
internal_value=-0.000503412 -0.000140128 -0.0034939 -0.00240549 -0.00333351 -0.00109769 -0.00170998 -0.00243293 -0.00100845 -9.53085e-05 -0.00163535 -0.0255084 0.00135578 -0.00154581
internal_weight=141.389 139.868 64.8985 62.7731 61.763 57.5536 57.235 56.4638 54.3962 52.9419 50.2229 5.59195 44.631 39.0303
internal_count=1262 1196 600 570 565 378 377 371 351 305 280 42 238 220
is_linear=0
shrinkage=0.05


Tree=229
num_leaves=15
num_cat=0
split_feature=7 5 0 1 4 4 5 5 2 0 0 2 0 3
split_gain=0.426176 1.22275 0.940372 1.26007 1.11362 0.998834 0.992731 0.957027 1.756 1.37639 1.7152 1.5369 1.50611 1.60335
threshold=1.0000000180025095e-35 3.5000000000000004 4.5000000000000009 -20.499999999999996 18.500000000000004 13.500000000000002 2.5000000000000004 1.5000000000000002 0.35924528301886799 16.500000000000004 10.500000000000002 0.46871945259042042 11.500000000000002 36.500000000000007
decision_type=2 2 2 2 2 2 2 2 2 2 2 2 2 2
left_child=1 2 3 4 5 6 -1 8 -4 10 -9 -11 -12 -14
right_child=-2 -3 7 -5 -6 -7 -8 9 -10 11 12 -13 13 -15
leaf_value=0.028009999475665872 -0.0021047607275140839 -0.039937587387747144 0.0030417010987449605 -0.032088444368138604 0.051838253303482643 -0.031474290957869376 -0.036002778331842032 -0.015831551654825953 0.0222644213384732 -0.040956810494352486 0.067465399652265362 -0.0021408747976518643 0.0072789846026677062 0.059116477211874352
leaf_weight=2.3944605216383938 103.94685585424304 1.708226742222904 41.173153027892113 4.4145566243678314 0.97403404116630543 2.2801057696342468 0.8107505366206168 4.2581666931509998 16.699014231562614 2.6851087138056746 1.5176779739558686 50.733406277373433 10.484120469540356 1.7391458153724659
leaf_count=16 680 29 128 24 3 11 8 17 95 13 5 194 34 5
internal_value=0.000327442 0.00210947 0.00262191 -0.0114999 0.00257101 -0.00617743 0.0118181 0.00380963 0.00858842 -6.27866e-05 0.0118952 -0.00409198 0.0204874 0.0146545
internal_weight=245.819 141.872 140.164 10.8739 6.45935 5.48532 3.20521 129.29 57.8722 71.4176 17.9991 53.4185 13.7409 12.2233
internal_count=1262 582 553 62 38 35 24 491 223 268 61 207 44 39
is_linear=0
shrinkage=0.05


Tree=230
num_leaves=15
num_cat=0
split_feature=2 3 2 3 1 1 3 3 4 2 4 0 0 3
split_gain=0.427446 1.7274 1.51051 3.0369 1.46188 1.6432 1.39152 1.23784 2.32652 1.57203 1.72009 1.50147 2.26895 1.26903
threshold=0.64075471698113218 23.500000000000004 0.59009740259740273 27.500000000000004 -14.499999999999998 -1.4999999999999998 17.500000000000004 19.500000000000004 4.5000000000000009 0.70900537634408611 15.500000000000002 18.500000000000004 26.500000000000004 16.500000000000004
decision_type=2 2 2 2 2 2 2 2 2 2 2 2 2 2
left_child=1 -1 -3 -4 -2 6 -6 9 -9 10 -7 -10 -13 -11
right_child=4 2 3 -5 5 7 -8 8 11 13 -12 12 -14 -15
leaf_value=0.012614847378260706 0.033320620056316391 8.4828520281536246e-05 0.028187604470244224 -0.048525660257733166 -0.011048558541110975 0.037363752288944889 -0.048134140017508723 -0.038874895300963039 0.10812700557715947 0.0066092721438132038 -0.02276803760184995 -0.035491678889661649 0.01383834821423815 -0.022069013551029384
leaf_weight=27.80517815053463 2.5222202390432349 194.72821255773306 1.8540715239942063 4.2414479330182076 8.8948077037930471 5.9386609047651318 3.5345353670418254 5.3108468949794796 0.31986483931541343 12.969179332256319 1.487081743776798 3.41290535032749 7.3531745262444019 5.4906037356704465
leaf_count=108 14 840 7 14 59 23 14 19 1 86 6 13 32 26
internal_value=-3.25839e-05 0.000934787 -0.000682383 -0.0251918 -0.00389689 -0.00561262 -0.0215946 -0.000914548 -0.0116637 0.00589431 0.0253217 0.00137219 -0.00179954 -0.00192068
internal_weight=285.863 228.629 200.824 6.09552 57.2339 54.7117 12.4293 42.2823 16.3968 25.8855 7.42574 11.0859 10.7661 18.4598
internal_count=1262 969 861 21 293 279 73 206 65 141 29 46 45 112
is_linear=0
shrinkage=0.05


Tree=231
num_leaves=15
num_cat=0
split_feature=3 1 4 3 3 0 1 3 2 2 4 2 0 2
split_gain=0.6642 0.530283 0.811126 0.700083 1.79375 0.765757 0.933074 0.763911 1.17554 2.20872 1.93663 1.19804 0.743269 0.704015
threshold=55.500000000000007 9.5000000000000018 16.500000000000004 51.500000000000007 33.500000000000007 17.500000000000004 -2.4999999999999996 41.500000000000007 0.19139194139194141 0.19264507422402163 14.500000000000002 0.27207792207792209 30.500000000000004 0.37119815668202771
decision_type=2 2 2 2 2 2 2 2 2 2 2 2 2 2
left_child=1 3 -3 4 12 6 -5 -6 -9 -10 -11 -12 13 -1
right_child=-2 2 -4 5 7 -7 -8 8 9 10 11 -13 -14 -15
leaf_value=0.030437282351308426 -0.033902883782997835 0.0026982352014465411 0.029387542413185305 0.007744948030354225 -0.034694253138525429 -0.034713174101897525 0.052152456595365076 -0.034420607969097239 0.090172983024143949 -0.03399674481168638 -0.035774820516709119 0.046558444531505809 -0.036855494808727796 -0.00032057764185148771
leaf_weight=1.9078390281647433 1.4703643955290306 36.354186972603202 3.0886395536363116 4.8149454407393932 5.1827302323654285 0.75127398408949364 1.5681295320391644 3.3938193172216398 0.63993200659751881 3.1007442437112331 0.58812736161053214 1.7763096671551464 1.3592660538852204 74.843221297487617
leaf_count=21 66 202 18 37 153 17 12 90 4 120 12 15 16 479
internal_value=-0.000473536 -0.000120852 0.00478819 -0.00205854 -0.00321899 0.0130347 0.0186545 -0.0192537 -0.0108292 0.0022852 -0.0080058 0.026079 -0.000205095 0.000443986
internal_weight=140.84 139.369 39.4428 99.9263 92.792 7.13435 6.38307 14.6817 9.49893 6.10511 5.46518 2.36444 78.1103 76.7511
internal_count=1262 1196 220 976 910 66 49 394 241 151 147 27 516 500
is_linear=0
shrinkage=0.05


Tree=232
num_leaves=15
num_cat=0
split_feature=0 0 2 1 0 3 2 4 1 2 3 1 2 3
split_gain=0.420389 0.63321 1.44334 0.822302 0.573133 0.387361 1.09784 3.03357 2.70274 3.06908 1.86692 1.34923 1.16178 0.91842
threshold=52.500000000000007 40.500000000000007 0.5986111111111112 20.500000000000004 38.500000000000007 22.500000000000004 0.52899159663865558 17.500000000000004 -1.4999999999999998 0.54465709728867628 28.500000000000004 -5.4999999999999991 0.52192701664532659 27.500000000000004
decision_type=2 2 2 2 2 2 2 2 2 2 2 2 2 2
left_child=1 4 -3 -4 5 -1 12 8 11 10 -10 -8 -7 -11
right_child=-2 2 3 -5 -6 6 7 -9 9 13 -12 -13 -14 -15
leaf_value=-0.0032028377671719749 0.029804344053319588 -0.099671078607516228 0.037299261405966191 -0.020077741481661585 0.029816953300923502 2.5232994349306552e-05 0.010880915322213998 0.070530711719491865 0.10251048981532601 0.00073139885769147564 0.022219229288240952 -0.042501229581132699 -0.040492836106938282 0.022270986364977499
leaf_weight=59.02982502989471 1.202586643397807 0.48878400400280853 0.7824196703732017 3.0928098931908607 1.6570457220077504 141.5131774097681 1.7117311805486677 1.9161786437034596 1.395798336714509 18.351173993200067 1.5041932985186575 3.8369927555322638 1.7915575355291355 6.7762752026319495
leaf_count=299 10 3 6 28 14 737 6 6 10 88 7 16 7 25
internal_value=0.000314721 0.000169286 -0.0187054 -0.00849316 0.000513232 0.00030906 0.00146851 0.00934117 0.00584911 0.012161 0.0608643 -0.0260333 -0.000481313 0.00654011
internal_weight=245.051 243.848 4.36401 3.87523 239.484 237.827 178.797 35.4923 33.5762 28.0274 2.89999 5.54872 143.305 25.1274
internal_count=1262 1252 37 34 1215 1201 902 158 152 130 17 22 744 113
is_linear=0
shrinkage=0.05


Tree=233
num_leaves=15
num_cat=0
split_feature=2 2 2 6 4 2 3 3 1 8 0 4 3 2
split_gain=0.41948 2.15664 1.35735 1.62151 1.36663 1.21482 2.39636 1.54587 1.73667 1.79437 1.72372 1.22297 1.20095 2.21351
threshold=0.41967741935483877 0.40877080665813065 0.42640692640692646 1.0000000180025095e-35 15.500000000000002 0.49164578111946539 31.500000000000004 24.500000000000004 -12.499999999999998 1.0000000180025095e-35 22.500000000000004 17.500000000000004 33.500000000000007 0.37119815668202771
decision_type=2 2 2 2 2 2 2 2 2 2 2 2 2 2
left_child=1 12 -2 4 -4 11 7 8 -7 -10 -9 -6 13 -1
right_child=2 -3 3 -5 5 6 -8 10 9 -11 -12 -13 -14 -15
leaf_value=-0.036241707988501501 -0.045415199376334953 0.03020025899603955 0.0016520580042990809 -0.032590213532223695 -0.055083806377343926 0.07035467894091546 0.047907020235600346 -0.0094771686577810078 0.029992457522890155 -0.017853584412909396 -0.061206019853354422 -0.008594865438266196 0.0017870100347085122 0.035736841557045131
leaf_weight=4.9323255866765967 1.758956417441367 6.4883927404880515 128.77990707941353 4.0217511150985947 2.7866411507129696 0.82802186906338349 1.9173943065106858 4.1173612773418418 2.6791820898652059 7.2956047356128693 2.6449569277465343 2.8733893483877182 112.33479353040457 1.3633460849523542
leaf_count=21 11 30 532 34 9 3 7 12 15 40 11 9 513 15
internal_value=-3.66189e-05 0.00213126 -0.00173503 -0.00124859 -0.000429678 -0.0110923 -0.00516842 -0.0109621 0.000773667 -0.00500236 -0.02971 -0.0314831 0.000596046 -0.0206545
internal_weight=284.822 125.119 159.703 157.944 153.922 25.1426 19.4825 17.5651 10.8028 9.97479 6.76232 5.66003 118.63 6.29567
internal_count=1262 579 683 672 638 106 88 81 58 55 23 18 549 36
is_linear=0
shrinkage=0.05


Tree=234
num_leaves=15
num_cat=0
split_feature=3 1 4 4 0 2 2 0 4 2 2 2 1 3
split_gain=0.641407 0.500013 0.748712 0.702417 0.854965 1.81976 0.887993 0.934409 1.31794 1.25116 2.09856 0.771514 0.871834 0.656947
threshold=55.500000000000007 9.5000000000000018 16.500000000000004 12.500000000000002 28.500000000000004 0.42640692640692646 0.47493734335839605 36.500000000000007 1.5000000000000002 0.53708791208791218 0.73647660818713467 0.50352112676056349 11.500000000000002 51.500000000000007
decision_type=2 2 2 2 2 2 2 2 2 2 2 2 2 2
left_child=1 13 3 4 -3 -6 -7 8 -8 -9 -11 -10 -13 -1
right_child=-2 2 -4 -5 5 6 7 9 11 10 -12 12 -14 -15
leaf_value=-0.0031438827475817974 -0.033883410778684134 -0.041739812890190159 0.028352241965339003 -0.011087791846151197 0.078941477568474319 -0.035973636786595035 -0.022861696823627431 0.029523301289074405 -0.023200993772826965 -0.041076306899197994 0.012526387031557751 0.046201565664684564 0.016008385840426517 0.012568583137771476
leaf_weight=92.36121703311801 1.4213978089392174 0.90261689666658895 3.0700116753578177 7.4182491898536673 0.86859326064586895 1.2365517988801027 2.0652994066476884 2.0242145955562574 0.97224563360214133 3.7388373538851738 3.5688985213637352 3.0991026647388926 10.462018091231583 7.1687940303236237
leaf_count=910 66 16 18 43 9 17 8 6 3 25 22 13 40 66
internal_value=-0.000466271 -0.000124445 0.00464099 0.00263878 0.00615754 0.0076996 0.00542184 0.00739587 0.0145126 -0.00526264 -0.0148982 0.0198238 0.0229084 -0.00201217
internal_weight=140.378 138.957 39.4266 36.3566 28.9384 28.0358 27.1672 25.9306 16.5987 9.33195 7.30774 14.5334 13.5611 99.53
internal_count=1262 1196 220 202 159 143 134 117 64 53 47 56 53 976
is_linear=0
shrinkage=0.05


Tree=235
num_leaves=15
num_cat=0
split_feature=7 5 3 3 0 0 3 4 5 3 4 4 0 2
split_gain=0.406973 1.17443 0.896176 1.1018 0.893908 0.879522 1.3262 1.08946 1.04306 2.21238 1.76891 1.43625 1.425 1.83996
threshold=1.0000000180025095e-35 3.5000000000000004 8.5000000000000018 11.500000000000002 48.500000000000007 8.5000000000000018 53.500000000000007 18.500000000000004 1.5000000000000002 36.500000000000007 7.5000000000000009 12.500000000000002 28.500000000000004 0.5185439560439562
decision_type=2 2 2 2 2 2 2 2 2 2 2 2 2 2
left_child=1 2 -1 -4 -5 6 -2 -8 12 10 -10 -11 13 -7
right_child=5 -3 3 4 -6 8 7 -9 9 11 -12 -13 -14 -15
leaf_value=-0.034783212112903 0.0126567803481644 -0.039807491485179043 0.044294023939377362 0.0020615135185302973 0.040169602403906116 -0.0088556263242127974 -0.037823694397313236 0.031893516540673815 -0.019474842660535736 0.063445953834166444 0.0048233469078432381 0.0066073583951041237 -0.03464244216919056 0.042413403779880517
leaf_weight=1.5891257971525181 17.354815475642685 1.6558820586651553 1.5951746925711621 134.67906606197357 1.5566445216536511 36.802316665649414 2.5071580111980434 0.72166338562965382 10.840875551104544 2.2016246467828742 24.23501119017601 2.2445334494113922 5.0572181399911633 1.8373669162392605
leaf_count=33 68 29 6 505 9 311 17 5 53 8 99 9 100 10
internal_value=0.000304606 0.00205306 0.00255024 0.00298068 0.00249694 -0.00207169 0.00718253 -0.0222414 -0.00436065 0.00152533 -0.00268647 0.0347524 -0.00968428 -0.00641772
internal_weight=244.878 141.076 139.42 137.831 136.236 103.803 20.5836 3.22882 83.2189 39.522 35.0759 4.44616 43.6969 38.6397
internal_count=1262 582 553 520 514 680 90 22 590 169 152 17 421 321
is_linear=0
shrinkage=0.05


Tree=236
num_leaves=15
num_cat=0
split_feature=2 3 2 3 1 1 3 0 2 3 4 1 2 3
split_gain=0.414672 1.62303 1.3206 2.79443 1.31604 1.56795 1.32173 1.37039 1.28022 1.17645 2.20353 1.50184 1.52229 1.36394
threshold=0.64075471698113218 23.500000000000004 0.59009740259740273 27.500000000000004 -14.499999999999998 -1.4999999999999998 15.500000000000002 11.500000000000002 0.73330914368650224 19.500000000000004 4.5000000000000009 4.5000000000000009 0.73647660818713467 17.500000000000004
decision_type=2 2 2 2 2 2 2 2 2 2 2 2 2 2
left_child=1 -1 -3 -4 -2 6 8 -8 -6 11 -11 12 13 -7
right_child=4 2 3 -5 5 9 7 -9 -10 10 -12 -13 -14 -15
leaf_value=0.012285563759977617 0.031895342454952146 7.1827373144305075e-05 0.028175364216945966 -0.045804004548845936 0.049286574225891715 0.059852457595222688 -7.34884495395043e-06 -0.050717584012812789 -0.014158896796267846 -0.038086499114935377 0.0012956670909784205 -0.0041793553893826928 -0.0032632352279010021 0.013308396869248999
leaf_weight=27.607576131820679 2.4624454602599135 193.88205492123961 1.8239119313657273 4.2528450228273869 0.95361688733100702 3.0551265776157397 1.8543455824255941 4.732032909989357 4.7832572367042303 5.2414418160915401 11.018974103033541 15.304280959069727 4.1022001095116138 3.2467067539691925
leaf_count=108 14 840 7 14 3 9 8 17 45 19 46 99 23 10
internal_value=-3.21369e-05 0.000921457 -0.000647543 -0.0235994 -0.00385573 -0.00547724 -0.0211581 -0.0364405 -0.00361262 -0.000872898 -0.0113989 0.00578478 0.020442 0.0358729
internal_weight=284.321 227.566 199.959 6.07676 56.7544 54.292 12.3233 6.58638 5.73687 41.9687 16.2604 25.7083 10.404 6.30183
internal_count=1262 969 861 21 293 279 73 25 48 206 65 141 42 19
is_linear=0
shrinkage=0.05


Tree=237
num_leaves=15
num_cat=0
split_feature=3 4 0 2 0 0 1 2 3 3 3 0 4 1
split_gain=0.621107 0.513724 0.869364 1.01793 1.36834 1.00782 1.30734 1.24046 1.49559 1.17634 1.22422 1.04114 4.71135 4.01277
threshold=55.500000000000007 9.5000000000000018 18.500000000000004 0.5147186147186148 35.500000000000007 33.500000000000007 13.500000000000002 0.54915769124551239 14.500000000000002 27.500000000000004 18.500000000000004 24.500000000000004 2.5000000000000004 1.5000000000000002
decision_type=2 2 2 2 2 2 2 2 2 2 2 2 2 2
left_child=1 2 -1 4 -4 6 9 -7 -9 10 -5 12 -12 -14
right_child=-2 -3 3 5 -6 7 -8 8 -10 -11 11 -13 13 -15
leaf_value=-0.015038747273205463 -0.033865027135428827 0.0027170537558498776 -0.021998673088032841 -0.01122699829079145 0.026678109651166699 0.051593012061568577 0.042673979935204484 0.0071208318333004896 -0.03877042506951521 -0.037354790380449553 0.1209247104197381 0.005813239222435148 -0.04088679852292125 0.051858103182938979
leaf_weight=12.810376554727553 1.3758082091808308 74.56032040156424 8.9906286848708969 7.2219814322888913 1.7199407219886769 0.68238195776939292 2.3855557739734641 3.1277162991464138 4.106178592890501 1.6102776899933804 1.1571571230888391 15.511630361899732 2.2011201307177544 2.4807159006595612
leaf_count=212 66 596 167 41 5 2 7 18 33 15 6 66 20 8
internal_value=-0.000435597 -0.000103679 -0.00338956 -0.000474629 -0.014182 0.00315177 0.00704113 -0.0128495 -0.0189284 0.00422483 0.00656814 0.0125875 0.0305836 0.00825498
internal_weight=139.942 138.566 64.0057 51.1953 10.7106 40.4847 32.5684 7.91628 7.23389 30.1829 28.5726 21.3506 5.83899 4.68184
internal_count=1262 1196 600 388 172 216 163 53 51 156 141 100 34 28
is_linear=0
shrinkage=0.05


Tree=238
num_leaves=15
num_cat=0
split_feature=0 0 2 1 0 0 0 4 2 0 0 3 3 4
split_gain=0.389921 0.59095 1.36169 0.771863 0.541607 0.373956 0.62972 0.834469 1.76831 0.444066 1.50479 1.50696 1.8765 1.58892
threshold=52.500000000000007 40.500000000000007 0.5986111111111112 20.500000000000004 38.500000000000007 36.500000000000007 33.500000000000007 12.500000000000002 0.71320346320346328 14.500000000000002 12.500000000000002 51.500000000000007 42.500000000000007 15.500000000000002
decision_type=2 2 2 2 2 2 2 2 2 2 2 2 2 2
left_child=1 4 -3 -4 5 6 9 8 -8 10 -1 12 -12 -13
right_child=-2 2 3 -5 -6 -7 7 -9 -10 -11 11 13 -14 -15
leaf_value=-0.00029921891168533982 0.029213249907171824 -0.09709301863978001 0.037092396365091006 -0.019438167265946937 0.029214682403256503 -0.02105693281642658 0.023918647636392475 0.037144511933688278 -0.065740862961570182 -0.001691227011717067 0.025268221591300013 0.082615110947350245 -0.011540175632523589 0.00077671109527238213
leaf_weight=72.709373416379094 1.1588938049972046 0.48586183227598567 0.75401805713772807 3.0314814541488886 1.6277263946831215 2.0369891263544551 1.8708411082625382 2.6768492609262466 0.77887676656246174 140.23915048316121 8.3474479764699954 1.579160571098327 5.9168714284896842 0.94983713328838337
leaf_count=341 10 3 6 28 14 21 24 15 3 723 34 6 29 5
internal_value=0.000279606 0.000141621 -0.018292 -0.00817808 0.000471432 0.00027411 0.000458954 0.0174548 -0.0024365 6.49052e-05 0.00281654 0.0163067 0.01 0.0518784
internal_weight=244.163 243.004 4.27136 3.7855 238.733 237.105 235.068 5.32657 2.64972 229.742 89.5027 16.7933 14.2643 2.529
internal_count=1262 1252 37 34 1215 1201 1180 42 27 1138 415 74 63 11
is_linear=0
shrinkage=0.05


Tree=239
num_leaves=15
num_cat=0
split_feature=2 2 2 4 3 2 1 3 1 0 1 3 4 4
split_gain=0.405096 0.959324 0.802533 2.08771 0.694566 1.42891 2.38502 2.76615 1.67261 1.28429 1.7098 1.38383 1.20751 1.16083
threshold=0.66134305835010065 0.67890835579514841 0.68989800874210794 11.500000000000002 23.500000000000004 0.62828947368421062 -12.499999999999998 18.500000000000004 -4.4999999999999991 30.500000000000004 14.500000000000002 22.500000000000004 10.500000000000002 9.5000000000000018
decision_type=2 2 2 2 2 2 2 2 2 2 2 2 2 2
left_child=4 -2 3 -3 5 9 -7 8 -8 12 11 13 -1 -11
right_child=1 2 -4 -5 -6 6 7 -9 -10 10 -12 -13 -14 -15
leaf_value=0.037990310646843321 -0.021831772720701133 0.047377963348657952 -0.0038356449961890558 -0.024477158880416933 -0.00031281271524446396 0.022404241992713382 -0.031020072399207711 -0.04264861459207675 0.043419172956125504 0.036621347092003466 0.025665454634101956 -0.072038648287157503 0.0090786632038701298 -0.032883781831096401
leaf_weight=7.3876031041145342 6.6871701814234248 2.5776808634400359 34.8984858635813 1.6630570441484449 202.9945910051465 4.9699841886758795 1.2023680955171587 5.4767533913254738 2.0264509543776494 0.99983170628547613 2.9132339805364609 1.118035286664963 7.0655420273542404 1.504920821636915
leaf_count=29 28 9 207 6 872 28 4 20 8 4 13 3 23 8
internal_value=-2.57911e-05 -0.00433009 -0.00133983 0.0191991 0.000804181 0.00734523 -0.00523108 -0.021008 0.015699 0.0155394 -0.00285259 -0.0257851 0.0238566 -0.00513915
internal_weight=283.486 45.8264 39.1392 4.24074 237.659 34.6647 13.6756 8.70557 3.22882 20.9892 6.53602 3.62279 14.4531 2.50475
internal_count=1262 250 222 15 1012 140 60 32 12 80 28 15 52 12
is_linear=0
shrinkage=0.05


Tree=240
num_leaves=15
num_cat=0
split_feature=3 4 1 0 2 2 0 4 2 1 2 3 2 4
split_gain=0.598995 0.488729 0.850842 1.20662 1.57046 0.828145 2.48602 2.79027 1.93887 0.93594 0.725272 0.970607 0.988655 1.0161
threshold=55.500000000000007 9.5000000000000018 -12.499999999999998 6.5000000000000009 0.36523199023199027 0.42640692640692646 14.500000000000002 1.5000000000000002 0.36579089924160352 -5.4999999999999991 0.47156334231805935 34.500000000000007 0.5147186147186148 6.5000000000000009
decision_type=2 2 2 2 2 2 2 2 2 2 2 2 2 2
left_child=1 2 -1 -4 -5 6 -6 -8 -9 -7 -11 12 13 -12
right_child=-2 -3 3 4 5 9 7 8 -10 10 11 -13 -14 -15
leaf_value=-0.03553788110421386 -0.033846433870663002 0.0026305639084815854 0.052850077772960968 -0.033870316428428957 0.18596557027513985 -0.03234316543437845 0.16990141372260034 0.098428465293286388 -0.034549839165794093 -0.034651246580141536 -0.041314821951711787 0.038450631571310484 0.001207532038366962 0.0069264615157222306
leaf_weight=1.9874430038034905 1.3287198171019543 74.567373860627413 0.97609954699873824 3.9015814578160635 0.22557932883500997 2.4768049567937771 0.24417613446712527 0.33595189452171315 1.4891170747578142 1.5426091328263343 2.8840924501419059 1.601840242743491 44.041452318429947 1.7562152445316312
leaf_count=30 66 596 5 187 3 22 7 1 43 37 14 6 238 7
internal_value=-0.000435806 -0.000114185 -0.0033392 -0.00229824 -0.00318801 -0.00107292 0.0283483 0.0111656 -0.0100717 -0.00231625 -0.000881243 0.000154759 -0.00110534 -0.023057
internal_weight=139.359 138.03 63.463 61.4755 60.4994 56.5978 2.29482 2.06925 1.82507 54.303 51.8262 50.2836 48.6818 4.64031
internal_count=1262 1196 600 570 565 378 54 51 44 324 302 265 259 21
is_linear=0
shrinkage=0.05


Tree=241
num_leaves=15
num_cat=0
split_feature=7 5 2 3 5 2 1 2 1 2 1 3 2 0
split_gain=0.386396 1.15066 0.870215 1.80807 1.07927 1.692 1.44645 0.95898 2.6263 2.41468 1.25268 0.868206 0.841225 0.974426
threshold=1.0000000180025095e-35 3.5000000000000004 0.019237883832778396 69.500000000000014 1.5000000000000002 0.35924528301886799 -13.499999999999998 0.25931034482758625 -3.4999999999999996 0.21132376395534294 6.5000000000000009 44.500000000000007 0.95584415584415605 8.5000000000000018
decision_type=2 2 2 2 2 2 2 2 2 2 2 2 2 2
left_child=1 2 3 -1 5 6 -4 9 -9 -8 -10 -12 13 -2
right_child=12 -3 4 -5 -6 -7 7 8 10 -11 11 -13 -14 -15
leaf_value=-0.052943575183138795 0.0069524683547974881 -0.039854743431182824 0.043305922729459961 0.015029456496620819 -0.00082698659556859763 0.021881294358144215 -0.0029317929336329243 0.030777104618063197 -0.046067785394442423 0.028871626670394709 -0.034987852641262071 0.016904953506436025 0.026108555170542821 -0.0052505990775498154
leaf_weight=2.0643703937530509 20.55349462479353 1.6237808633595694 2.1178553998470298 1.8596114069223406 75.262079190462828 16.350924948230386 23.177008539438251 2.5959106683731079 4.1154474914073926 8.0382324904203397 1.38395032286644 1.93017902970314 2.5883320942521086 80.155419506132603
leaf_count=9 90 29 8 8 305 95 68 8 12 25 4 11 14 576
internal_value=0.00028482 0.00199142 0.00248063 -0.0207305 0.00315544 0.00817516 0.00300645 0.000936934 -0.0125168 0.0052579 -0.0276438 -0.00476501 -0.00203673 -0.0027601
internal_weight=243.817 140.519 138.896 3.92398 134.972 59.7095 43.3586 41.2407 10.0255 31.2152 7.42958 3.31413 103.297 100.709
internal_count=1262 582 553 17 536 231 136 128 35 93 27 15 680 666
is_linear=0
shrinkage=0.05


Tree=242
num_leaves=15
num_cat=0
split_feature=2 2 2 6 4 2 3 3 1 8 0 4 3 2
split_gain=0.392119 2.05054 1.2184 1.50668 1.22698 1.13525 2.24491 1.39536 1.60551 1.65187 1.58801 1.1583 1.12208 2.04459
threshold=0.41967741935483877 0.40877080665813065 0.42640692640692646 1.0000000180025095e-35 15.500000000000002 0.49164578111946539 31.500000000000004 24.500000000000004 -12.499999999999998 1.0000000180025095e-35 22.500000000000004 17.500000000000004 33.500000000000007 0.37119815668202771
decision_type=2 2 2 2 2 2 2 2 2 2 2 2 2 2
left_child=1 12 -2 4 -4 11 7 8 -7 -10 -9 -6 13 -1
right_child=2 -3 3 -5 5 6 -8 10 9 -11 -12 -13 -14 -15
leaf_value=-0.03464138559843475 -0.042382099092138449 0.029618607899852285 0.0015545987179782037 -0.031920120603466329 -0.053329304715617358 0.06835781796352515 0.046763736638539583 -0.0089455581936446794 0.028848130608056789 -0.017288110120687664 -0.058907864261860232 -0.0080174841744106076 0.0017279356810002069 0.035626837993999842
leaf_weight=4.967995971441268 1.8177658915519703 6.406254604458808 127.61720443889499 3.8944066260009995 2.7754397243261364 0.81229747831822052 1.9021784104406823 4.0982143580913535 2.6613244637846929 7.1594024896621704 2.5990192219614983 2.86758753657341 111.86557954549789 1.3076992258429525
leaf_count=21 11 30 532 34 9 3 7 12 15 40 11 9 513 15
internal_value=-3.08057e-05 0.00206774 -0.0016829 -0.00120983 -0.000425539 -0.0105841 -0.00479824 -0.0104577 0.000802084 -0.00478562 -0.0283346 -0.0303034 0.000573783 -0.0199992
internal_weight=282.752 124.548 158.205 156.387 152.493 24.8755 19.2324 17.3303 10.633 9.82073 6.69723 5.64303 118.141 6.2757
internal_count=1262 579 683 672 638 106 88 81 58 55 23 18 549 36
is_linear=0
shrinkage=0.05


Tree=243
num_leaves=15
num_cat=0
split_feature=3 2 2 2 4 4 4 2 2 2 2 2 3 2
split_gain=0.57839 0.471395 1.49669 1.00664 1.20935 1.19462 1.86471 1.03161 1.58916 0.949083 1.8576 2.77796 0.909075 1.44371
threshold=55.500000000000007 0.73330914368650224 0.7231800766283526 0.75576441102756908 17.500000000000004 12.500000000000002 3.5000000000000004 0.82497911445279881 0.93968253968253979 0.71880405238448242 0.71563342318059309 0.7076149425287358 18.500000000000004 0.69905660377358492
decision_type=2 2 2 2 2 2 2 2 2 2 2 2 2 2
left_child=1 2 9 5 7 6 -3 -5 -9 10 11 12 13 -1
right_child=-2 3 -4 4 -6 -7 -8 8 -10 -11 -12 -13 -14 -15
leaf_value=-0.038469325223955207 -0.033829590791225876 -0.01733656505461954 -0.04619240323456901 -0.017954015844789485 0.045015322382776002 -0.012971875783472617 0.055522866681072897 0.035993018828897792 -0.0041992230229638168 0.043314413957164975 -0.047114497493943142 0.048983739655453044 -0.00044512141508135122 0.0082649781108354633
leaf_weight=4.034622684121131 1.2833498520776618 1.1861584931612039 1.8486865181475867 7.0617940723896089 1.4323276393115509 1.6553990244865415 3.3821674808859825 3.264194279909133 9.9745999127626401 1.2045338377356518 2.1692218109965316 2.7757473140954962 94.816668707877398 2.7989366576075554
leaf_count=33 66 6 9 32 8 6 12 17 66 6 9 11 968 13
internal_value=-0.000418402 -0.000106799 -0.0015845 0.00568888 0.000611596 0.0234185 0.036605 -0.00252135 0.00571069 -0.000819507 -0.00131822 -0.000366906 -0.00171452 -0.0193276
internal_weight=138.888 137.605 109.648 27.9566 21.7329 6.22372 4.56833 20.3006 13.2388 107.8 106.595 104.426 101.65 6.83356
internal_count=1262 1196 1049 147 123 24 18 115 83 1040 1034 1025 1014 46
is_linear=0
shrinkage=0.05


Tree=244
num_leaves=15
num_cat=0
split_feature=0 0 2 1 0 0 0 4 4 7 3 1 2 7
split_gain=0.362571 0.588083 1.2792 0.736945 0.501489 0.356929 0.586484 0.809786 0.920972 0.646103 0.510207 0.806024 0.425775 0.665743
threshold=52.500000000000007 40.500000000000007 0.5986111111111112 20.500000000000004 38.500000000000007 36.500000000000007 33.500000000000007 10.500000000000002 8.5000000000000018 1.0000000180025095e-35 22.500000000000004 12.500000000000002 0.77525497814473054 1.0000000180025095e-35
decision_type=2 2 2 2 2 2 2 2 2 2 2 2 2 2
left_child=1 4 -3 -4 5 6 -1 8 9 -8 11 -9 13 -7
right_child=-2 2 3 -5 -6 12 7 10 -10 -11 -12 -13 -14 -15
leaf_value=8.6626167430411122e-05 0.028521714402821741 -0.095231251323625976 0.036785446479447349 -0.019401234387194679 0.02838017686513274 0.037558614877866846 0.036918564331078069 0.043879819700428618 -0.072284577266938876 -0.034406940797775225 0.062995078189584081 -0.013511515703148312 -0.051861122599070712 -0.034807075405608172
leaf_weight=228.70816387142986 1.1310310401022423 0.47974203154444595 0.72417503595352206 3.006183223798871 1.5991331338882435 0.55773968994617396 0.8540436103939999 1.4434201549738652 0.44764621928334225 0.50539680570363998 0.92569763585925091 1.0618243888020513 0.70931265130639065 0.73883335292339325
leaf_count=1138 10 3 6 28 14 4 7 8 3 12 5 7 4 13
internal_value=0.000278382 0.000146251 -0.0183775 -0.00849371 0.000474546 0.000285419 0.00046549 0.0170078 -0.0100809 0.010402 0.0312755 0.019555 -0.0207163 -0.00367792
internal_weight=242.892 241.761 4.2101 3.73036 237.551 235.952 233.946 5.23803 1.80709 1.35944 3.43094 2.50524 2.00589 1.29657
internal_count=1262 1252 37 34 1215 1201 1180 42 22 19 20 15 21 17
is_linear=0
shrinkage=0.05


Tree=245
num_leaves=15
num_cat=0
split_feature=2 2 5 8 3 2 8 2 3 0 4 7 2 2
split_gain=0.382015 0.686031 0.616514 1.86929 0.665799 0.679336 0.975594 0.790667 0.747241 0.70242 0.518274 0.494678 1.2079 0.467038
threshold=0.72703081232493005 0.72111111111111115 3.5000000000000004 1.0000000180025095e-35 2.5000000000000004 0.93968253968253979 1.0000000180025095e-35 0.78215686274509821 15.500000000000002 27.500000000000004 7.5000000000000009 1.0000000180025095e-35 0.73647660818713467 0.71764549561520075
decision_type=2 2 2 2 2 2 2 2 2 2 2 2 2 2
left_child=1 13 4 -4 -2 7 -7 8 9 -6 11 12 -10 -1
right_child=2 -3 3 -5 5 6 -8 -9 10 -11 -12 -13 -14 -15
leaf_value=0.00047638798014148831 -0.04225286088699081 0.029281758157703043 -0.036568987112032339 0.044058056031173562 -0.0068256174160140626 -0.034975773921039031 0.021230174955905207 -0.037331794400442882 0.019901928069951821 0.046903536877734464 -0.038245641395870666 0.019726660575419445 -0.044403001208937698 -0.019857741383924085
leaf_weight=256.51884328946471 1.4891915358603061 2.0513239428400984 1.1460544150322667 1.9286549538373947 1.3828615508973583 0.98592778667807479 3.5589385405182838 2.7218914665281764 1.2582546174526217 1.0860226992517708 1.8082973044365642 1.2783671170473097 1.7403086423873899 2.8552807942032805
leaf_count=1093 9 9 19 16 7 16 13 30 6 8 15 4 7 10
internal_value=-3.37305e-05 0.000480326 -0.00662627 0.0140055 -0.010291 -0.00728248 0.0090373 -0.0138603 -0.00639171 0.016809 -0.0158046 -0.00631652 -0.0174194 0.000252543
internal_weight=281.81 261.425 20.3848 3.07471 17.3101 15.8209 4.54487 11.276 8.55411 2.46888 6.08523 4.27693 2.99856 259.374
internal_count=1262 1112 150 35 115 106 29 77 47 15 32 17 13 1103
is_linear=0
shrinkage=0.05


Tree=246
num_leaves=15
num_cat=0
split_feature=3 1 4 0 2 2 2 4 1 4 2 3 3 2
split_gain=0.559327 0.46944 0.728686 0.653582 0.687997 1.57089 3.72834 1.45895 1.53383 1.48968 1.48716 1.26158 2.70653 2.34799
threshold=55.500000000000007 9.5000000000000018 16.500000000000004 30.500000000000004 0.69669913419913432 0.66904761904761911 0.66431924882629112 16.500000000000004 -17.499999999999996 9.5000000000000018 0.64850506548060305 30.500000000000004 47.500000000000007 0.5196153846153847
decision_type=2 2 2 2 2 2 2 2 2 2 2 2 2 2
left_child=1 3 -3 4 5 6 7 9 -9 10 -1 13 -13 -11
right_child=-2 2 -4 -5 -6 -7 -8 8 -10 11 -12 12 -14 -15
leaf_value=-0.013815086260806551 -0.033813006452218269 0.0025850300885073706 0.02831812800675685 -0.036746731137173701 0.0051878969207235235 -0.030948171449252326 0.094698106377196667 0.020620870943220369 -0.031201509423003228 0.046055623013159484 0.023291625375928146 -0.027264014165839248 0.018487408001298489 0.0041829228242461968
leaf_weight=21.936177880503241 1.2414721958339203 35.632861601188779 2.9811980426311484 1.329968063160776 27.802510943263769 5.0590112209320059 0.98139521479606528 1.7521356120705602 7.7148357247933728 4.808291923254731 3.0792077220976344 6.3983625732362253 6.533189482986927 11.022968932986258
leaf_count=368 66 202 18 17 126 23 3 16 110 29 21 141 57 65
internal_value=-0.000403048 -0.000100363 0.00457175 -0.00193346 -0.00145656 -0.00412281 -0.00200983 -0.00351048 -0.0216103 -0.000324232 -0.00924753 0.00743647 -0.0041498 0.0169006
internal_weight=138.274 137.032 38.6141 98.4181 97.0881 69.2856 64.2266 63.2452 9.46697 53.7782 25.0154 28.7628 12.9316 15.8313
internal_count=1262 1196 220 976 959 833 810 807 126 681 389 292 198 94
is_linear=0
shrinkage=0.05


Tree=247
num_leaves=15
num_cat=0
split_feature=7 3 0 3 1 3 2 2 4 5 2 1 2 1
split_gain=0.355462 1.08832 0.856859 1.15142 1.58573 1.84175 1.19302 1.55928 1.49315 1.03825 1.78491 1.40119 2.17466 1.45607
threshold=1.0000000180025095e-35 8.5000000000000018 8.5000000000000018 49.500000000000007 -2.4999999999999996 52.500000000000007 0.21320346320346323 0.22767145135566189 17.500000000000004 1.5000000000000002 0.35924528301886799 -3.4999999999999996 0.25931034482758625 9.5000000000000018
decision_type=2 2 2 2 2 2 2 2 2 2 2 2 2 2
left_child=1 -1 -3 6 -5 -6 8 -8 -4 10 11 -9 -13 -14
right_child=-2 2 3 4 5 -7 7 9 -10 -11 -12 12 13 -15
leaf_value=-0.034509872611694963 -0.001956857967197561 -0.0069325899800906244 -0.0042703119517082978 0.053196488769923715 0.047722477026895908 -0.0040131207775972828 0.063405422801984676 0.029942700121446765 -0.052942214039488712 7.9284328534389792e-05 0.022725848754743573 0.015476792667623168 -0.049348040486600735 0.008319096591812172
leaf_weight=2.0208194414153686 102.84042588807642 20.671074863523245 7.6039910614490491 2.6265898048877707 2.3038415312767011 6.7909857183694839 1.0971337258815754 2.5611535608768472 1.9876469969749448 66.834092333912849 15.654452711343763 4.1391721367835999 3.8129594027996063 1.5354159846901891
leaf_count=56 680 97 22 8 9 20 3 8 6 232 89 12 11 9
internal_value=0.000273891 0.00191678 0.00245167 0.00411039 0.0189753 0.0090922 0.00245455 0.0041406 -0.0143564 0.00345282 0.0115915 -0.00287499 -0.0117341 -0.0327929
internal_weight=242.48 139.639 137.619 116.947 11.7214 9.09483 105.226 95.6344 9.59164 94.5372 27.7032 12.0487 9.48755 5.34838
internal_count=1262 582 526 429 37 29 392 364 28 361 129 40 32 20
is_linear=0
shrinkage=0.05


Tree=248
num_leaves=15
num_cat=0
split_feature=2 2 2 3 2 6 2 1 1 4 5 7 2 2
split_gain=0.375494 1.34468 1.73842 1.52009 1.65846 1.30432 1.30298 2.21911 1.87507 2.18989 1.24687 2.51803 1.74396 1.35273
threshold=0.43760810476896467 0.30272911051212942 0.28119594761551775 32.500000000000007 0.30815538391640168 1.0000000180025095e-35 0.25931034482758625 2.5000000000000004 -1.0000000180025095e-35 10.500000000000002 1.5000000000000002 1.0000000180025095e-35 0.47943661971830992 0.53337041156840936
decision_type=2 2 2 2 2 2 2 2 2 2 2 2 2 2
left_child=1 2 6 -3 -5 10 7 -1 9 -8 11 -2 -12 -14
right_child=5 3 -4 4 -6 -7 8 -9 -10 -11 12 -13 13 -15
leaf_value=0.0016828557678109351 -0.037112753409964179 0.03485422069107566 -0.020592748204405771 0.054514274983565814 0.0028056054704988544 -0.031250927818599214 0.038607005772713587 -0.031174581575407673 0.047505003846219092 -0.03662831514022407 -0.023657943277589202 -0.0030129825586296859 0.019953463219266464 0.0013519924862684391
leaf_weight=72.981886751949787 6.4777915440499774 5.4213191866874686 10.17104199528694 1.6491945683956171 25.955161526799202 3.6498069055378428 1.7624872326850893 5.5278928130865088 3.5555318370461455 2.1434975564479828 6.3544898331165305 32.958676792681217 10.939470529556273 91.707481320947409
leaf_count=312 71 35 38 8 165 32 11 19 14 9 20 127 33 368
internal_value=-3.79807e-05 0.00194441 -0.00104558 0.0106487 0.00589489 -0.00172163 0.001267 -0.000630644 0.0212339 -0.00268008 -0.000995558 -0.00861417 0.00176084 0.00333442
internal_weight=281.256 129.168 96.1423 33.0257 27.6044 152.088 85.9713 78.5098 7.46152 3.90598 148.438 39.4365 109.001 102.647
internal_count=1262 611 403 208 173 651 365 331 34 20 619 198 421 401
is_linear=0
shrinkage=0.05


Tree=249
num_leaves=15
num_cat=0
split_feature=3 3 2 0 1 2 4 4 4 0 0 5 0 2
split_gain=0.540104 0.441225 1.58171 0.705843 0.807349 0.618096 0.585532 0.919126 0.847952 0.442131 0.700546 1.60975 1.15803 1.07483
threshold=55.500000000000007 51.500000000000007 0.19139194139194141 17.500000000000004 -2.4999999999999996 0.21132376395534294 12.500000000000002 14.500000000000002 9.5000000000000018 50.500000000000007 40.500000000000007 1.5000000000000002 38.500000000000007 0.1937134502923977
decision_type=2 2 2 2 2 2 2 2 2 2 2 2 2 2
left_child=1 2 -1 4 6 -6 8 -8 -3 10 12 -12 13 -4
right_child=-2 3 9 -5 5 -7 7 -9 -10 -11 11 -13 -14 -15
leaf_value=-0.034356563380516701 -0.033796922944037841 -0.0029495075360919565 0.055905261167374723 -0.034713709510677558 0.078325925694660334 0.016740471063287556 -0.054814518754934372 0.010046938522242015 0.060143683361722794 -0.022484728644718822 0.040743246880120959 -0.018935880375958027 -0.040474357681059649 -4.0222452580874458e-05
leaf_weight=3.4124924195930353 1.1995702078565944 1.1450021490454676 0.86490639857947726 0.72673508152365673 0.81865839287638553 0.81104783155024052 0.76915973052382502 1.8841169476509092 0.99556261301040638 2.1224708110094062 3.1133487895131102 1.7736541107296941 1.7612319532781828 116.21903886273503
leaf_count=98 66 12 11 17 4 8 3 19 3 15 22 10 14 960
internal_value=-0.000393199 -9.94672e-05 -0.000768246 0.0119911 0.0172751 0.047677 0.00693976 -0.00875578 0.0263947 0.000142486 0.000530628 0.0190837 -0.00023229 0.00037305
internal_weight=137.617 136.417 129.267 7.15028 6.42355 1.62971 4.79384 2.65328 2.14056 125.855 123.732 4.887 118.845 117.084
internal_count=1262 1196 1130 66 49 12 37 22 15 1032 1017 32 985 971
is_linear=0
shrinkage=0.05


Tree=250
num_leaves=15
num_cat=0
split_feature=0 0 4 0 2 1 1 1 3 3 4 4 1 0
split_gain=0.368114 1.36517 1.42936 1.3164 1.28539 1.16554 1.07901 0.975807 0.939782 1.83002 1.50266 1.46564 1.38025 0.92666
threshold=14.500000000000002 12.500000000000002 4.5000000000000009 15.500000000000002 0.67423506556580881 -6.4999999999999991 -1.4999999999999998 -7.4999999999999991 51.500000000000007 43.500000000000007 14.500000000000002 15.500000000000002 1.0000000180025095e-35 10.500000000000002
decision_type=2 2 2 2 2 2 2 2 2 2 2 2 2 2
left_child=1 6 -3 4 -2 -5 7 -1 9 10 -4 -10 -11 -9
right_child=3 2 8 5 -6 -7 -8 13 11 12 -12 -13 -14 -15
leaf_value=0.0020344085908325198 -0.026030858481661142 -0.015143365615112623 0.014024957680765553 0.035183004397356062 0.015208122014003362 -0.00047875400999831979 0.031573597545718611 -0.0029001588513354777 0.079735167006143123 -0.033699731147015181 0.06069647679851542 0.0010124336324467138 0.03484813415157563 -0.027157642465684168
leaf_weight=52.639081419445574 9.1159230284392816 3.0685214325785664 4.9903067648410779 2.3296860158443442 2.3836239427328101 138.69697293639183 2.5842936858534804 10.79607490450144 1.57503093779087 2.4812970757484436 2.6354260742664337 0.94657828658819188 1.043068587779999 6.1968522593379012
leaf_count=264 39 16 21 7 8 793 8 34 6 14 9 5 3 35
internal_value=0.000274791 0.00283103 0.0156961 -0.00121606 -0.0174829 0.000110359 -0.000151176 -0.0013286 0.0226178 0.0163837 0.0301545 0.0501837 -0.0134124 -0.0117462
internal_weight=241.483 88.9565 16.7402 152.526 11.4995 141.027 72.2163 69.632 13.6717 11.1501 7.62573 2.52161 3.52437 16.9929
internal_count=1262 415 74 847 47 800 341 333 58 47 30 11 17 69
is_linear=0
shrinkage=0.05


Tree=251
num_leaves=15
num_cat=0
split_feature=1 0 2 2 0 0 2 1 2 0 2 2 0 0
split_gain=0.368645 2.71754 0.938812 0.910068 2.04192 1.13298 0.797915 0.722117 2.73044 1.25923 0.803707 1.72423 1.5058 0.9747
threshold=-10.499999999999998 10.500000000000002 0.07571428571428572 0.14017543859649126 8.5000000000000018 8.5000000000000018 0.12390350877192984 -6.4999999999999991 0.15615763546798031 15.500000000000002 0.15849282296650721 0.16941270263087962 10.500000000000002 14.500000000000002
decision_type=2 2 2 2 2 2 2 2 2 2 2 2 2 2
left_child=1 -1 -2 5 -5 6 -4 9 -9 -6 -10 -12 -13 -14
right_child=2 -3 3 4 7 -7 -8 8 10 -11 11 12 13 -15
leaf_value=-0.00034770891436503877 -0.079331727315059844 -0.04361173382382038 0.016307903164650341 -0.053118912062780257 0.01292883752439879 -0.019632531921527151 0.056816203540556803 -0.11017416172831934 0.036713552039251182 -0.027200118610863716 -0.055598588655136186 0.053222389722474131 -0.01147800105437269 0.00093040842575930604
leaf_weight=40.669674053788185 0.36544233560562034 3.9853006005287162 4.1508670002222052 1.7744245342910279 20.736555527895693 1.5712399035692213 1.7191228047013281 0.56305912137031455 1.4865573942661274 2.158410131931304 1.3941375911235798 1.3301206231117237 17.343823686242104 180.87576699256897
leaf_count=175 1 15 13 9 111 6 6 2 4 7 4 4 76 829
internal_value=-4.37177e-05 -0.00420887 0.000746172 0.000870644 0.000308233 0.0180775 0.0281714 0.00072792 -0.000221494 0.0091457 8.43393e-05 -0.000186639 0.000200492 -0.000155303
internal_weight=280.125 44.655 235.47 235.104 227.663 7.44123 5.86999 225.888 202.993 22.895 202.43 200.944 199.55 198.22
internal_count=1262 190 1072 1071 1046 25 19 1037 919 118 917 913 909 905
is_linear=0
shrinkage=0.05


Tree=252
num_leaves=15
num_cat=0
split_feature=3 1 3 2 0 3 4 0 4 2 4 2 4 2
split_gain=0.523375 0.441519 0.699763 2.55784 1.38883 1.08149 0.968911 1.06337 0.887341 0.867014 1.39383 1.28855 0.843768 0.832264
threshold=55.500000000000007 9.5000000000000018 34.500000000000007 0.5147186147186148 33.500000000000007 32.500000000000007 1.5000000000000002 29.500000000000004 11.500000000000002 0.67423506556580881 11.500000000000002 0.67890835579514841 14.500000000000002 0.73330914368650224
decision_type=2 2 2 2 2 2 2 2 2 2 2 2 2 2
left_child=1 -1 3 -3 6 9 -5 -8 -9 10 -6 -11 -12 -13
right_child=-2 2 -4 4 5 -7 7 8 -10 11 12 13 -14 -15
leaf_value=-0.0018616511320633498 -0.033782072950869581 -0.050539405729089194 0.022495993843101973 -0.019354938335880756 -0.038995310922178984 0.048601481127096273 0.063860076885764588 0.025568956452199029 -0.007949471177639689 0.066764533608292043 0.038409244958988287 -0.024604042426677904 -0.019152195934315327 0.0071829970149715058
leaf_weight=97.694285575300455 1.1614670967683185 2.1723148897290221 4.7194794528186312 1.5577064901590372 4.014452859759337 0.94461432099342246 1.3792686574161042 7.8762629181146604 2.6351408250629902 0.72638262063264747 1.2155813574790957 2.9262361209839565 1.3367676995694635 6.9498913995921612
leaf_count=976 66 11 46 5 28 3 6 25 12 3 5 23 9 44
internal_value=-0.000360383 -7.52658e-05 0.00446312 0.00194032 0.0055523 -0.00348501 0.0177249 0.0225824 0.0171661 -0.00635069 -0.0206276 0.0024919 0.00826201 -0.00223531
internal_weight=137.31 136.148 38.4541 33.7346 31.5623 18.1139 13.4484 11.8907 10.5114 17.1693 6.5668 10.6025 2.55235 9.87613
internal_count=1262 1196 220 174 163 115 48 43 37 112 42 70 14 67
is_linear=0
shrinkage=0.05


Tree=253
num_leaves=15
num_cat=0
split_feature=3 2 4 3 2 2 4 8 2 2 3 4 2 3
split_gain=0.338326 1.88709 1.14372 2.72407 1.97948 1.52846 1.10232 1.18561 1.41249 1.06404 1.32113 1.22965 1.93956 1.90518
threshold=46.500000000000007 0.18090909090909094 16.500000000000004 24.500000000000004 0.41588050314465413 0.23371848739495801 8.5000000000000018 1.0000000180025095e-35 0.019237883832778396 0.12174833635813674 64.500000000000014 15.500000000000002 0.17301587301587304 51.500000000000007
decision_type=2 2 2 2 2 2 2 2 2 2 2 2 2 2
left_child=1 -1 -3 -4 5 -5 -2 9 -9 10 -8 13 -13 -11
right_child=6 2 3 4 -6 -7 7 8 -10 11 -12 12 -14 -15
leaf_value=-0.038216501893115984 0.015006406935929332 -0.0018015353768610365 -0.0094361158395826206 0.036859467544333856 0.037508057008514811 -0.015219354159436852 -0.022560653507958783 -0.018678056702202316 0.037002957546259062 0.02848661736880875 0.019771873589578562 0.0077441835911622823 -0.03688385107084826 -0.0067263473731800491
leaf_weight=3.3091833963990203 15.497327730059622 151.43402418401092 11.250721976161005 2.0750417858362189 9.3204750567674619 4.3884830884635448 10.737036265432833 1.596545636653899 3.9739906191825867 7.8179059624671954 2.2249812558293334 5.6810135990381223 4.2603826150298119 7.5516223013401031
leaf_count=25 77 867 49 9 33 19 46 6 14 33 10 18 23 33
internal_value=0.000266084 -0.000804027 -0.000110321 0.00936295 0.0227628 0.00149996 0.00354414 -0.000507421 0.0210445 -0.00364425 -0.0152941 0.00232178 -0.0113811 0.0111852
internal_weight=241.119 181.778 178.469 27.0347 15.784 6.46352 59.3408 43.8435 5.57054 38.2729 12.962 25.3109 9.9414 15.3695
internal_count=1262 1002 977 110 61 28 260 183 20 163 56 107 41 66
is_linear=0
shrinkage=0.05


Tree=254
num_leaves=15
num_cat=0
split_feature=2 3 1 0 1 2 1 2 1 1 4 3 3 0
split_gain=0.349316 0.669967 0.997982 2.88276 1.89843 0.915994 1.83245 1.28024 0.995075 0.895718 0.964683 0.87555 0.788581 0.761313
threshold=0.72703081232493005 17.500000000000004 -1.4999999999999998 27.500000000000004 17.500000000000004 0.65031897926634785 7.5000000000000009 0.68090909090909102 4.5000000000000009 -1.4999999999999998 5.5000000000000009 18.500000000000004 19.500000000000004 30.500000000000004
decision_type=2 2 2 2 2 2 2 2 2 2 2 2 2 2
left_child=1 2 -1 -4 -5 11 8 13 9 -7 12 -3 -11 -8
right_child=-2 5 3 4 -6 6 7 -9 -10 10 -12 -13 -14 -15
leaf_value=-0.0057118347468812537 -0.0064449475266714715 0.046360970735668187 0.057609202514508052 -0.036677612646357077 0.037774116709076377 -0.051680853862140344 -0.052478069891513615 0.036653933877323734 -0.044719685534443998 0.0040370430835575642 0.013439034505151166 0.0004975303200911278 -0.044754407289605419 0.0065788096510006906
leaf_weight=4.6499762684106827 19.853326980024576 1.0453307777643193 3.3435740321874601 2.1474356539547448 1.4239818602800367 1.25014191865921 0.81601460278034155 2.7481060735881329 3.5143146514892569 1.4231564402580281 3.3503890931606293 230.39013471268117 1.980683699250221 1.6474312543869016
leaf_count=17 150 4 10 14 6 5 3 13 13 4 12 995 8 8
internal_value=-5.24841e-05 0.000436144 0.0121996 0.0242441 -0.00699251 -0.000112053 -0.0114103 0.0131907 -0.0225408 -0.0128032 -0.0056073 0.000704683 -0.0243545 -0.0129837
internal_weight=279.584 259.731 11.565 6.91499 3.57142 248.166 16.7302 5.21155 11.5187 8.00437 6.75423 231.435 3.40384 2.46345
internal_count=1262 1112 47 30 20 1065 66 24 42 29 24 999 12 11
is_linear=0
shrinkage=0.05


Tree=255
num_leaves=15
num_cat=0
split_feature=3 4 1 0 2 2 0 4 1 2 3 2 4 2
split_gain=0.505377 0.434455 0.815747 1.10099 1.49707 0.775642 2.14983 2.85015 0.902142 0.697324 0.875725 0.8914 0.993687 0.884841
threshold=55.500000000000007 9.5000000000000018 -12.499999999999998 6.5000000000000009 0.36523199023199027 0.42640692640692646 19.500000000000004 1.5000000000000002 -5.4999999999999991 0.47156334231805935 34.500000000000007 0.5147186147186148 6.5000000000000009 0.53708791208791218
decision_type=2 2 2 2 2 2 2 2 2 2 2 2 2 2
left_child=1 2 -1 -4 -5 6 -6 -8 -7 -10 11 12 -11 -13
right_child=-2 -3 3 4 5 8 7 -9 9 10 -12 13 -14 -15
leaf_value=-0.035436419844150267 -0.03376824260612004 0.0025018711206212982 0.051902904845300857 -0.033844228618479598 0.10160701245941234 -0.032186420863032215 0.13914215803311439 -0.034580643292442884 -0.034607849341512807 -0.040785506987960615 0.036940545119126804 0.019901700238485705 0.007326613112640443 -0.0015012184135519758
leaf_weight=1.8995456807315338 1.1238718610256899 73.521457633003592 0.9272969625890245 3.6902975840494028 0.68619660101830904 2.3938284702598969 0.28666530363261689 1.3384785931557415 1.4793215505778849 2.764751933515071 1.572907119989394 5.5333546102046958 1.7540877237915991 37.937795767560601
leaf_count=30 66 596 5 187 7 22 7 40 37 14 6 18 7 220
internal_value=-0.000377224 -0.000100854 -0.00317413 -0.00215891 -0.00300234 -0.000960704 0.0273972 -0.00393702 -0.0021873 -0.000780376 0.000229285 -0.000973954 -0.0221097 0.00122312
internal_weight=136.91 135.786 62.2645 60.365 59.4377 55.7474 2.31134 1.62514 53.436 51.0422 49.5629 47.99 4.51884 43.4712
internal_count=1262 1196 600 570 565 378 54 47 324 302 265 259 21 238
is_linear=0
shrinkage=0.05


Tree=256
num_leaves=15
num_cat=0
split_feature=0 0 4 0 4 8 1 1 1 0 3 3 4 1
split_gain=0.331488 1.24458 1.33787 1.21632 1.28797 1.10628 1.04272 0.98523 0.880306 0.890027 0.875459 1.73548 1.41124 1.28992
threshold=14.500000000000002 12.500000000000002 4.5000000000000009 15.500000000000002 4.5000000000000009 1.0000000180025095e-35 -6.4999999999999991 -1.4999999999999998 -7.4999999999999991 10.500000000000002 51.500000000000007 43.500000000000007 14.500000000000002 1.0000000180025095e-35
decision_type=2 2 2 2 2 2 2 2 2 2 2 2 2 2
left_child=1 7 -3 4 -2 -6 -5 8 -1 -10 11 12 -4 -13
right_child=3 2 10 6 5 -7 -8 -9 9 -11 -12 13 -14 -15
leaf_value=0.0018783657223963004 0.012226443726247878 -0.014978807821555416 0.013359874977041717 0.033263489037733671 -0.040111550620377245 -0.0025218427010047003 -0.00044713299508705165 0.03011749012179385 -0.0025762778568551321 -0.026550663343399668 0.048167424102552835 -0.033322656316399114 0.058488049278563582 0.032949359191116211
leaf_weight=52.403485431335866 2.8447342067956916 3.0517872422933605 5.0181184485554677 2.3325582146644583 5.4596093259751779 3.0512648075819016 138.41036877781153 2.5872035827487698 10.643939360976221 6.0839770957827559 2.5329839363694182 2.4586923494935036 2.6457758694887161 1.0468757748603823
leaf_count=264 12 16 21 7 25 10 793 8 34 35 11 14 9 3
internal_value=0.000257047 0.00269059 0.0149602 -0.0011585 -0.0168998 -0.0266351 0.000111559 -0.00017572 -0.00130943 -0.0112958 0.0216282 0.0156097 0.0289393 -0.0135317
internal_weight=240.571 88.4728 16.7542 152.099 11.3556 8.51087 140.743 71.7186 69.1314 16.7279 13.7024 11.1695 7.66389 3.50557
internal_count=1262 415 74 847 47 35 800 341 333 69 58 47 30 17
is_linear=0
shrinkage=0.05


Tree=257
num_leaves=15
num_cat=0
split_feature=2 2 1 5 4 3 2 2 2 3 3 0 4 1
split_gain=0.34469 0.899639 0.688619 0.75191 0.930087 2.73912 1.05472 1.13207 0.882918 1.30308 1.10089 0.796451 1.64323 1.3778
threshold=0.66134305835010065 0.66431924882629112 -1.4999999999999998 1.5000000000000002 4.5000000000000009 19.500000000000004 0.72703081232493005 0.75576441102756908 0.7421798631476052 18.500000000000004 16.500000000000004 24.500000000000004 12.500000000000002 7.5000000000000009
decision_type=2 2 2 2 2 2 2 2 2 2 2 2 2 2
left_child=-1 -2 -3 -4 5 8 11 -8 9 -5 -10 -6 13 -13
right_child=1 2 3 4 6 -7 7 -9 10 -11 -12 12 -14 -15
leaf_value=0.00072943925289140456 -0.040860169959342232 -0.014384353718743715 -0.017937009708001991 0.05074965082750868 0.048621341384997852 -0.044192940457169233 -0.037752100090522017 0.0076952899873851573 0.010347620785322496 -0.0025670712904778108 -0.051669496294923192 0.0026766596899200669 -0.022774971262959774 0.056764214717061223
leaf_weight=234.34146312251687 1.6019406467676152 9.7409969698637706 4.6363672651350489 2.2137030512094515 2.2511042952537554 3.4912333935499191 1.7363947182893733 6.4979650191962719 2.058722667396069 2.3760257512331009 1.0968274176120756 2.2789900898933411 2.0750053115189075 2.435922384262085
leaf_count=1012 8 66 44 7 7 14 13 44 12 8 4 7 9 7
internal_value=-3.65541e-05 -0.00407115 -0.00269706 0.000737389 0.00377406 -0.00742332 0.0110572 -0.00188829 0.00915081 0.0231485 -0.0112087 0.0228477 0.0143028 0.0306206
internal_weight=278.833 44.4912 42.8893 33.1483 28.5119 11.2365 17.2754 8.23436 7.74528 4.58973 3.15555 9.04102 6.78992 4.71491
internal_count=1262 250 242 176 132 45 87 57 31 15 16 30 23 14
is_linear=0
shrinkage=0.05


Tree=258
num_leaves=15
num_cat=0
split_feature=3 4 1 0 2 1 1 0 0 0 4 2 5 6
split_gain=0.488119 0.414138 0.789356 1.04912 1.45061 0.784232 1.1136 0.565849 1.1422 0.689063 0.560197 0.911448 0.535362 0.969443
threshold=55.500000000000007 9.5000000000000018 -12.499999999999998 6.5000000000000009 0.36523199023199027 -10.499999999999998 -5.4999999999999991 50.500000000000007 40.500000000000007 38.500000000000007 11.500000000000002 0.67673784643343937 2.5000000000000004 1.0000000180025095e-35
decision_type=2 2 2 2 2 2 2 2 2 2 2 2 2 2
left_child=1 2 -1 -4 -5 -6 -7 8 9 12 -10 -12 -3 -14
right_child=-2 7 3 4 5 6 -8 -9 10 -11 11 -13 13 -15
leaf_value=-0.035368436322469533 -0.033754815126894724 -0.0001370699372688753 0.051182413117691186 -0.033827669673457232 0.04881632605647241 -0.039354659803275474 -0.00031834391924736997 -0.026185875454595428 -0.0062782117517983628 -0.042532717603001133 0.088576432697721239 0.023343716534770357 0.0059571524926429744 0.04519695886919535
leaf_weight=1.8403743132948864 1.0859597492963065 52.061004667542875 0.90901131555437942 3.5724879577755919 0.7802426740527143 1.8923547640442766 52.875070886686451 1.6869973987340916 0.74080773442983572 0.86804769188165565 0.76901885122060809 1.7632495351135729 13.863706741482016 1.7756081745028502
leaf_count=30 66 475 5 187 6 20 352 12 5 6 4 11 68 15
internal_value=-0.00036673 -9.89409e-05 -0.00311351 -0.00212464 -0.00294427 -0.000958039 -0.00166715 0.00243763 0.00310977 0.00173234 0.0319659 0.0431541 0.00229991 0.0104122
internal_weight=136.484 135.398 61.8695 60.0292 59.1202 55.5477 54.7674 73.5284 71.8414 68.5684 3.27308 2.53227 67.7003 15.6393
internal_count=1262 1196 600 570 565 378 372 596 584 564 20 15 558 83
is_linear=0
shrinkage=0.05


Tree=259
num_leaves=15
num_cat=0
split_feature=3 2 4 4 0 3 5 2 2 2 4 2 2 4
split_gain=0.330447 1.1373 1.08479 0.827696 1.00924 0.877447 1.08729 0.845044 1.62578 0.768382 2.20958 1.18485 1.39623 1.32566
threshold=15.500000000000002 0.75576441102756908 17.500000000000004 4.5000000000000009 24.500000000000004 13.500000000000002 2.5000000000000004 0.95584415584415605 0.82200460829493094 0.73330914368650224 12.500000000000002 0.71764549561520075 0.70638945233265737 8.5000000000000018
decision_type=2 2 2 2 2 2 2 2 2 2 2 2 2 2
left_child=2 9 3 -1 5 6 -5 8 -8 11 -11 12 -2 -13
right_child=1 -3 -4 4 -6 -7 7 -9 -10 10 -12 13 -14 -15
leaf_value=-0.029636683076904109 0.00072980020008271652 0.029249797902780823 -0.045802767621279883 0.050531250900323024 -0.017175898955833182 -0.024852908586934876 0.031558656665427676 0.027207823333867589 -0.050856827411573505 -0.03758926769962221 0.035382810109508001 0.057491054651614727 -0.030605145295781674 0.0051392477005119215
leaf_weight=2.3480842951685217 206.07527154684067 3.4475907087326041 1.5924805756658305 2.0415800921618921 4.2331745326519004 1.3046064674854276 1.0829299092292788 2.5648688618093729 1.337376322597265 3.9456304088234893 1.4074102044105528 1.9092483222484578 3.6174113824963561 3.2980532944202423
leaf_count=28 1069 11 10 8 42 4 3 28 7 14 5 6 15 12
internal_value=0.000250496 0.000754234 -0.00657688 -0.00238805 0.00270423 0.0128053 0.0197971 0.0072105 -0.0139812 0.000308197 -0.0184036 0.000774298 0.000189241 0.0243339
internal_weight=240.206 223.701 16.5051 14.9126 12.5645 8.33136 7.02676 4.98518 2.42031 220.253 5.35304 214.9 209.693 5.2073
internal_count=1262 1132 130 120 92 50 46 38 10 1121 19 1102 1084 18
is_linear=0
shrinkage=0.05


Tree=260
num_leaves=15
num_cat=0
split_feature=3 2 1 3 2 0 0 7 1 4 4 4 4 4
split_gain=0.343613 2.06356 0.83965 1.49337 1.36118 1.21968 2.48052 1.70601 1.5145 2.19072 1.18093 0.800164 1.6859 0.694267
threshold=49.500000000000007 0.14017543859649126 -17.499999999999996 54.500000000000007 0.12174833635813674 7.5000000000000009 8.5000000000000018 1.0000000180025095e-35 1.5000000000000002 10.500000000000002 15.500000000000002 16.500000000000004 13.500000000000002 11.500000000000002
decision_type=2 2 2 2 2 2 2 2 2 2 2 2 2 2
left_child=1 -1 3 -2 -4 10 -7 8 -8 -10 -6 12 -9 -3
right_child=2 13 4 -5 5 6 7 11 9 -11 -12 -13 -14 -15
leaf_value=0.032061729064099216 -0.03648908177749452 0.0022054113771627641 0.014018960110339863 0.0046898533562249886 -0.046310827596553 0.055523660800881558 -0.041084294742951583 0.013898700294834136 -0.041137851691423005 0.021382800905481763 0.0058505663114420533 0.038031819352410796 -0.043296195688033147 -0.003506148222857166
leaf_weight=5.146330550312995 4.8463728874921781 140.4724275264889 11.106605455279349 4.0346222966909409 3.3193562328815487 1.741049170494082 4.8344967812299728 5.9702944085001945 2.3142873793840408 3.5510206818580627 1.6120636165142057 1.873477019369602 1.6429866105318067 85.644286427646875
leaf_count=30 14 661 39 20 12 6 15 34 11 10 5 13 7 385
internal_value=-3.63807e-05 0.000754631 -0.00394129 -0.0177816 -0.000703744 -0.0067918 -0.00173893 -0.00667771 -0.0203645 -0.00328611 -0.0292595 0.00875916 0.00155574 4.2093e-05
internal_weight=278.11 231.263 46.8466 8.881 37.9656 26.859 21.9276 20.1866 10.6998 5.86531 4.93142 9.48676 7.61328 226.117
internal_count=1262 1076 186 34 152 113 96 90 36 21 17 54 41 1046
is_linear=0
shrinkage=0.05


Tree=261
num_leaves=15
num_cat=0
split_feature=3 3 2 3 2 1 0 1 4 4 4 2 4 2
split_gain=0.471047 0.415024 1.49984 0.748376 1.70748 2.00354 0.658289 0.693154 0.565489 0.865826 0.767785 0.508123 0.481758 1.56902
threshold=55.500000000000007 51.500000000000007 0.27207792207792209 42.500000000000007 0.1937134502923977 -9.4999999999999982 17.500000000000004 -2.4999999999999996 12.500000000000002 14.500000000000002 9.5000000000000018 0.21132376395534294 14.500000000000002 0.275185936443543
decision_type=2 2 2 2 2 2 2 2 2 2 2 2 2 2
left_child=1 2 3 4 5 -1 7 8 10 -10 -3 -9 -4 -14
right_child=-2 6 12 -5 -6 -7 -8 11 9 -11 -12 -13 13 -15
leaf_value=-0.035207212995072595 -0.033740524853727819 -0.0023970450695169347 -0.0012959150343287774 -0.034213219506503648 -0.034676036452911806 0.12447120438067449 -0.034677572119033447 0.071173526833132952 -0.053626771747142227 0.0096548672259934628 0.058402453781185575 0.016000855495915997 0.1193826009953162 0.0048282595556563331
leaf_weight=0.33519914373755455 1.0483672488480795 1.0963218696415427 90.23711674939841 4.8268594071269035 1.260355222970247 0.47458094172179643 0.69127104803919781 0.85898801684379467 0.75664883852005038 1.8923710063099859 0.98648411035537709 0.81160332635045052 0.30188053846359508 30.407043288461864
leaf_count=8 66 12 714 159 47 4 17 4 3 19 3 8 1 197
internal_value=-0.000354487 -9.51e-05 -0.000748289 -0.0234271 0.00172265 0.0583742 0.0116767 0.0166816 0.00690624 -0.00842049 0.0263996 0.0443697 0.000544976 0.00595437
internal_weight=135.985 134.937 127.843 6.89699 2.07014 0.80978 7.09369 6.40242 4.73183 2.64902 2.08281 1.67059 120.946 30.7089
internal_count=1262 1196 1130 218 59 12 66 49 37 22 15 12 912 198
is_linear=0
shrinkage=0.05


Tree=262
num_leaves=15
num_cat=0
split_feature=0 0 2 1 0 0 0 4 4 7 3 1 2 7
split_gain=0.318484 0.46161 1.16719 0.635741 0.42245 0.322418 0.534518 0.764204 0.792556 0.608516 0.47139 0.744648 0.381112 0.624778
threshold=52.500000000000007 40.500000000000007 0.5986111111111112 20.500000000000004 38.500000000000007 36.500000000000007 33.500000000000007 10.500000000000002 8.5000000000000018 1.0000000180025095e-35 22.500000000000004 12.500000000000002 0.77525497814473054 1.0000000180025095e-35
decision_type=2 2 2 2 2 2 2 2 2 2 2 2 2 2
left_child=1 4 -3 -4 5 6 -1 8 9 -8 11 -9 13 -7
right_child=-2 2 3 -5 -6 12 7 10 -10 -11 -12 -13 -14 -15
leaf_value=5.1687727519124549e-05 0.027551633150745214 -0.089254736334675872 0.036553018906239423 -0.016852642614313545 0.026595789292606833 0.037328288623942794 0.036645631678608202 0.042960911138574788 -0.067765483656670483 -0.034369264474146927 0.060855238687147407 -0.013200296393365191 -0.050221663383714803 -0.03470625324110288
leaf_weight=225.85616189707071 1.0630601383745659 0.4858833160251369 0.68749882746487889 2.9411946814507246 1.5307118147611607 0.53009245544671901 0.7902301251888264 1.3738175295293338 0.44772719591855992 0.48790698871016502 0.92312154918909062 1.0348017252981661 0.68102816492319096 0.69654452055692673
leaf_count=1138 10 3 6 28 14 4 7 8 3 12 5 7 4 13
internal_value=0.000244924 0.000123193 -0.016479 -0.00673431 0.000414682 0.000242552 0.000411671 0.0164874 -0.010517 0.00953691 0.0304758 0.0188327 -0.0202286 -0.00357645
internal_weight=239.53 238.467 4.11458 3.62869 234.352 232.821 230.914 5.05761 1.72586 1.27814 3.33174 2.40862 1.90767 1.22664
internal_count=1262 1252 37 34 1215 1201 1180 42 22 19 20 15 21 17
is_linear=0
shrinkage=0.05


Tree=263
num_leaves=15
num_cat=0
split_feature=2 2 3 2 2 2 1 2 4 1 1 4 3 3
split_gain=0.333298 0.868272 0.680619 1.13791 2.02274 3.31731 2.13516 3.13595 2.02893 1.75414 2.55851 2.85736 2.83575 1.55937
threshold=0.66134305835010065 0.66431924882629112 24.500000000000004 0.5147186147186148 0.52192701664532659 0.52899159663865558 -4.4999999999999991 0.53708791208791218 16.500000000000004 -1.4999999999999998 3.5000000000000004 12.500000000000002 29.500000000000004 25.500000000000004
decision_type=2 2 2 2 2 2 2 2 2 2 2 2 2 2
left_child=2 -2 -1 -4 -5 -6 -7 -8 9 -9 13 -12 -13 -11
right_child=1 -3 3 4 5 6 7 8 -10 10 11 12 -14 -15
leaf_value=0.0067967542824307371 -0.040615736118994751 -0.0026811514684617183 0.0014986535464223205 -0.038999935768363359 0.057145069212126545 -0.050937867951429273 -0.052500970677472794 0.048239784169150507 -0.041404620391287561 -0.057356635316506803 0.022053165242580164 -0.061896922439942319 0.034844041910645794 -0.0076518470136783395
leaf_weight=38.425891816616058 1.5640368163585652 42.427296752110124 153.58987044543028 4.6268283724784842 2.0970581620931616 2.6284860819578162 3.0254726037383071 2.1652448773384121 2.5715086273849002 2.327129662036902 13.644629605114462 2.244653075933456 1.1433629505336282 4.9014445245265961
leaf_count=156 8 242 718 14 7 8 10 7 9 7 47 8 5 16
internal_value=-3.77156e-05 -0.00402985 0.000714751 -0.000483954 -0.00784353 -0.00392083 -0.0076164 -0.00406057 0.000993404 0.00511908 0.00127067 0.0118484 -0.0292495 -0.0236535
internal_weight=277.383 43.9913 233.392 194.966 41.3758 36.749 34.6519 32.0234 28.998 26.4265 24.2612 17.0326 3.38802 7.22857
internal_count=1262 250 1012 856 138 124 117 109 99 90 83 60 13 23
is_linear=0
shrinkage=0.05


Tree=264
num_leaves=15
num_cat=0
split_feature=3 1 3 2 0 3 4 0 2 4 4 0 4 2
split_gain=0.454453 0.406457 0.663533 2.39358 1.3005 0.983404 0.879271 1.00884 0.825848 1.19426 0.808975 0.853218 2.24098 0.794119
threshold=55.500000000000007 9.5000000000000018 34.500000000000007 0.5147186147186148 33.500000000000007 32.500000000000007 1.5000000000000002 29.500000000000004 0.53546277665995989 7.5000000000000009 11.500000000000002 35.500000000000007 1.5000000000000002 0.73330914368650224
decision_type=2 2 2 2 2 2 2 2 2 2 2 2 2 2
left_child=1 -1 3 -3 6 13 -5 -8 -9 -10 11 12 -4 -6
right_child=-2 2 10 4 5 -7 7 8 9 -11 -12 -13 -14 -15
leaf_value=-0.0018410843642904903 -0.033726711185954571 -0.049908853455185316 0.10161317990718802 -0.018472924053303082 -0.0152898717265103 0.047098473128005539 0.062590201448312552 -0.023832042304612472 0.046556637964467407 0.0086834974104922913 0.057972314706818309 0.038472294954117359 -0.035675977898087873 0.0067974247547773802
leaf_weight=96.601617204025388 1.0134531809017051 2.0983395949006072 0.36168719455599774 1.5411392301321054 10.022667776793247 0.90786030888557334 1.3365854397416104 1.1339202448725689 3.1276853978633863 6.2227937169373035 1.1656349599361417 1.5045724064111707 1.6681030392646787 6.8513299673795691
leaf_count=976 66 11 4 5 68 3 6 5 9 23 6 5 31 44
internal_value=-0.000370019 -0.000118759 0.0042663 0.00178007 0.00526263 -0.0035944 0.0170493 0.0216804 0.0164651 0.0213519 0.0218511 0.00993824 -0.0112125 -0.00632179
internal_weight=135.557 134.544 37.9423 33.2423 31.144 17.7819 13.3621 11.821 10.4844 9.35048 4.7 3.53436 2.02979 16.874
internal_count=1262 1196 220 174 163 115 48 43 37 32 46 40 35 112
is_linear=0
shrinkage=0.05


Tree=265
num_leaves=15
num_cat=0
split_feature=3 3 2 2 1 1 2 2 7 4 7 3 2 3
split_gain=0.307783 1.79536 1.63751 2.16935 1.85232 2.10832 1.30275 1.16449 1.59047 1.32912 1.1035 1.43741 1.23522 1.69838
threshold=46.500000000000007 41.500000000000007 0.30272911051212942 0.41588050314465413 1.5000000000000002 -3.4999999999999996 0.42179392142327654 0.39529630613871919 1.0000000180025095e-35 19.500000000000004 1.0000000180025095e-35 39.500000000000007 0.22684391080617497 33.500000000000007
decision_type=2 2 2 2 2 2 2 2 2 2 2 2 2 2
left_child=1 2 4 7 5 10 -5 8 -4 -10 -1 12 -12 -14
right_child=-2 -3 3 6 -6 -7 -8 -9 9 -11 11 -13 13 -15
leaf_value=0.048733011070364159 0.0033993976078416145 -0.013717583006919332 0.016147567864045614 0.052238607420868978 -0.049508669669333184 0.054016419627819473 0.0010343995372754401 -0.036589451345071633 -0.035607739658623475 0.062854484360822638 0.053748227979839518 -0.036479916472253904 0.043245724431083897 -0.015864046590679613
leaf_weight=1.5649419724941225 58.758952461183071 23.305839942768216 3.8871268033981305 1.2545003294944752 0.98595136404037553 3.6667579412460301 126.64461359381676 5.6930205021053544 4.1469324268400669 0.37362053990364064 1.4946085661649702 1.8170202374458311 1.7687956094741819 3.8829153850674629
leaf_count=5 260 133 13 9 3 13 676 41 54 1 8 16 8 22
internal_value=0.000256314 -0.000766944 0.0011533 -0.000515364 0.0167616 0.0213646 0.00153664 -0.0191278 -0.00730422 -0.0274699 0.00999273 0.00322892 0.0133253 0.00263533
internal_weight=239.246 180.487 157.181 142 15.181 14.195 127.899 14.1007 8.40768 4.52055 10.5283 8.96334 7.14632 5.65171
internal_count=1262 1002 869 794 75 72 685 109 68 55 59 54 38 30
is_linear=0
shrinkage=0.05


Tree=266
num_leaves=15
num_cat=0
split_feature=3 2 1 3 2 0 0 7 1 4 4 4 4 4
split_gain=0.333396 1.94594 0.786299 1.40242 1.28303 1.15714 2.35489 1.59674 1.43322 2.0779 1.13911 0.778173 1.55406 0.685507
threshold=49.500000000000007 0.14017543859649126 -17.499999999999996 54.500000000000007 0.12174833635813674 7.5000000000000009 8.5000000000000018 1.0000000180025095e-35 1.5000000000000002 10.500000000000002 15.500000000000002 16.500000000000004 13.500000000000002 11.500000000000002
decision_type=2 2 2 2 2 2 2 2 2 2 2 2 2 2
left_child=1 -1 3 13 -4 10 -7 8 -8 -10 -6 12 -9 -2
right_child=2 -3 4 -5 5 6 7 11 9 -11 -12 -13 -14 -15
leaf_value=0.031514515831410725 -0.019523656523137676 5.2465642041920029e-05 0.013560986794658959 0.0044304022487560565 -0.045807733373814399 0.054458333557436345 -0.040237590369152941 0.013448168257033617 -0.0408127611717874 0.020550937357135857 0.0055701946251237996 0.037852107862266678 -0.041198574422634547 -0.057784685520011994
leaf_weight=5.0242315754294387 2.7935960292816144 225.37646181881428 11.054545760154722 4.030304804444313 3.249600604176524 1.7149505466222787 4.7659903019666672 5.8881758823990822 2.253432534635067 3.5574500858783722 1.6149831861257551 1.8126206099987028 1.6699997335672376 2.0151473432779312
leaf_count=30 8 1046 39 20 12 6 15 34 11 10 5 13 7 6
internal_value=-4.03262e-05 0.000738543 -0.00390609 -0.0173243 -0.000750203 -0.00671403 -0.00176541 -0.0065991 -0.0199144 -0.00324561 -0.0287509 0.00842992 0.00137382 -0.0355573
internal_weight=276.821 230.401 46.4208 8.83905 37.5817 26.5272 21.6626 19.9477 10.5769 5.81088 4.86458 9.3708 7.55818 4.80874
internal_count=1262 1076 186 34 152 113 96 90 36 21 17 54 41 14
is_linear=0
shrinkage=0.05


Tree=267
num_leaves=15
num_cat=0
split_feature=3 3 0 2 2 4 4 3 0 1 1 2 7 2
split_gain=0.441564 1.40459 1.02303 1.14145 1.25821 1.01587 1.48548 3.00178 0.761721 0.604423 1.42577 0.893791 1.62187 1.15503
threshold=30.500000000000004 32.500000000000007 32.500000000000007 0.42640692640692646 0.42179392142327654 4.5000000000000009 5.5000000000000009 33.500000000000007 6.5000000000000009 -2.4999999999999996 -8.4999999999999982 0.19139194139194141 1.0000000180025095e-35 0.019237883832778396
decision_type=2 2 2 2 2 2 2 2 2 2 2 2 2 2
left_child=-1 -2 3 4 5 -3 7 -7 -9 10 11 13 -13 -8
right_child=1 2 -4 -5 -6 6 9 8 -10 -11 -12 12 -14 -15
leaf_value=0.0012902502988059899 -0.039281062145275325 -0.034077751062734647 0.021427351822234094 -0.036050400905540618 0.084127225897443536 0.24224410960470844 0.010043388850222395 0.053195257275125807 -0.033738509679871638 0.0077418494185436202 -0.034414413781708328 -0.0018137795367040251 0.089670865290469373 -0.034350755926069863
leaf_weight=101.78379184938967 2.7924448549747458 2.471475952304913 3.9739401508122674 2.7863773480057707 0.41444864496588607 0.17876477912068622 3.5729086464271074 0.68185753002762772 0.39967184420675039 7.4024297241121415 4.1009534941986194 1.4239136110991242 0.73429072462022293 2.4836163688451052
leaf_count=594 49 113 16 44 4 2 30 3 23 148 135 11 10 80
internal_value=-0.000347026 -0.00533394 -0.00223854 -0.00576741 -0.0022316 -0.00375788 -0.000185887 0.0524417 0.0210695 -0.00354961 -0.0103364 0.00168378 0.0293122 -0.00816144
internal_weight=135.201 33.4171 30.6246 26.6507 23.8643 23.4499 20.9784 1.26029 1.08153 19.7181 12.3157 8.21473 2.1582 6.05653
internal_count=1262 668 619 603 559 555 442 28 26 414 266 131 21 110
is_linear=0
shrinkage=0.05


Tree=268
num_leaves=15
num_cat=0
split_feature=3 2 4 4 0 3 5 2 2 7 0 1 4 3
split_gain=0.307785 1.05695 1.04034 0.794067 0.952536 0.825986 1.02821 0.800843 1.54622 0.739518 0.628534 0.810382 0.561794 2.01026
threshold=15.500000000000002 0.75857142857142867 17.500000000000004 4.5000000000000009 24.500000000000004 13.500000000000002 2.5000000000000004 0.95584415584415605 0.82200460829493094 1.0000000180025095e-35 30.500000000000004 13.500000000000002 16.500000000000004 43.500000000000007
decision_type=2 2 2 2 2 2 2 2 2 2 2 2 2 2
left_child=2 12 3 -1 5 6 -5 8 -8 -9 -6 -12 -2 -14
right_child=1 -3 -4 4 10 -7 7 9 -10 -11 11 -13 13 -15
leaf_value=-0.029307406682281024 -0.00083011418383023875 0.038055274419792846 -0.045320381364518568 0.049568678191490669 -0.048183591633323863 -0.024110541705980003 0.030541285685617609 -0.034165976284777695 -0.050152438210307293 0.03880439739231694 0.043306849958326295 -0.018741844095626427 0.015326996198791187 -0.0065400893364564536
leaf_weight=2.294807123020294 177.88009571842849 1.8798698931932438 1.5533887706696976 2.0092330127954465 1.1516557624563564 1.2924167811870573 1.085602939128876 0.4157179240137342 1.3100359886884687 2.1070334315299988 0.67929799761623177 2.3350866455584764 23.547019090503454 18.983336187899113
leaf_count=28 955 6 10 8 6 4 3 15 7 13 6 30 90 81
internal_value=0.000237234 0.000722616 -0.00640893 -0.0022917 0.00271358 0.0125847 0.0194306 0.00711879 -0.0135854 0.0267798 -0.0167633 -0.00475904 0.000404208 0.00556667
internal_weight=238.525 222.29 16.2343 14.6809 12.3861 8.22004 6.92762 4.91839 2.39564 2.52275 4.16604 3.01438 220.41 42.5304
internal_count=1262 1132 130 120 92 50 46 38 10 28 42 36 1126 171
is_linear=0
shrinkage=0.05


Tree=269
num_leaves=15
num_cat=0
split_feature=1 0 2 1 0 3 2 2 4 1 2 4 3 3
split_gain=0.320674 2.52794 0.875153 0.752688 1.03899 0.723484 0.863818 1.2587 1.2 0.882937 0.680387 0.769601 0.635263 0.59858
threshold=-10.499999999999998 10.500000000000002 0.07571428571428572 -6.4999999999999991 15.500000000000002 8.5000000000000018 0.37377450980392163 0.24780701754385967 15.500000000000002 -7.4999999999999991 0.19139194139194141 8.5000000000000018 41.500000000000007 25.500000000000004
decision_type=2 2 2 2 2 2 2 2 2 2 2 2 2 2
left_child=1 13 -2 4 5 -4 7 9 -8 10 -7 -12 -13 -1
right_child=2 -3 3 -5 -6 6 8 -9 -10 -11 11 12 -14 -15
leaf_value=0.012357788815503531 -0.076223874243687748 -0.042175787494213288 -0.034824200801276406 -0.00018057344192976796 -0.024496329437716922 0.016534023683576666 0.039226998729566656 -0.028672868238461092 -0.0022508173591835709 0.03026720839556046 -0.039563772775198756 0.037853073288168795 -0.015830158097050708 -0.0031766981506786106
leaf_weight=7.6809817925095549 0.36910462379455466 3.9380602762103072 0.80061292834580555 205.95791349001229 2.1385858356952658 4.1532972678542173 5.6920143663883191 2.1929654777050009 2.5139262676239014 4.448799587786195 1.5716572254896166 0.92526710033416781 1.3626899570226667 32.185252785682678
leaf_count=45 1 15 15 936 7 25 21 9 8 26 10 6 8 130
internal_value=-3.50377e-05 -0.00395883 0.000705415 0.000827935 0.00887878 0.0118953 0.0135315 0.00625853 0.0265201 0.0124056 0.00248881 -0.0126251 0.00587975 -0.000183686
internal_weight=275.931 43.8043 232.127 231.758 25.7998 23.6612 22.8606 14.6547 8.20594 12.4617 8.01291 3.85961 2.28796 39.8662
internal_count=1262 190 1072 1071 135 128 113 84 29 75 49 24 14 175
is_linear=0
shrinkage=0.05


Tree=270
num_leaves=15
num_cat=0
split_feature=3 0 1 4 4 4 0 2 3 3 0 3 0 2
split_gain=0.433535 0.391892 0.610465 0.942569 0.897882 1.28603 1.33199 1.59276 1.58898 0.970915 0.775089 0.736483 1.48085 1.18525
threshold=55.500000000000007 50.500000000000007 13.500000000000002 15.500000000000002 13.500000000000002 11.500000000000002 33.500000000000007 0.53708791208791218 14.500000000000002 22.500000000000004 40.500000000000007 28.500000000000004 20.500000000000004 0.5196153846153847
decision_type=2 2 2 2 2 2 2 2 2 2 2 2 2 2
left_child=1 2 11 4 5 6 9 -8 -9 -4 -7 13 -13 -1
right_child=-2 -3 3 -5 -6 10 7 8 -10 -11 -12 12 -14 -15
leaf_value=0.019961571860223272 -0.033710984220715209 -0.021719991150761998 -0.0076287453329441732 0.038648997771139892 -0.031704105550623925 0.016146477229563277 0.0243933604656143 0.0074335988842428556 -0.039045673575970732 0.047911231602943305 0.065931489413066841 0.0002150264415805602 -0.021558710052071522 -0.0005906583588106331
leaf_weight=7.8171478528529397 0.96572453435510297 2.0616900250315657 1.223879337310801 2.2513213492929927 1.5765422880649556 1.9639995098114007 2.7941712886095029 3.1414211243391037 4.4346107877790928 2.2037868881598115 1.2988054901361463 22.688514057546854 11.90690093487501 68.370878918096423
leaf_count=39 66 15 4 11 9 7 10 19 32 13 7 420 220 390
internal_value=-0.000330475 -8.94258e-05 0.000249261 0.00808964 0.00439816 0.00773429 0.00105874 -0.00787266 -0.0197729 0.0280802 0.0359641 -0.00122907 -0.00727896 0.00151807
internal_weight=134.699 133.734 131.672 20.8885 18.6372 17.0607 13.7979 10.3702 7.57603 3.42767 3.2628 110.783 34.5954 76.188
internal_count=1262 1196 1181 112 101 92 78 61 51 17 14 1069 640 429
is_linear=0
shrinkage=0.05


Tree=271
num_leaves=15
num_cat=0
split_feature=0 0 2 1 0 3 2 4 1 2 1 3 1 2
split_gain=0.307265 0.43713 1.08595 0.612968 0.394571 0.316143 0.950461 2.50977 2.49279 2.77164 1.61724 1.91073 1.21395 1.06632
threshold=52.500000000000007 40.500000000000007 0.5986111111111112 20.500000000000004 38.500000000000007 22.500000000000004 0.52899159663865558 17.500000000000004 -1.4999999999999998 0.54465709728867628 4.5000000000000009 28.500000000000004 -5.4999999999999991 0.52192701664532659
decision_type=2 2 2 2 2 2 2 2 2 2 2 2 2 2
left_child=1 4 -3 -4 5 -1 13 8 12 10 -10 -12 -8 -7
right_child=-2 2 3 -5 -6 6 7 -9 9 -11 11 -13 -14 -15
leaf_value=-0.0030206113420019726 0.027196391739626138 -0.086675054696588483 0.036404604515564987 -0.016626525441713193 0.025825294854984138 -8.6365952347426306e-05 0.0088232142090268698 0.064655198046250889 0.09576002881353092 0.0059931381891866553 0.068558197261144177 -0.043041214523859513 -0.041958463117371142 -0.039609124189467965
leaf_weight=56.707927496172488 1.0513720326125611 0.48130670748650928 0.67079763766378198 2.9032727908343077 1.5147739574313153 137.82025873847306 1.7331793159246442 1.8908569663763035 1.4139112085104018 24.903878200799227 0.92205177992582299 0.65671593323349953 3.6665039062499991 1.72800102084875
leaf_count=299 10 3 6 28 14 737 6 6 5 113 8 4 16 7
internal_value=0.000226015 0.000106377 -0.0161683 -0.0066734 0.000389689 0.000223216 0.00127595 0.00861969 0.0054375 0.0114565 0.0569204 0.0221365 -0.0256587 -0.000575769
internal_weight=238.065 237.013 4.05538 3.57407 232.958 231.443 174.735 35.1871 33.2962 27.8966 2.99268 1.57877 5.39968 139.548
internal_count=1262 1252 37 34 1215 1201 902 158 152 130 17 12 22 744
is_linear=0
shrinkage=0.05


Tree=272
num_leaves=15
num_cat=0
split_feature=3 2 4 3 2 1 2 1 1 1 1 0 2 0
split_gain=0.3123 1.81995 0.747915 1.17278 1.56013 1.11121 2.08792 1.02209 1.37487 1.63204 1.18123 0.981931 1.72497 1.00213
threshold=49.500000000000007 0.14017543859649126 11.500000000000002 57.500000000000007 0.28436657681940708 1.5000000000000002 0.18719676549865233 5.5000000000000009 -4.4999999999999991 -13.499999999999998 -21.499999999999996 14.500000000000002 0.23736536868268435 17.500000000000004
decision_type=2 2 2 2 2 2 2 2 2 2 2 2 2 2
left_child=1 -1 3 4 5 6 -2 8 9 10 -4 -10 -13 -14
right_child=2 -3 7 -5 -6 -7 -8 -9 11 -11 -12 12 13 -15
leaf_value=0.0309148075374465 -0.031994729985523759 6.3193750580486425e-05 0.026043027416843625 0.01363170748261042 0.036048722223929928 -0.053288686083468408 0.020059599527257357 0.038571923881955759 -0.038251746059373405 0.015250374701189368 -0.025448018453596136 0.056352177698160012 -0.059028834833009497 0.0025707774741803224
leaf_weight=4.8841436430811873 6.4505790323019045 224.56282787583768 1.4056700915098188 3.435684196650981 1.162715546786784 2.6330232620239249 2.7465970665216446 1.7022230327129353 3.6560198068618766 13.702820956707003 5.3643093258142533 0.9505177661776546 1.0904705524444582 1.6735261231660841
leaf_count=30 23 1046 5 17 6 12 17 5 11 51 22 4 3 10
internal_value=-3.37359e-05 0.000719919 -0.00379506 -0.0123474 -0.019217 -0.0246487 -0.0164495 0.000960405 -0.001339 0.00532756 -0.0147568 -0.0198564 -0.00175075 -0.0217319
internal_weight=275.421 229.447 45.9742 16.4286 12.9929 11.8302 9.19718 29.5456 27.8433 20.4728 6.76998 7.37053 3.71451 2.764
internal_count=1262 1076 186 75 58 52 40 111 106 78 27 28 17 13
is_linear=0
shrinkage=0.05


Tree=273
num_leaves=15
num_cat=0
split_feature=3 4 1 0 2 2 1 4 2 1 2 3 2 4
split_gain=0.418133 0.389892 0.75772 0.91197 1.34105 0.717433 3.1124 1.74708 1.65591 0.847183 0.638336 0.731679 0.819819 0.952045
threshold=55.500000000000007 9.5000000000000018 -12.499999999999998 6.5000000000000009 0.36523199023199027 0.42640692640692646 -8.4999999999999982 1.5000000000000002 0.36579089924160352 -5.4999999999999991 0.47156334231805935 34.500000000000007 0.5147186147186148 6.5000000000000009
decision_type=2 2 2 2 2 2 2 2 2 2 2 2 2 2
left_child=1 2 -1 -4 -5 6 -6 -8 -9 -7 -11 12 13 -12
right_child=-2 -3 3 4 5 9 7 8 -10 10 11 -13 -14 -15
leaf_value=-0.035281435269331272 -0.033697947064140928 0.0023849022005886676 0.049151298521151451 -0.033798799084664113 0.21762772595595187 -0.031914832614579024 0.11383349010412441 0.085825427605209878 -0.034513679769308553 -0.034510090537672733 -0.040333137121651 0.034079188409248062 0.0011293340165275116 0.0070729697567403277
leaf_weight=1.7696895636618126 0.93210687022656102 72.474165332503617 0.85614325851201911 3.2979703517630687 0.1945600509643558 2.2903056517243305 0.33365540578961317 0.35631322860717762 1.4458939656615255 1.3678202964365542 2.6631898134946814 1.5364484041929234 42.980365071445704 1.7583155184984205
leaf_count=30 66 596 5 187 1 22 7 1 45 37 14 6 238 7
internal_value=-0.00032599 -9.26785e-05 -0.00304352 -0.00207788 -0.00283115 -0.000971766 0.0261757 0.00873594 -0.0107215 -0.00217461 -0.000820611 0.000121006 -0.000979689 -0.021481
internal_weight=134.257 133.325 60.8507 59.081 58.2248 54.9269 2.33042 2.13586 1.80221 52.5964 50.3061 48.9383 47.4019 4.42151
internal_count=1262 1196 600 570 565 378 54 53 46 324 302 265 259 21
is_linear=0
shrinkage=0.05


Tree=274
num_leaves=15
num_cat=0
split_feature=7 5 5 3 2 2 3 2 3 0 4 2 3 2
split_gain=0.307986 1.01925 0.773264 1.86077 2.01426 1.22209 2.1792 0.877251 1.89345 1.44023 1.05793 0.89454 0.87737 1.54173
threshold=1.0000000180025095e-35 3.5000000000000004 2.5000000000000004 17.500000000000004 0.95584415584415605 0.75857142857142867 23.500000000000004 0.58530997304582222 27.500000000000004 28.500000000000004 9.5000000000000018 0.64537223340040251 57.500000000000007 0.13896551724137934
decision_type=2 2 2 2 2 2 2 2 2 2 2 2 2 2
left_child=1 -1 5 4 -4 6 -2 9 11 10 12 -9 13 -8
right_child=2 -3 3 -5 -6 -7 7 8 -10 -11 -12 -13 -14 -15
leaf_value=0.002218981089812951 -0.031276565932969166 -0.0393391662626962 -0.035448984528540679 0.030410407547464637 0.02485412765695845 0.035122258757175159 0.032033123050917239 -0.040809638702634113 0.058202648077848557 -0.036068913789897399 -0.0083370279422946472 0.013067270227083353 -0.038645666995946328 0.0012590395135582257
leaf_weight=135.34313755109906 6.9086611736565819 1.4916563173755992 3.2742102295160276 5.7525673657655716 2.3996477946639061 2.0082299262285224 4.6649825721979132 1.1268439851701253 1.8656830787658689 3.2320204759016624 34.066612884402275 2.4358248114585876 1.1785375997424115 31.902249053120613
leaf_count=553 62 29 14 20 14 14 15 8 6 61 215 9 7 235
internal_value=0.000220936 0.00176595 -0.00187607 0.0103717 -0.00994496 -0.00344167 -0.00432796 -0.00201439 0.0173959 -0.00341844 -0.00194896 -0.00397357 0.00381645 0.00518497
internal_weight=237.651 136.835 100.816 11.4264 5.67386 89.3896 87.3814 80.4728 5.42835 75.0444 71.8124 3.56267 37.7458 36.5672
internal_count=1262 582 680 48 28 632 618 556 23 533 472 17 257 250
is_linear=0
shrinkage=0.05


Tree=275
num_leaves=15
num_cat=0
split_feature=2 2 1 5 4 3 2 2 2 3 3 4 0 4
split_gain=0.313549 0.833582 0.645951 0.710243 0.902516 2.56775 0.961929 1.10543 0.829618 1.25239 1.03014 0.744018 0.729016 1.51185
threshold=0.66134305835010065 0.66431924882629112 -1.4999999999999998 1.5000000000000002 4.5000000000000009 19.500000000000004 0.72703081232493005 0.75576441102756908 0.7421798631476052 18.500000000000004 16.500000000000004 2.5000000000000004 24.500000000000004 12.500000000000002
decision_type=2 2 2 2 2 2 2 2 2 2 2 2 2 2
left_child=-1 -2 -3 -4 5 8 12 -8 9 -5 11 -10 -6 -14
right_child=1 2 3 4 6 -7 7 -9 10 -11 -12 -13 13 -15
leaf_value=0.00070269631764797611 -0.040278622811990884 -0.014062835550239803 -0.017687517720640398 0.049777686715067652 0.046715139216391428 -0.043658174139468243 -0.037677445673024848 0.0078486780583310687 0.039725896596631859 -0.0028287678779319249 -0.050623181919508022 -0.020797960050345496 0.029564884146226461 -0.022074321677737541
leaf_weight=231.04002101533115 1.5212333202362049 9.5220847856253368 4.5077839177101842 2.1621077060699481 2.2630753815174121 3.3923815563321114 1.6814731881022433 6.4405623134225607 1.0249336920678622 2.3731646090745926 1.0839080065488813 1.0063309296965597 4.6711181402206421 2.0348275247961283
leaf_count=1012 8 66 44 7 7 14 13 44 7 8 4 5 14 9
internal_value=-3.18104e-05 -0.00391645 -0.00260453 0.000738032 0.00369029 -0.00745078 0.0108887 -0.00157642 0.0086044 0.0222504 -0.0112623 0.00974111 0.0221767 0.0138957
internal_weight=274.725 43.685 42.1638 32.6417 28.1339 11.0428 17.0911 8.12204 7.65044 4.53527 3.11517 2.03126 8.96902 6.70595
internal_count=1262 250 242 176 132 45 87 57 31 15 16 12 30 23
is_linear=0
shrinkage=0.05


Tree=276
num_leaves=15
num_cat=0
split_feature=3 3 0 1 4 4 0 3 3 1 2 0 3 3
split_gain=0.407816 1.32695 0.874325 1.34684 1.06921 0.865034 1.37263 0.679756 1.40268 1.3181 1.19562 1.21401 1.06677 1.67147
threshold=30.500000000000004 32.500000000000007 28.500000000000004 3.5000000000000004 1.5000000000000002 11.500000000000002 35.500000000000007 33.500000000000007 41.500000000000007 -9.4999999999999982 0.27207792207792209 20.500000000000004 51.500000000000007 42.500000000000007
decision_type=2 2 2 2 2 2 2 2 2 2 2 2 2 2
left_child=-1 -2 3 7 -4 6 -6 9 -9 -3 12 -12 13 -10
right_child=1 2 4 -5 5 -7 -8 8 10 -11 11 -13 -14 -15
leaf_value=0.0012432426220241957 -0.039072001364025936 0.075471385988191031 0.07223646086755732 -0.034862997932901416 -0.03653005362038813 0.041613929790578243 0.020959751683915402 -0.034467263527260733 0.038622449941221722 -0.0048463727161002111 0.060571001368050374 -0.034128623222961729 0.0084477706917809574 -0.034158453812326163
leaf_weight=101.12597618810833 2.653852908872067 0.80790387094020877 0.70860070735216041 3.5755025893449774 1.8437774702906606 1.3665696140378711 2.3765758574008942 3.2559720072895315 0.96477750223129799 1.3891321588307715 1.4675632938742627 0.43985971156507719 7.4795065922662616 4.3264708509668708
leaf_count=594 49 5 4 110 25 9 8 118 13 24 12 17 122 152
internal_value=-0.000325508 -0.00518345 -0.00218583 -0.00658439 0.0143776 0.0070392 -0.00415625 -0.00156183 -0.00477763 0.0246884 0.00180824 0.0387329 -0.00370678 -0.020888
internal_weight=133.782 32.6561 30.0022 23.7067 6.29552 5.58692 4.22035 20.1312 17.9341 2.19704 14.6782 1.90742 12.7708 5.29125
internal_count=1262 668 619 573 46 42 33 463 434 29 316 29 287 165
is_linear=0
shrinkage=0.05


Tree=277
num_leaves=15
num_cat=0
split_feature=3 2 4 4 4 2 1 1 2 2 3 4 3 3
split_gain=0.289393 1.00302 0.984461 0.728456 0.932622 1.15565 1.46862 0.855482 0.674945 1.13004 0.576447 0.509734 1.82215 1.61318
threshold=15.500000000000002 0.75857142857142867 17.500000000000004 4.5000000000000009 7.5000000000000009 0.79288856304985345 3.5000000000000004 13.500000000000002 0.82200460829493094 0.93968253968253979 12.500000000000002 16.500000000000004 43.500000000000007 24.500000000000004
decision_type=2 2 2 2 2 2 2 2 2 2 2 2 2 2
left_child=2 11 3 -1 7 -6 8 -5 -7 -10 -8 -2 13 -13
right_child=1 -3 -4 4 5 6 10 -9 9 -11 -12 12 -14 -15
leaf_value=-0.028638583837029524 -0.00080769892522893592 0.037021635266463668 -0.044788759169413508 0.042504115070614419 -0.03838466940912752 0.063803962012465618 -0.039713552340749338 -0.020817921965757529 -0.042533906296204245 0.024190445118301093 0.035864144000149527 -0.0029418341765370219 -0.006276941684469935 0.024372869624892591
leaf_weight=2.2129967259243122 176.85261763446033 1.8829401582479466 1.5048351204022754 2.2088725250214334 2.0460704900324327 0.73084211349487294 1.9063056660816076 0.70318686589598645 0.7804267220199107 3.3946770038455725 0.29078137129545201 8.4237331226468104 18.864148959517479 15.085859902203081
leaf_count=28 955 6 10 16 9 2 29 5 4 24 3 30 81 60
internal_value=0.000217702 0.000684554 -0.00632423 -0.00226916 0.00256914 -0.00527489 0.00426258 0.0272135 0.0194773 0.0117181 -0.029711 0.000372454 0.00529798 0.0145857
internal_weight=236.888 221.109 15.779 14.2742 12.0612 9.1491 7.10303 2.91206 4.90595 4.1751 2.19709 219.226 42.3737 23.5096
internal_count=1262 1132 130 120 92 71 62 21 30 28 32 1126 171 90
is_linear=0
shrinkage=0.05


Tree=278
num_leaves=15
num_cat=0
split_feature=3 2 2 4 0 2 2 2 3 4 4 1 0 1
split_gain=0.298508 1.72699 0.70422 1.03373 2.08924 2.07968 1.56405 0.901934 1.23305 0.729475 0.702469 0.608488 2.46556 1.05567
threshold=49.500000000000007 0.14017543859649126 0.29478609625668456 8.5000000000000018 19.500000000000004 0.24780701754385967 0.23736536868268435 0.22832080200501256 69.500000000000014 19.500000000000004 3.5000000000000004 -4.4999999999999991 14.500000000000002 -13.499999999999998
decision_type=2 2 2 2 2 2 2 2 2 2 2 2 2 2
left_child=1 -1 3 7 5 6 9 8 -2 11 -9 13 -13 -5
right_child=2 -3 -4 4 -6 -7 -8 10 -10 -11 -12 12 -14 -15
leaf_value=0.030435790637677769 -0.039503172809867655 7.1722259568633327e-05 0.034651688386617675 -0.0084231223007220687 -0.050938098970130491 0.05065721961913934 -0.054687028919076577 0.038652354661822472 0.011667831071190963 -0.021803115752486849 -0.016207125505531213 -0.036314089477251711 0.030663111142086127 0.015708924009628027
leaf_weight=4.783045880496501 5.4930671751499158 223.56082008779049 1.1647292748093594 6.67594994604588 1.9598515257239331 2.0747411027550688 1.3020954579114903 1.0128628462553027 1.4983858764171598 3.0628862231969824 1.3766437172889707 3.5471435189247194 2.2428561747074127 14.110958881676197
leaf_count=30 21 1046 7 27 8 10 4 6 8 11 8 11 10 55
internal_value=-2.92992e-05 0.000707749 -0.00372641 -0.00473413 -0.000781136 0.00219616 -0.00105329 -0.0194727 -0.0285364 0.00130287 0.00704668 0.00396575 -0.0103693 0.00795865
internal_weight=273.866 228.344 45.5222 44.3574 34.9765 33.0166 30.9419 9.38096 6.99145 29.6398 2.38951 26.5769 5.79 20.7869
internal_count=1262 1076 186 179 136 128 118 43 29 114 14 103 21 82
is_linear=0
shrinkage=0.05


Tree=279
num_leaves=15
num_cat=0
split_feature=3 4 1 0 2 2 1 4 2 1 2 3 2 0
split_gain=0.407746 0.375653 0.736601 0.848472 1.26178 0.684549 2.21589 1.42225 1.54521 0.801747 0.59932 0.662094 0.774136 0.942251
threshold=55.500000000000007 9.5000000000000018 -12.499999999999998 6.5000000000000009 0.36523199023199027 0.42640692640692646 -8.4999999999999982 1.5000000000000002 0.36579089924160352 -5.4999999999999991 0.47156334231805935 34.500000000000007 0.5147186147186148 26.500000000000004
decision_type=2 2 2 2 2 2 2 2 2 2 2 2 2 2
left_child=1 2 -1 -4 -5 6 -6 -8 -9 -7 -11 12 13 -12
right_child=-2 -3 3 4 5 9 7 8 -10 10 11 -13 -14 -15
leaf_value=-0.035212722799020456 -0.033688864160966669 0.0023474367624782728 0.048180122030174993 -0.033775148963120928 0.17093150408916924 -0.031460315191710955 0.097818086724335618 0.081778758696866183 -0.034437637544996978 -0.034438876490322422 4.0279202113237766e-05 0.0324491171992956 0.0010001032096139876 -0.046698195840610461
leaf_weight=1.724128946661948 0.9092007065191855 72.020875225774944 0.82869716361164947 3.1058094352483741 0.23547154664993319 2.2398573122918526 0.37196551449596826 0.36219441890716542 1.3599314959719775 1.2962830234319032 2.380459561944007 1.5236155092716206 42.893804784864187 1.9713733494281767
leaf_count=30 66 596 5 187 1 22 7 1 45 37 12 6 238 9
internal_value=-0.000319481 -9.01826e-05 -0.00300193 -0.00205373 -0.00277468 -0.00101241 0.0255075 0.00915525 -0.00999521 -0.00219355 -0.000884201 7.67931e-06 -0.00103852 -0.0211322
internal_weight=133.224 132.314 60.2936 58.5695 57.7408 54.635 2.32956 2.09409 1.72213 52.3054 50.0655 48.7693 47.2456 4.35183
internal_count=1262 1196 600 570 565 378 54 53 46 324 302 265 259 21
is_linear=0
shrinkage=0.05


Tree=280
num_leaves=15
num_cat=0
split_feature=3 2 0 0 4 4 8 2 1 4 3 2 2 1
split_gain=0.291552 1.65409 0.921741 1.33527 1.27807 1.35909 1.15894 1.11809 1.0003 0.916127 0.915527 1.75658 2.07851 1.84915
threshold=46.500000000000007 0.18090909090909094 22.500000000000004 20.500000000000004 6.5000000000000009 5.5000000000000009 1.0000000180025095e-35 0.019237883832778396 10.500000000000002 6.5000000000000009 41.500000000000007 0.30272911051212942 0.41588050314465413 1.5000000000000002
decision_type=2 2 2 2 2 2 2 2 2 2 2 2 2 2
left_child=1 -1 3 4 5 -2 -6 -8 -4 -5 11 13 -13 -3
right_child=2 10 8 9 6 -7 7 -9 -10 -11 -12 12 -14 -15
leaf_value=-0.037735749086891889 0.010230165478827699 0.022299104407430045 -0.041676785530027571 0.00045015972255675531 -0.0036368307783553899 0.061342036352770163 -0.011977736044303744 0.035765236175804876 0.036083679348631284 0.054433238141037947 -0.010102244672920842 -0.019009671271097373 0.0014307496428946219 -0.04901506201049774
leaf_weight=2.9792368039488784 5.6605264097452155 13.741733253002163 2.0493607074022289 1.22895760834217 38.622954443097115 1.6885873228311536 1.7974246889352787 3.8594535291194916 0.51813697814941395 2.1801182329654694 20.477122586220503 13.790433954447506 126.71225871797651 0.97338092327117998
leaf_count=25 26 67 18 6 166 7 7 14 5 11 113 109 685 3
internal_value=0.000205733 -0.000791545 0.00329898 0.00466502 0.00266381 0.021974 -0.000541103 0.0205953 -0.0259842 0.0349726 -0.000165087 0.00114587 -0.000575491 0.0175818
internal_weight=236.28 178.674 57.6055 55.038 51.6289 7.34911 44.2798 5.65688 2.5675 3.40908 175.695 155.218 140.503 14.7151
internal_count=1262 1002 260 237 220 33 187 21 23 17 977 864 794 70
is_linear=0
shrinkage=0.05


Tree=281
num_leaves=15
num_cat=0
split_feature=2 2 0 3 2 1 3 5 1 4 0 7 1 2
split_gain=0.296148 0.801786 0.679563 0.639047 0.99516 1.86717 2.02374 1.85683 1.6086 1.50056 1.30114 1.86176 1.21025 1.10196
threshold=0.66134305835010065 0.67890835579514841 26.500000000000004 24.500000000000004 0.62828947368421062 -12.499999999999998 18.500000000000004 1.5000000000000002 -4.4999999999999991 10.500000000000002 26.500000000000004 1.0000000180025095e-35 14.500000000000002 0.57019704433497542
decision_type=2 2 2 2 2 2 2 2 2 2 2 2 2 2
left_child=3 2 -2 4 7 -6 8 12 -7 -9 11 -11 13 -1
right_child=1 -3 -4 -5 5 6 -8 9 -10 10 -12 -13 -14 -15
leaf_value=0.01387810146046472 -0.032940861208455539 -0.0010123026752960243 0.0011376381629847824 -0.00048336692357861847 0.021102766234510122 -0.031553029740122904 -0.035459977434666438 0.042630167588258834 0.042572943317484457 -0.02500457698716162 0.049528920709639809 0.030620259439097824 0.023817464644405161 -0.027055440079281963
leaf_weight=2.4212293326854724 3.9563260376453391 36.947371924296021 2.3211399242281914 191.81947506219149 4.7284669876098624 1.1751866936683657 5.7281884774565697 6.2978826314210874 1.9402744546532611 3.4563009887933731 1.6256170272827146 2.6634815484285355 2.9577993862330914 5.1229968406260014
leaf_count=8 17 222 11 856 28 4 21 26 8 11 5 9 15 21
internal_value=-2.2141e-05 -0.00381924 -0.0203401 0.000691659 0.00660478 -0.00425985 -0.0178206 0.0126123 0.0146118 0.0245048 0.00976686 -0.000795265 -0.00329037 -0.0139183
internal_weight=273.162 43.2248 6.27747 229.937 38.1174 13.5721 8.84365 24.5453 3.11546 14.0433 7.7454 6.11978 10.502 7.54423
internal_count=1262 250 28 1012 156 61 33 95 12 51 25 20 44 29
is_linear=0
shrinkage=0.05


Tree=282
num_leaves=15
num_cat=0
split_feature=3 0 1 4 4 4 0 2 3 3 0 7 3 0
split_gain=0.394395 0.365375 0.503521 0.87894 0.834693 1.18075 1.28383 1.39793 1.50088 0.915162 0.730285 0.699944 0.64218 1.33733
threshold=55.500000000000007 50.500000000000007 13.500000000000002 15.500000000000002 13.500000000000002 11.500000000000002 33.500000000000007 0.53708791208791218 14.500000000000002 22.500000000000004 40.500000000000007 1.0000000180025095e-35 28.500000000000004 20.500000000000004
decision_type=2 2 2 2 2 2 2 2 2 2 2 2 2 2
left_child=1 2 12 4 5 6 9 -8 11 -4 -7 -9 -1 -14
right_child=-2 -3 3 -5 -6 10 7 8 -10 -11 -12 -13 13 -15
leaf_value=0.0014417298979517844 -0.033677733613735411 -0.021189339295202322 -0.0076217029991483961 0.037104397035476903 -0.031329146185082618 0.014960378777759223 0.022248301133179781 -0.013236360972429884 -0.038846199507265033 0.046403688375067524 0.063425167560109283 0.03473634593310209 0.00027574035837313684 -0.020781886988184981
leaf_weight=75.726763125509024 0.87984952004626293 2.0205105580389491 1.2200768887996774 2.2232158258557311 1.546977825462817 1.9675864875316613 2.726595610380171 1.8300702199339867 4.2854575421661139 2.1924684522673488 1.28486081212759 1.3008069396018982 22.253293918445706 11.403496402315794
leaf_count=429 66 15 4 11 9 7 10 13 32 13 7 6 420 220
internal_value=-0.000312907 -9.04826e-05 0.000237541 0.00741291 0.00381656 0.00705132 0.000559903 -0.00836541 -0.0196205 0.0270882 0.0341061 0.00669519 -0.00111235 -0.00685894
internal_weight=132.862 131.982 129.962 20.5781 18.3549 16.8079 13.5555 10.1429 7.41633 3.41255 3.25245 3.13088 109.384 33.6568
internal_count=1262 1196 1181 112 101 92 78 61 51 17 14 19 1069 640
is_linear=0
shrinkage=0.05


Tree=283
num_leaves=15
num_cat=0
split_feature=7 5 2 3 0 5 3 2 2 3 2 3 0 4
split_gain=0.299307 0.9681 0.746338 0.958725 0.776241 0.72653 1.76998 1.87833 1.14453 2.06094 0.80576 1.72542 1.39036 0.947023
threshold=1.0000000180025095e-35 3.5000000000000004 0.88268021286889231 11.500000000000002 48.500000000000007 2.5000000000000004 17.500000000000004 0.95584415584415605 0.75857142857142867 23.500000000000004 0.58530997304582222 27.500000000000004 28.500000000000004 9.5000000000000018
decision_type=2 2 2 2 2 2 2 2 2 2 2 2 2 2
left_child=1 2 3 -1 -5 8 7 -7 9 -2 12 -12 13 -11
right_child=5 -3 -4 4 -6 6 -8 -9 -10 10 11 -13 -14 -15
leaf_value=0.042034159334866317 -0.030887476285920763 -0.039077650466039567 -0.034568434986972561 0.0016936888389926089 0.039214128955673978 -0.034919134758273948 0.029608298132759669 0.024238976873906984 0.03423700317636752 0.0035174339794229134 -0.0040649817032440624 0.054902306466159456 -0.036020188169418016 -0.0080192366301242973
leaf_weight=1.5195824801921833 6.6990789994597426 1.4378063092008222 1.3684259699657548 130.29450364410877 1.3932210728526104 3.1992070004343969 5.7146662250161171 2.3110795542597771 1.9759205579757679 37.566946197301149 3.5524996481835833 1.90619820356369 3.124730782583355 33.787321727722883
leaf_count=6 62 29 33 505 9 14 20 14 14 257 17 6 61 215
internal_value=0.000206849 0.00173289 0.00216891 0.00254631 0.00209065 -0.00187215 0.010112 -0.0101075 -0.00339022 -0.00424839 -0.00201593 0.0165266 -0.00337495 -0.00194535
internal_weight=235.851 136.014 134.576 133.207 131.688 99.8376 11.225 5.51029 88.6127 86.6368 79.9377 5.4587 74.479 71.3543
internal_count=1262 582 553 520 514 680 48 28 632 618 556 23 533 472
is_linear=0
shrinkage=0.05


Tree=284
num_leaves=15
num_cat=0
split_feature=1 4 0 2 4 4 0 2 5 3 3 4 3 2
split_gain=0.285048 0.822399 0.597676 1.18426 0.940772 0.883624 0.575535 1.3089 1.52751 1.46558 1.41604 1.38531 1.36136 1.55773
threshold=9.5000000000000018 16.500000000000004 36.500000000000007 0.71880405238448242 3.5000000000000004 8.5000000000000018 18.500000000000004 0.43760810476896467 1.5000000000000002 31.500000000000004 33.500000000000007 19.500000000000004 46.500000000000007 0.38061703554661303
decision_type=2 2 2 2 2 2 2 2 2 2 2 2 2 2
left_child=6 2 3 -2 -4 -6 -1 9 -9 -8 -11 -10 13 -12
right_child=1 -3 4 -5 5 -7 7 8 11 10 12 -13 -14 -15
leaf_value=-0.0015853890800628925 -0.0040420825952596634 -0.041233880245247018 -0.024675058071388249 -0.047774706039876852 0.031163930709981261 0.00055687179033663708 0.047706689883071911 -0.015324741052310737 0.0043897419152052848 -0.027503175281685062 0.048366447485206687 -0.047501268284690701 -6.5768794233829364e-05 0.009348905898661726
leaf_weight=130.19556637853384 23.599101904779676 1.4292738828808058 1.9792705625295628 1.6566923018544901 4.0036521106958372 5.7373561691492796 2.7554429247975376 13.16340735554695 63.963583227247 2.3677369803190258 4.439225412905218 1.312576338648795 9.7672479152679426 6.0366316363215446
leaf_count=581 116 18 12 12 22 40 21 62 231 16 33 5 54 39
internal_value=-2.64756e-05 -0.00401887 -0.00258036 -0.00691079 0.0067512 0.0131367 0.000628774 0.00340583 0.000213015 0.0132789 0.00908338 0.00334631 0.0133627 0.0258829
internal_weight=272.407 38.4053 36.9761 25.2558 11.7203 9.74101 234.001 103.806 78.4396 25.3663 22.6108 65.2762 20.2431 10.4759
internal_count=1262 220 202 128 74 62 1042 461 298 163 142 236 126 72
is_linear=0
shrinkage=0.05


Tree=285
num_leaves=15
num_cat=0
split_feature=2 2 2 4 4 4 2 2 2 2 2 2 0 3
split_gain=0.384574 1.34138 0.900508 1.03523 1.70442 1.00726 0.887689 1.27711 0.84116 1.71173 2.47791 0.825353 1.17345 0.987502
threshold=0.73330914368650224 0.7231800766283526 0.75576441102756908 12.500000000000002 3.5000000000000004 17.500000000000004 0.82497911445279881 0.93968253968253979 0.71880405238448242 0.71563342318059309 0.7076149425287358 0.67890835579514841 12.500000000000002 18.500000000000004
decision_type=2 2 2 2 2 2 2 2 2 2 2 2 2 2
left_child=1 8 3 4 -2 6 -4 -8 9 10 11 13 -13 -1
right_child=2 -3 5 -5 -6 -7 7 -9 -10 -11 -12 12 -14 -15
leaf_value=-0.037990916539211175 -0.018311778123765395 -0.045225455056790646 -0.017422315271042911 -0.013144774514030894 0.052179617716380924 0.042784402073691483 0.034155541044865394 -0.0038325183928724568 0.041393056851202682 -0.046320526015928169 0.046587019941931346 0.024996904558982045 -0.027449371649649251 0.00020933305008763879
leaf_weight=1.7244910150766362 1.1525267288088823 1.7396088838577259 6.7628463581204477 1.5584025830030439 3.3501526042819023 1.2895007841289032 2.8967625163495532 9.3654332086443883 1.1595703996717919 2.0807849988341323 2.7180514540523282 1.2995138466358174 5.9489298611879349 89.208395944908261
leaf_count=16 6 9 32 6 12 8 17 66 6 9 11 4 36 1024
internal_value=-0.000336256 -0.00168196 0.00506579 0.0219796 0.0341363 1.93642e-05 -0.00287921 0.0051416 -0.000954585 -0.00143143 -0.000505706 -0.00180942 -0.0180467 -0.000515113
internal_weight=132.255 105.879 26.3756 6.06108 4.50268 20.3145 19.025 12.2622 104.14 102.98 100.899 98.1813 7.24844 90.9329
internal_count=1262 1115 147 24 18 123 115 83 1106 1100 1091 1080 40 1040
is_linear=0
shrinkage=0.05


Tree=286
num_leaves=15
num_cat=0
split_feature=7 5 2 3 0 2 2 4 4 2 2 2 0 5
split_gain=0.285566 0.93071 0.720845 0.899783 0.745242 0.713121 1.20664 0.940397 1.08037 0.880006 1.76463 1.23874 1.43409 0.796843
threshold=1.0000000180025095e-35 3.5000000000000004 0.88268021286889231 11.500000000000002 48.500000000000007 0.013452509931383172 0.019803921568627456 6.5000000000000009 15.500000000000002 0.12174833635813674 0.12390350877192984 0.14718614718614723 8.5000000000000018 3.5000000000000004
decision_type=2 2 2 2 2 2 2 2 2 2 2 2 2 2
left_child=1 2 3 -1 -5 -2 7 -7 -9 -8 -11 -12 -13 -14
right_child=5 -3 -4 4 -6 6 9 8 -10 10 11 12 13 -15
leaf_value=0.040890408688836442 -0.038354984473949041 -0.038904214605095862 -0.034532394304581583 0.0016775500387918769 0.038987779349598545 0.052346345298740438 -0.027528395760541047 -0.027398779296261305 0.030891366699601786 0.032439758448043997 -0.037075412289433993 0.026574983609609634 -0.0044366681936687559 0.024699275458939574
leaf_weight=1.5090898722410191 1.3174542114138592 1.3958105631172646 1.3270583953708399 130.16672535985708 1.3522913232445706 1.7344469428062428 3.4131620302796355 1.3540081083774569 1.9251309335231779 3.639634206891059 2.6023057475686064 4.1589182242751113 76.814789243973792 2.4206340909004203
leaf_count=6 8 29 33 505 9 5 20 4 8 13 22 14 574 12
internal_value=0.000222992 0.00171389 0.00213587 0.00250166 0.00206118 -0.00181353 -0.0013226 0.0225714 0.00682245 -0.00261003 -0.0016612 -0.00310445 -0.00204439 -0.00354657
internal_weight=235.131 135.751 134.355 133.028 131.519 99.3805 98.063 5.01359 3.27914 93.0494 89.6363 85.9966 83.3943 79.2354
internal_count=1262 582 553 520 514 680 672 17 12 655 635 622 600 586
is_linear=0
shrinkage=0.05


Tree=287
num_leaves=15
num_cat=0
split_feature=1 4 1 1 2 2 3 2 4 0 2 0 0 2
split_gain=0.27543 0.773495 0.569159 0.893388 0.81142 0.57392 1.73934 1.62596 1.80313 0.992249 1.14464 0.751163 0.536819 1.22806
threshold=9.5000000000000018 16.500000000000004 17.500000000000004 16.500000000000004 0.50910294604435624 0.53546277665995989 25.500000000000004 0.42640692640692646 1.5000000000000002 23.500000000000004 0.41123949579831937 32.500000000000007 18.500000000000004 0.43760810476896467
decision_type=2 2 2 2 2 2 2 2 2 2 2 2 2 2
left_child=12 2 3 5 -4 7 -7 8 -2 -10 -11 -9 -1 -14
right_child=1 -3 4 -5 -6 6 -8 11 9 10 -12 -13 13 -15
leaf_value=-0.0015244370198995042 -0.1050293771978969 -0.040747062235355014 -0.04518064309295082 -0.038768007483117276 0.010955009031968594 -0.0034162006617859844 -0.055018528335438383 0.038456975203382031 0.061848900018001265 -0.040249733834845203 0.03661912789483205 -0.0078631735134300964 0.012911160772366656 0.00021375743405319342
leaf_weight=130.12008770741522 0.51960709691048323 1.3782814294099797 0.68908998370170493 1.9863297007977951 9.7808678299188596 14.476665897294881 1.8406296372413624 3.3931622691452503 0.47977918386459384 1.61393228918314 0.69192015379667271 1.1795036420226095 25.159458130598068 78.326847013086081
leaf_count=581 2 18 4 12 59 68 7 20 2 15 6 7 163 298
internal_value=-2.93074e-05 -0.00397536 -0.00259255 -0.00653273 0.00726039 -0.00388634 -0.00923707 0.00719647 -0.0195214 -0.00357155 -0.0171836 0.0265089 0.000613086 0.00330073
internal_weight=271.636 38.0298 36.6515 26.1815 10.47 24.1952 16.3173 7.8779 3.30524 2.78563 2.30585 4.57267 233.606 103.486
internal_count=1262 220 202 139 63 127 75 52 25 23 21 27 1042 461
is_linear=0
shrinkage=0.05


Tree=288
num_leaves=15
num_cat=0
split_feature=3 4 1 0 2 2 5 2 0 3 0 3 4 1
split_gain=0.381635 0.369713 0.699104 0.810592 1.20533 0.910142 0.577243 1.24293 1.84056 1.681 1.07664 1.75415 2.40887 3.181
threshold=55.500000000000007 9.5000000000000018 -12.499999999999998 6.5000000000000009 0.36523199023199027 0.36579089924160352 1.5000000000000002 0.56100478468899528 13.500000000000002 23.500000000000004 22.500000000000004 21.500000000000004 11.500000000000002 -4.4999999999999991
decision_type=2 2 2 2 2 2 2 2 2 2 2 2 2 2
left_child=1 2 -1 -4 -5 -6 -3 8 9 -8 11 -9 -13 -14
right_child=-2 6 3 4 5 -7 7 10 -10 -11 -12 12 13 -15
leaf_value=-0.035130060625443327 -0.033666754388798584 0.007861138893744294 0.047732528598308253 -0.033759837608637988 0.077272206672280408 -0.0016360070495014978 0.12319981162525484 0.0032700192875957396 -0.036026123376325013 -0.00062446424648015348 -0.0066591491883903082 0.10676167585698743 0.066104391256199005 -0.038821073802980166
leaf_weight=1.6479506865143765 0.85260693589225311 28.338105775415897 0.80459990724921127 2.9805875914171329 0.36793601512908836 53.663572956807911 0.29603812098502968 14.433146733790638 5.5092296116054058 3.6974132470786572 15.180603899061678 1.0269673690199845 1.5650825724005701 1.3414787948131559
leaf_count=30 66 314 5 187 1 377 1 74 75 33 79 6 6 8
internal_value=-0.000323398 -0.00010614 -0.00301816 -0.00210288 -0.00280619 -0.00109867 0.00231951 -0.00132833 -0.0172913 0.00855474 0.00319336 0.0113368 0.0409357 0.0176777
internal_weight=131.705 130.853 59.4646 57.8167 57.0121 54.0315 71.3881 43.05 9.50268 3.99345 33.5473 18.3667 3.93353 2.90656
internal_count=1262 1196 600 570 565 378 596 282 109 34 173 94 20 14
is_linear=0
shrinkage=0.05


Tree=289
num_leaves=15
num_cat=0
split_feature=3 2 4 2 4 2 2 4 2 0 0 4 3 4
split_gain=0.279947 0.921994 0.916832 0.708017 1.96662 1.03328 1.26632 1.25223 1.03645 1.4572 2.20577 1.15045 1.11947 1.56014
threshold=15.500000000000002 0.75576441102756908 17.500000000000004 0.73330914368650224 12.500000000000002 0.71764549561520075 0.70638945233265737 8.5000000000000018 0.66904761904761911 12.500000000000002 21.500000000000004 1.5000000000000002 23.500000000000004 13.500000000000002
decision_type=2 2 2 2 2 2 2 2 2 2 2 2 2 2
left_child=2 3 -1 5 -5 6 8 -7 12 -10 -11 -12 13 -2
right_child=1 -3 -4 4 -6 7 -8 -9 9 10 11 -13 -14 -15
leaf_value=-0.0023545264892463561 -0.020300157112781936 0.026460152551804735 -0.044219352154878419 -0.036051259281941479 0.034460048488663582 0.055628604151955391 -0.029723107719689348 0.0040315448461360395 -0.047687185842114073 0.056486114726114978 0.052188473443725583 -0.0016705135630970807 0.0012142951042245411 0.0069927450011248423
leaf_weight=13.752162833698092 14.711796743795277 3.4145946353673926 1.4452011855319131 3.8574355989694586 1.3297770619392393 1.8632526770234097 3.4817318543791762 3.1876500323414803 0.85811298340558906 3.0026712417602521 1.1609269753098486 6.7938780710101128 167.30148693453521 8.1293934211134893
leaf_count=120 107 11 10 14 5 6 15 12 4 9 4 28 882 35
internal_value=0.000226691 0.00068189 -0.00633568 0.000273772 -0.0179752 0.000723489 0.000174194 0.0230654 0.000689619 0.0150586 0.0199724 0.00618969 -0.000203277 -0.0105864
internal_weight=234.29 219.093 15.1974 215.678 5.18721 210.491 205.44 5.0509 201.958 11.8156 10.9575 7.95481 190.143 22.8412
internal_count=1262 1132 130 1121 19 1102 1084 18 1069 45 41 32 1024 142
is_linear=0
shrinkage=0.05


Tree=290
num_leaves=15
num_cat=0
split_feature=2 2 3 2 1 3 5 1 4 0 7 1 1 2
split_gain=0.272233 0.789291 0.6322 0.953076 1.78603 1.85166 1.75559 1.51983 1.45248 1.22925 1.73952 1.07975 1.079 1.02471
threshold=0.66134305835010065 0.66431924882629112 24.500000000000004 0.62828947368421062 -12.499999999999998 18.500000000000004 1.5000000000000002 -4.4999999999999991 10.500000000000002 26.500000000000004 1.0000000180025095e-35 -2.4999999999999996 14.500000000000002 0.58530997304582222
decision_type=2 2 2 2 2 2 2 2 2 2 2 2 2 2
left_child=2 -2 3 6 -5 7 12 -6 -8 10 -10 -7 13 -1
right_child=1 -3 -4 4 5 11 8 -9 9 -11 -12 -13 -14 -15
leaf_value=0.0023468607711829739 -0.039900414038035459 -0.0024257388774049263 -0.00052411054555129798 0.02092955397886501 -0.030426689233763977 -0.062221231013335633 0.04226582075018296 0.041813017224264143 -0.023813616841457282 0.048736581317995964 0.030121033035520065 -0.017364211460610481 0.022994557856111535 -0.035182017901193283
leaf_weight=4.4507829546928424 1.4545976221561421 41.275481237098575 190.40544626116753 4.6577573120594016 1.1851677596569063 2.1443194746971121 6.1492864638566953 1.8878618329763392 3.4673842042684555 1.5956496894359586 2.6280665248632431 3.5833770111203203 2.8804097548127174 3.0759498700499535
leaf_count=16 8 242 856 28 4 7 26 8 11 5 9 14 15 13
internal_value=-3.88356e-05 -0.00370143 0.000647246 0.00656229 -0.0041077 -0.0173586 0.0124846 0.0139525 0.0241511 0.00966775 -0.000559578 -0.0341577 -0.00303052 -0.0129901
internal_weight=270.842 42.7301 228.111 37.706 13.4585 8.80073 24.2475 3.07303 13.8404 7.6911 6.09545 5.7277 10.4071 7.52673
internal_count=1262 250 1012 156 61 33 95 12 51 25 20 21 44 29
is_linear=0
shrinkage=0.05


Tree=291
num_leaves=15
num_cat=0
split_feature=3 3 2 2 3 2 1 0 0 1 1 0 3 6
split_gain=0.368678 0.352742 1.30127 0.984045 0.663411 1.4902 1.82293 0.562897 0.576536 0.413083 1.45618 1.33803 1.06372 1.36286
threshold=55.500000000000007 51.500000000000007 0.27207792207792209 0.27346041055718479 42.500000000000007 0.1937134502923977 -9.4999999999999982 17.500000000000004 15.500000000000002 -10.499999999999998 -6.4999999999999991 11.500000000000002 27.500000000000004 1.0000000180025095e-35
decision_type=2 2 2 2 2 2 2 2 2 2 2 2 2 2
left_child=1 2 4 -4 5 6 -1 8 -3 11 -11 12 13 -5
right_child=-2 7 3 9 -6 -7 -8 -9 -10 10 -12 -13 -14 -15
leaf_value=-0.035310136580361057 -0.03365569321384184 0.0086846147313592251 0.07880047651734115 -0.02130151326545815 -0.034122501286644437 -0.034717685817076856 0.12000165472886559 -0.034577991080540736 0.049755887738046428 -0.027646543594707786 0.00050241585224411413 0.045371032445264081 0.026345793273449093 0.046142530846783339
leaf_weight=0.32554138358682394 0.82480565365403791 5.3375693876296273 0.39927873574197192 5.0022607129067165 4.254604117013514 1.1585537744686005 0.45021487772464652 0.62203256040811528 1.0173125527799127 4.8127769883722058 101.27063067164272 2.0944676883518687 2.7763055711984634 0.88095425441861142
leaf_count=8 66 39 4 43 159 47 4 17 10 52 781 10 15 7
internal_value=-0.000332339 -0.000121566 -0.000739846 0.000439731 -0.0230846 0.00119387 0.054826 0.0108162 0.0152595 0.000171941 -0.000774642 0.00950958 0.000835809 -0.0112024
internal_weight=131.227 130.403 123.426 117.237 6.18891 1.93431 0.775756 6.97691 6.35488 116.837 106.083 10.754 8.65952 5.88321
internal_count=1262 1196 1130 912 218 59 12 66 49 908 833 75 65 50
is_linear=0
shrinkage=0.05


Tree=292
num_leaves=15
num_cat=0
split_feature=7 5 2 4 5 2 1 3 4 0 3 0 2 0
split_gain=0.273486 0.888968 0.720437 1.71311 0.956962 1.52415 1.28636 0.758548 1.31387 1.11597 1.4403 0.800751 0.728695 1.26454
threshold=1.0000000180025095e-35 3.5000000000000004 0.019237883832778396 13.500000000000002 1.5000000000000002 0.35924528301886799 -13.499999999999998 46.500000000000007 6.5000000000000009 18.500000000000004 37.500000000000007 11.500000000000002 0.3984126984126985 23.500000000000004
decision_type=2 2 2 2 2 2 2 2 2 2 2 2 2 2
left_child=1 2 3 -1 5 6 -4 9 -9 10 -8 -12 -7 -14
right_child=-2 -3 4 -5 -6 12 7 8 -10 -11 11 -13 13 -15
leaf_value=0.01286616048036541 -0.0017771939999010171 -0.03877728870628025 0.042090422326846566 -0.054671492590860599 -0.0010784340621899789 0.046892734081455861 0.045424120020639988 0.044120063191248088 0.0027277866679398556 -0.037172629706587065 -0.033551691168707813 -0.0011715215930742577 -0.035911714940161231 0.021104910993093862
leaf_weight=1.9605644717812531 98.785384693183005 1.3439764361828554 1.9666571170091618 1.8018481433391569 72.927186363376677 2.3174209967255583 1.444077461957934 2.1081083342433002 21.162987887859344 2.6640501469373694 2.3589502424001685 10.017154365777968 1.0587886869907368 11.926689432933925
leaf_count=10 680 29 8 7 305 10 5 11 65 9 9 29 3 82
internal_value=0.000222157 0.00168454 0.00209122 -0.0194781 0.0027157 0.0075679 0.00261731 0.000664618 0.00647748 -0.0075415 -0.00182965 -0.00734335 0.0210652 0.016456
internal_weight=233.844 135.058 133.714 3.76241 129.952 57.0249 41.722 39.7553 23.2711 16.4842 13.8202 12.3761 15.3029 12.9855
internal_count=1262 582 553 17 536 231 136 128 76 52 43 38 95 85
is_linear=0
shrinkage=0.05


Tree=293
num_leaves=15
num_cat=0
split_feature=3 2 2 4 2 2 1 2 3 4 4 1 2 4
split_gain=0.255599 1.58502 0.680232 0.922074 1.96985 1.40016 1.50876 0.837591 1.13018 0.706091 0.667037 0.549906 1.56413 1.42141
threshold=49.500000000000007 0.14017543859649126 0.29478609625668456 8.5000000000000018 0.28119594761551775 0.25602240896358547 2.5000000000000004 0.22832080200501256 69.500000000000014 19.500000000000004 3.5000000000000004 -13.499999999999998 0.017700501253132835 13.500000000000002
decision_type=2 2 2 2 2 2 2 2 2 2 2 2 2 2
left_child=1 -1 3 7 5 6 9 8 -2 11 -9 12 13 -5
right_child=2 -3 -4 4 -6 -7 -8 10 -10 -11 -12 -13 -14 -15
leaf_value=0.029835587180649943 -0.038310189506179981 5.2736948101064777e-05 0.034645405117925583 -0.02025509947539823 -0.059562225002330105 0.043351464675795898 -0.046660783450630912 0.038455558834127601 0.011274299462644249 -0.020921695875387704 -0.01541101333825913 0.0085444766748710727 -0.025710869965518818 0.059630203408751303
leaf_weight=4.5595275908708564 5.2989506125450117 220.78152435086668 1.1403988376259793 0.97262287139892878 1.3671016842126835 1.9003669172525395 1.6997371613979328 0.98445037007331881 1.4674526602029798 3.0705856233835211 1.3808263987302778 19.950383178889759 4.3361286967992783 1.3025596588850019
leaf_count=30 21 1046 7 5 5 9 6 6 8 11 8 78 16 6
internal_value=-3.08577e-05 0.00065536 -0.00347698 -0.00447112 -0.000741213 0.00167854 -0.000849025 -0.0186035 -0.0275566 0.00177878 0.00700876 0.004403 -0.00809436 0.0254799
internal_weight=270.213 225.341 44.8716 43.7312 34.5995 33.2324 31.332 9.13168 6.7664 29.6323 2.36528 26.5617 6.61131 2.27518
internal_count=1262 1076 186 179 136 131 122 43 29 116 14 105 27 11
is_linear=0
shrinkage=0.05


Tree=294
num_leaves=15
num_cat=0
split_feature=2 2 2 4 4 4 2 2 2 2 2 2 1 3
split_gain=0.366503 1.27251 0.815681 0.920842 0.905772 1.58016 0.79081 1.23214 0.771338 1.60469 2.25555 0.780756 1.05662 0.927202
threshold=0.73330914368650224 0.7231800766283526 0.75576441102756908 17.500000000000004 12.500000000000002 3.5000000000000004 0.82497911445279881 0.93968253968253979 0.71880405238448242 0.71563342318059309 0.7076149425287358 0.67890835579514841 -10.499999999999998 18.500000000000004
decision_type=2 2 2 2 2 2 2 2 2 2 2 2 2 2
left_child=1 8 4 6 5 -2 -4 -8 9 10 11 13 -13 -1
right_child=2 -3 3 -5 -6 -7 7 -9 -10 -11 -12 12 -14 -15
leaf_value=-0.037675614744388457 -0.018230047065989224 -0.044693465477914751 -0.016438103272608223 0.042087439642575199 -0.012147909798531774 0.04980559002379234 0.033836818600827066 -0.0037922067718007737 0.039509130722686213 -0.045732573485571991 0.044412113901438149 0.023267450314895601 -0.026791075282121064 0.00019244376836102667
leaf_weight=1.646548120304941 1.1457300484180475 1.687889665365218 6.660053037106997 1.2285951115190972 1.5253023058176038 3.3451601006090641 2.838717706501483 9.311312582343815 1.1660957485437382 2.0000894218683234 2.7193823158740988 1.2875463962554929 5.815431145951151 88.496403570752591
leaf_count=16 6 9 32 8 6 12 17 66 6 9 11 4 36 1024
internal_value=-0.000311333 -0.00163052 0.00499577 0.00014834 0.0211416 0.0324481 -0.00259094 0.00499939 -0.000925732 -0.00138815 -0.000500917 -0.00175686 -0.017717 -0.000499253
internal_weight=130.874 104.819 26.0549 20.0387 6.01619 4.49089 18.8101 12.15 103.131 101.965 99.9653 97.2459 7.10298 90.143
internal_count=1262 1115 147 123 24 18 115 83 1106 1100 1091 1080 40 1040
is_linear=0
shrinkage=0.05


Tree=295
num_leaves=15
num_cat=0
split_feature=3 4 2 4 4 2 1 1 5 2 4 3 3 1
split_gain=0.266358 0.873932 0.864699 0.678076 0.885179 1.11424 1.37373 0.809508 0.555348 1.00501 0.44648 1.67814 1.50723 1.52505
threshold=15.500000000000002 17.500000000000004 0.75857142857142867 4.5000000000000009 7.5000000000000009 0.79288856304985345 3.5000000000000004 13.500000000000002 2.5000000000000004 0.95584415584415605 16.500000000000004 43.500000000000007 24.500000000000004 2.5000000000000004
decision_type=2 2 2 2 2 2 2 2 2 2 2 2 2 2
left_child=1 3 10 -1 7 -6 8 -5 -7 -10 -2 12 -12 -14
right_child=2 -3 -4 4 5 6 -8 -9 9 -11 11 -13 13 -15
leaf_value=-0.028503269956858653 -0.0007529404573109478 -0.043789621372368179 0.034365139829683519 0.041745149929534639 -0.038205720945528349 0.043843458127662348 -0.030219181571123122 -0.020278728532866334 -0.021261924825796457 0.034803905516405269 -0.0031917691158769787 -0.0061981393265389947 0.015835441373198669 0.057004688872653489
leaf_weight=2.1003915229812256 174.18964372575283 1.4033759981393803 1.8858861923217762 2.1519490201026197 2.0077717788517457 1.523712273687124 2.0258054984733462 0.69628445245325554 1.576473727822304 1.6213838458061216 8.2593637555837649 18.588779404759407 12.223009467124937 2.756798828020691
leaf_count=28 955 10 6 16 9 7 32 5 7 16 30 81 46 14
internal_value=0.000210145 -0.00621016 0.000655261 -0.00236172 0.00237031 -0.00550649 0.00422361 0.0265827 0.0190014 0.00716468 0.000360966 0.00499975 0.0139568 0.023412
internal_weight=233.011 15.1071 217.903 13.7038 11.6034 8.75515 6.74738 2.84823 4.72157 3.19786 216.018 41.828 23.2392 14.9798
internal_count=1262 130 1132 120 92 71 62 21 30 23 1126 171 90 60
is_linear=0
shrinkage=0.05


Tree=296
num_leaves=15
num_cat=0
split_feature=2 2 4 5 0 4 2 2 4 4 3 0 3 3
split_gain=0.259985 0.634527 0.544494 0.606866 0.639131 0.512335 0.861261 0.709267 0.648262 0.593596 0.743154 0.670956 0.5605 0.52779
threshold=0.72703081232493005 0.72111111111111115 15.500000000000002 1.5000000000000002 48.500000000000007 2.5000000000000004 0.75576441102756908 0.82497911445279881 9.5000000000000018 5.5000000000000009 2.5000000000000004 28.500000000000004 14.500000000000002 16.500000000000004
decision_type=2 2 2 2 2 2 2 2 2 2 2 2 2 2
left_child=1 -1 3 -2 5 13 -7 12 9 11 -11 -9 -8 -5
right_child=2 -3 -4 4 -6 6 7 8 -10 10 -12 -13 -14 -15
leaf_value=0.00017469527279132213 -0.035986723007896952 0.0290455681487055 -0.034900024629595024 0.040481480389346916 0.04278332357430125 -0.037711554792807619 0.033852562529957587 -0.052934895013518092 -0.038676336891587004 -0.018805325877592247 0.031763801216713815 0.013126630730667178 -0.0029829446379263558 -0.0026035257521857501
leaf_weight=248.63456732407212 1.306952815502888 1.9178189765661944 1.471090355888008 1.255633581429721 0.80786250531673509 1.9570993445813645 1.9658530503511409 0.97566551901400067 1.6854455992579458 1.2432828694581988 1.7479413300752638 0.63419778645038605 2.1756541840732098 1.6381330937147138
leaf_count=1103 20 9 31 8 5 15 7 8 23 8 7 4 9 5
internal_value=-3.05116e-05 0.000395683 -0.00569101 -0.00322063 -0.000558579 -0.00285026 -0.00727596 -0.00156391 -0.0121478 -0.00243007 0.0107451 -0.0269103 0.0145018 0.0160915
internal_weight=269.417 250.552 18.8648 17.3937 16.0868 15.2789 12.3851 10.428 6.28653 4.60109 2.99122 1.60986 4.14151 2.89377
internal_count=1262 1112 150 119 99 94 81 66 50 27 15 12 16 13
is_linear=0
shrinkage=0.05


Tree=297
num_leaves=15
num_cat=0
split_feature=3 3 0 1 4 4 0 4 4 2 1 1 3 4
split_gain=0.359587 1.22867 0.756551 1.2613 0.875644 0.778237 1.23115 0.621032 1.37181 1.10504 0.813179 1.2987 1.28513 0.715806
threshold=30.500000000000004 32.500000000000007 28.500000000000004 3.5000000000000004 1.5000000000000002 11.500000000000002 35.500000000000007 4.5000000000000009 5.5000000000000009 0.40877080665813065 -2.4999999999999996 -8.4999999999999982 47.500000000000007 8.5000000000000018
decision_type=2 2 2 2 2 2 2 2 2 2 2 2 2 2
left_child=-1 -2 3 7 -4 6 -6 -3 9 -9 11 -10 13 -12
right_child=1 2 4 -5 5 -7 -8 8 10 -11 12 -13 -14 -15
leaf_value=0.0011668834530987708 -0.038777304181984586 -0.034045602177513283 0.064466253325014669 -0.034796579406658555 -0.036457713644937127 0.03920504573057064 0.019431397925124487 0.026734419874273024 0.0014792706752509888 0.14357044892074541 0.028507087298418329 -0.034347049978226372 0.034194422494853584 -0.034381235282022547
leaf_weight=98.803949296474457 2.4764230130240348 1.3571681026369429 0.74136171117424865 3.3125217631459227 1.7259516138583419 1.3597803823649881 2.2964031249284744 0.83224878087640053 8.0048002535477405 0.26740390062332153 0.64209438394753826 3.6982152322307238 3.1413423013873398 1.5321934558451173
leaf_count=594 49 73 4 110 25 9 8 18 132 1 16 135 44 44
internal_value=-0.000314181 -0.00497633 -0.00208109 -0.00627386 0.0135219 0.00650454 -0.00455005 -0.00142252 0.00102114 0.0551456 -0.00247608 -0.00984204 0.013741 -0.0158095
internal_weight=130.192 31.3879 28.9115 22.788 6.1235 5.38214 4.02235 19.4755 18.1183 1.09965 17.0186 11.703 5.31563 2.17429
internal_count=1262 668 619 573 46 42 33 463 390 19 371 267 104 60
is_linear=0
shrinkage=0.05


Tree=298
num_leaves=15
num_cat=0
split_feature=7 3 1 4 0 0 5 2 0 2 2 2 0 3
split_gain=0.273512 0.85273 0.740974 0.967814 0.774615 1.06085 1.54745 1.44098 0.802346 1.30189 0.68007 1.08388 0.670645 1.08782
threshold=1.0000000180025095e-35 8.5000000000000018 7.5000000000000009 3.5000000000000004 21.500000000000004 23.500000000000004 1.5000000000000002 0.7231800766283526 40.500000000000007 0.68989800874210794 0.013452509931383172 0.017700501253132835 8.5000000000000018 53.500000000000007
decision_type=2 2 2 2 2 2 2 2 2 2 2 2 2 2
left_child=1 -1 -3 -4 -5 -6 8 -8 -7 -10 -2 -12 13 -13
right_child=10 2 3 4 5 6 7 -9 9 -11 11 12 -14 -15
leaf_value=-0.034300403146420813 -0.038117863188201644 0.00063062775868593485 0.043792222346314656 0.054305077619329303 -0.0345978858326828 0.036565214873540537 -0.033007425571853675 0.014914867345676004 -0.033667266803653603 0.037724441081526693 0.077452644094166023 0.010690504271393121 -0.0036379227423876102 -0.036621419186330953
leaf_weight=1.6270533483475436 1.2719360962510098 114.46298490092158 2.0581228509545353 0.83369472622871654 1.5357779264450062 4.8735541775822622 3.1386562660336494 3.1358912438154221 1.2792830541729929 1.2750609368085859 0.43474773317575355 16.272672280669216 79.029083935543895 1.3129647523164738
leaf_count=56 8 423 12 3 5 44 12 11 6 10 3 68 590 11
internal_value=0.00020907 0.00167672 0.0021182 0.0115099 0.00737592 0.00480839 0.00922507 -0.00905684 0.0246683 0.00196958 -0.00179445 -0.00131839 -0.00167284 0.00715814
internal_weight=232.541 134.22 132.593 18.13 16.0719 15.2382 13.7024 6.27455 7.4279 2.55434 98.3214 97.0495 96.6147 17.5856
internal_count=1262 582 526 103 91 88 83 23 60 16 680 672 669 79
is_linear=0
shrinkage=0.05


Tree=299
num_leaves=15
num_cat=0
split_feature=2 2 1 2 2 4 5 4 3 2 3 3 2 2
split_gain=0.254392 0.762317 0.570334 0.666397 0.87958 0.66829 0.651251 0.883868 2.38229 0.831549 1.1353 0.940371 0.81264 1.00055
threshold=0.66134305835010065 0.66431924882629112 -1.4999999999999998 0.68090909090909102 0.69669913419913432 18.500000000000004 1.5000000000000002 4.5000000000000009 19.500000000000004 0.7421798631476052 18.500000000000004 16.500000000000004 0.72703081232493005 0.75576441102756908
decision_type=2 2 2 2 2 2 2 2 2 2 2 2 2 2
left_child=-1 -2 3 -3 -5 -6 -4 8 9 10 -8 -11 -9 -14
right_child=1 2 6 4 5 -7 7 12 -10 11 -12 -13 13 -15
leaf_value=0.0006341596717637499 -0.039665580099585943 -0.046976276962929921 -0.017334087415653454 0.048353412079942676 -0.017663589955374422 0.036052943691547865 0.048713885635951748 0.021176250336502465 -0.043102031342432047 0.0085066492786534751 -0.0020436299280843107 -0.049984130716556538 -0.037215064981253904 0.0079382639116659919
leaf_weight=226.77254931628704 1.4156874865293492 1.2696726769208888 4.2677821181714561 0.63770759105682362 6.5532182995229959 0.63513135910034169 2.0860095024108904 8.9026449806988257 3.2708539292216301 1.9432454630732539 2.3346496820449829 1.0631054788827894 1.528389524668454 6.2191188987344503
leaf_count=1012 8 5 44 2 55 4 7 30 14 12 8 4 13 44
internal_value=-2.86861e-05 -0.00359681 -0.00234257 -0.013376 -0.00792477 -0.0129174 0.00083169 0.00366654 -0.00754748 0.00811074 0.0219077 -0.0121769 0.0108716 -0.000969358
internal_weight=268.9 42.1272 40.7115 9.09573 7.82606 7.18835 31.6158 27.348 10.6979 7.42701 4.42066 3.00635 16.6502 7.74751
internal_count=1262 250 242 66 61 59 176 132 45 31 15 16 87 57
is_linear=0
shrinkage=0.05


end of trees

feature_importances:
race_frac=1216
laps_left=707
position=637
tire_age=602
age_vs_typical=404
stint=319
comp_medium=151
comp_soft=82
comp_hard=82

parameters:
[boosting: gbdt]
[objective: multiclass]
[metric: multi_logloss]
[tree_learner: serial]
[device_type: cpu]
[data_sample_strategy: bagging]
[data: ]
[valid: ]
[num_iterations: 100]
[learning_rate: 0.05]
[num_leaves: 15]
[num_threads: 14]
[seed: 0]
[deterministic: 0]
[force_col_wise: 0]
[force_row_wise: 0]
[histogram_pool_size: -1]
[max_depth: -1]
[min_data_in_leaf: 5]
[min_sum_hessian_in_leaf: 0.001]
[bagging_fraction: 1]
[pos_bagging_fraction: 1]
[neg_bagging_fraction: 1]
[bagging_freq: 0]
[bagging_seed: 3]
[bagging_by_query: 0]
[feature_fraction: 1]
[feature_fraction_bynode: 1]
[feature_fraction_seed: 2]
[extra_trees: 0]
[extra_seed: 6]
[early_stopping_round: 0]
[early_stopping_min_delta: 0]
[first_metric_only: 0]
[max_delta_step: 0]
[lambda_l1: 0]
[lambda_l2: 0]
[linear_lambda: 0]
[min_gain_to_split: 0]
[drop_rate: 0.1]
[max_drop: 50]
[skip_drop: 0.5]
[xgboost_dart_mode: 0]
[uniform_drop: 0]
[drop_seed: 4]
[top_rate: 0.2]
[other_rate: 0.1]
[min_data_per_group: 100]
[max_cat_threshold: 32]
[cat_l2: 10]
[cat_smooth: 10]
[max_cat_to_onehot: 4]
[top_k: 20]
[monotone_constraints: ]
[monotone_constraints_method: basic]
[monotone_penalty: 0]
[feature_contri: ]
[forcedsplits_filename: ]
[refit_decay_rate: 0.9]
[cegb_tradeoff: 1]
[cegb_penalty_split: 0]
[cegb_penalty_feature_lazy: ]
[cegb_penalty_feature_coupled: ]
[path_smooth: 0]
[interaction_constraints: ]
[verbosity: -1]
[saved_feature_importance_type: 0]
[use_quantized_grad: 0]
[num_grad_quant_bins: 4]
[quant_train_renew_leaf: 0]
[stochastic_rounding: 1]
[linear_tree: 0]
[max_bin: 255]
[max_bin_by_feature: ]
[min_data_in_bin: 3]
[bin_construct_sample_cnt: 200000]
[data_random_seed: 1]
[is_enable_sparse: 1]
[enable_bundle: 1]
[use_missing: 1]
[zero_as_missing: 0]
[feature_pre_filter: 1]
[pre_partition: 0]
[two_round: 0]
[header: 0]
[label_column: ]
[weight_column: ]
[group_column: ]
[ignore_column: ]
[categorical_feature: ]
[forcedbins_filename: ]
[precise_float_parser: 0]
[parser_config_file: ]
[objective_seed: 5]
[num_class: 3]
[is_unbalance: 0]
[scale_pos_weight: 1]
[sigmoid: 1]
[boost_from_average: 1]
[reg_sqrt: 0]
[alpha: 0.9]
[fair_c: 1]
[poisson_max_delta_step: 0.7]
[tweedie_variance_power: 1.5]
[lambdarank_truncation_level: 30]
[lambdarank_norm: 1]
[label_gain: ]
[lambdarank_position_bias_regularization: 0]
[eval_at: ]
[multi_error_top_k: 1]
[auc_mu_weights: ]
[num_machines: 1]
[local_listen_port: 12400]
[time_out: 120]
[machine_list_filename: ]
[machines: ]
[gpu_platform_id: -1]
[gpu_device_id: -1]
[gpu_use_dp: 0]
[num_gpu: 1]

end of parameters

pandas_categorical:[]
